container_id,container_type,material,weight_kg,age_months,usage_count,damage_level,structural_condition,cleanliness_score,contamination,repair_required,repair_cost,refurbishment_cost,resale_value,recycling_value,disposal_cost,carbon_repair,carbon_refurbish,carbon_resell,carbon_recycle,carbon_dispose,recyclable,safety_risk,location,sensor_available,network_available,inspection_completeness,final_disposition
CON-100000,Box,Cardboard,1.64,16,18,None,Safe,76.1,Chemical,False,0.0,7.64,13.01,0.12,13.53,3.2,1.21,0.03,0.66,1.97,True,Medium,Facility D,True,True,1.0,Resell
CON-100001,Tote,Plastic,6.15,46,112,High,,70.99,None,True,20.23,21.55,0.0,1.11,6.54,2.24,2.34,0.12,6.39,19.18,True,High,Hub B,False,True,1.0,Recycle
CON-100002,Pallet,Plastic,5.05,25,19,None,Safe,78.09,None,False,0.0,12.69,37.79,1.06,6.26,3.61,2.06,0.1,5.25,15.74,True,Low,Terminal E,True,True,1.0,Resell
CON-100003,Tote,Plastic,6.19,46,32,None,Safe,70.41,Organic,False,0.0,13.64,20.89,1.33,6.55,3.74,2.35,0.12,6.43,19.3,True,Low,Warehouse A,False,True,1.0,Resell
CON-100004,Pallet,Plastic,5.65,43,55,Medium,Minor Damage,70.73,None,True,10.92,17.39,21.49,1.05,6.41,1.18,2.21,0.11,5.88,17.64,True,Medium,Facility D,True,False,1.0,Resell
CON-100005,Box,Cardboard,1.69,52,75,None,Safe,83.01,Chemical,False,0.0,12.3,5.36,0.14,13.56,3.2,1.22,0.03,0.68,2.03,True,Medium,Depot C,True,True,1.0,Resell
CON-100006,Drum,Metal,27.18,16,43,Medium,Moderate Damage,68.99,None,True,24.8,26.95,89.18,13.21,11.79,3.76,7.59,0.54,59.79,179.38,True,Medium,Hub B,False,True,1.0,Resell
CON-100007,Pallet,Wood,22.34,28,64,Low,Minor Damage,75.75,None,False,2.53,17.54,32.54,0.0,10.58,5.68,6.38,0.45,3.57,10.72,False,Low,Terminal E,True,True,1.0,Resell
CON-100008,Crate,Metal,28.08,19,34,None,Safe,93.1,None,False,0.0,16.43,62.0,14.66,12.02,6.37,7.82,0.56,61.78,185.34,True,Low,Terminal E,True,False,1.0,Resell
CON-100009,Crate,Metal,30.09,13,12,Low,Safe,81.42,None,False,4.05,15.99,71.45,13.54,12.52,6.61,8.32,0.6,66.2,198.61,True,Low,Depot C,False,True,1.0,Resell
CON-100010,Crate,Wood,16.46,57,125,High,Moderate Damage,72.43,None,True,29.8,28.64,14.36,0.0,9.12,3.48,4.92,0.33,2.63,7.9,False,Medium,Terminal E,True,True,1.0,Resell
CON-100011,Pallet,Plastic,6.07,39,69,Low,Safe,58.33,None,False,2.69,20.65,24.8,1.26,6.52,3.73,2.32,0.12,6.31,18.93,True,Low,Facility D,True,True,1.0,Resell
CON-100012,Pallet,Wood,16.51,2,4,Low,Safe,81.55,None,False,2.71,10.67,43.81,0.0,9.13,4.98,4.93,0.33,2.64,7.93,False,Low,Warehouse A,True,True,1.0,Resell
CON-100013,Box,Cardboard,1.37,32,36,None,Safe,71.1,None,False,0.0,10.19,9.82,0.11,5.34,3.16,1.14,0.03,0.55,1.64,True,Low,Hub B,False,True,1.0,Resell
CON-100014,Drum,Plastic,5.82,30,92,Medium,Minor Damage,61.4,None,True,20.14,32.99,67.92,1.14,6.45,1.2,2.25,0.12,6.05,18.15,True,Medium,Depot C,True,True,1.0,Resell
CON-100015,Pallet,Plastic,5.24,30,37,Low,Safe,79.31,None,False,2.55,14.3,33.56,0.95,6.31,3.63,2.11,0.1,5.45,16.35,True,Low,Terminal E,True,True,1.0,Resell
CON-100016,Pallet,Plastic,5.97,14,43,None,Safe,86.46,Chemical,False,0.0,13.83,34.85,1.17,16.23,3.72,2.29,0.12,6.2,18.61,True,Medium,Facility D,True,True,1.0,Resell
CON-100017,Tote,Plastic,5.17,19,21,High,Moderate Damage,78.42,None,True,19.79,11.34,30.98,0.94,6.29,2.12,2.09,0.1,5.38,16.14,True,Medium,Terminal E,False,False,1.0,Resell
CON-100018,Box,Cardboard,1.71,5,11,None,Safe,85.69,None,False,0.0,5.5,15.15,0.14,5.43,3.21,1.23,0.03,0.68,2.05,True,Low,Terminal E,True,False,1.0,Resell
CON-100019,Tote,Plastic,7.04,14,35,Low,Minor Damage,85.84,None,False,2.14,11.62,30.94,1.35,6.76,3.85,2.56,0.14,7.33,21.98,True,Low,Depot C,True,True,1.0,Resell
CON-100020,Box,Cardboard,1.52,33,42,None,Safe,65.17,None,False,0.0,11.67,9.46,0.12,5.38,3.18,1.18,0.03,0.61,1.83,True,Low,Hub B,False,False,1.0,Resell
CON-100021,Tote,Plastic,6.4,36,50,None,Safe,61.83,Organic,False,0.0,16.73,20.02,1.18,6.6,3.77,2.4,0.13,6.66,19.98,True,Low,Warehouse A,True,True,1.0,Resell
CON-100022,Crate,Wood,21.5,55,71,Low,Minor Damage,78.27,None,False,3.28,22.36,26.65,0.0,10.37,5.58,6.17,0.43,3.44,10.32,False,Low,Facility D,True,True,0.81,Resell
CON-100023,Crate,Wood,21.93,36,94,Low,Safe,77.84,None,False,4.31,24.72,39.38,0.0,10.48,5.63,6.28,0.44,3.51,10.53,False,Low,Hub B,True,True,1.0,Resell
CON-100024,Pallet,Wood,18.47,58,191,Medium,Minor Damage,34.83,None,True,9.0,36.38,4.71,0.0,9.62,2.72,5.42,0.37,2.95,8.86,False,Medium,Warehouse A,True,False,1.0,Resell
CON-100025,Tote,Plastic,7.02,16,49,High,Moderate Damage,63.76,None,True,19.7,16.34,26.86,1.36,6.76,2.34,2.56,0.14,7.3,21.91,True,Medium,Facility D,True,True,1.0,Resell
CON-100026,Drum,Metal,34.3,15,16,High,Unsafe,86.31,Organic,True,62.02,21.65,0.0,16.2,13.58,5.62,9.38,0.69,75.47,226.4,True,High,Hub B,False,True,1.0,Recycle
CON-100027,Box,Plastic,5.64,33,56,Medium,Moderate Damage,60.62,Organic,True,3.56,13.76,7.73,1.06,6.41,1.18,2.21,0.11,5.87,17.61,True,Medium,Depot C,True,True,1.0,Resell
CON-100028,Crate,Plastic,6.25,33,27,None,Safe,86.96,None,False,0.0,16.66,51.34,1.13,6.56,3.75,2.36,0.13,6.51,19.52,True,Low,Terminal E,True,True,1.0,Resell
CON-100029,Crate,Metal,27.77,55,48,None,Safe,75.19,None,False,0.0,20.52,29.27,13.4,11.94,6.33,7.74,0.56,61.09,183.26,True,Low,Depot C,True,True,1.0,Resell
CON-100030,Pallet,Plastic,5.77,54,27,None,Safe,88.29,None,False,0.0,11.96,21.46,1.18,6.44,3.69,2.24,0.12,6.01,18.02,True,Low,Depot C,False,True,1.0,Resell
CON-100031,Drum,Metal,31.91,19,38,Medium,Moderate Damage,,None,True,21.45,23.36,96.04,15.35,12.98,4.33,8.78,0.64,70.19,210.58,True,Medium,Hub B,True,True,1.0,Resell
CON-100032,Tote,Plastic,5.89,57,136,Medium,Minor Damage,51.25,None,True,7.68,26.91,6.17,1.1,6.47,1.21,2.27,0.12,6.13,18.39,True,Medium,Warehouse A,True,True,1.0,Resell
CON-100033,Tote,Plastic,4.92,16,52,None,Safe,75.91,None,False,0.0,14.81,31.21,1.02,6.23,3.59,2.03,0.1,5.12,15.35,True,Low,Terminal E,True,True,1.0,Resell
CON-100034,Tote,Plastic,6.79,36,66,None,Safe,64.49,Hazardous,False,0.0,17.93,0.0,0.0,40.19,3.82,2.5,0.14,7.07,21.2,False,High,Depot C,True,True,1.0,Dispose
CON-100035,Tote,Plastic,6.3,18,32,Medium,Moderate Damage,86.57,None,True,9.26,11.22,29.25,1.16,6.58,1.26,2.38,0.13,6.56,19.67,True,Medium,Hub B,True,True,1.0,Resell
CON-100036,Box,Plastic,5.78,35,66,None,Safe,80.59,None,False,0.0,11.76,7.65,1.25,6.44,3.69,2.24,0.12,6.01,18.03,True,Low,Terminal E,True,False,1.0,Refurbish
CON-100037,Crate,Plastic,6.85,54,94,Medium,Minor Damage,66.55,None,True,15.91,26.42,20.77,1.34,6.71,1.32,2.51,0.14,7.12,21.37,True,Medium,Facility D,True,True,1.0,Resell
CON-100038,Tote,Plastic,6.98,38,83,High,Moderate Damage,80.88,None,True,20.64,17.17,17.9,1.31,6.74,2.34,2.54,0.14,7.26,21.77,True,Medium,Depot C,False,True,1.0,Resell
CON-100039,Drum,Plastic,6.6,54,95,Low,Safe,66.89,None,False,4.93,32.47,34.01,1.44,6.65,3.79,2.45,0.13,6.87,20.61,True,Low,Hub B,True,True,1.0,Resell
CON-100040,Pallet,Wood,20.97,16,14,Medium,Minor Damage,80.28,None,True,10.8,11.86,38.31,0.0,10.24,3.02,6.04,0.42,3.36,10.07,False,Medium,Depot C,True,False,1.0,Resell
CON-100041,Box,Cardboard,1.78,7,15,None,Safe,79.73,None,False,0.0,6.79,14.6,0.14,5.44,3.21,1.24,0.04,0.71,2.13,True,Low,Hub B,True,False,1.0,Resell
CON-100042,Box,Plastic,6.84,39,113,Medium,Minor Damage,66.98,None,True,2.84,18.5,5.68,1.37,6.71,1.32,2.51,0.14,7.11,21.34,True,Medium,Depot C,True,True,1.0,Resell
CON-100043,Crate,Metal,34.7,30,78,Medium,Moderate Damage,79.12,None,True,16.96,22.93,43.71,17.75,13.67,4.66,9.47,0.69,76.34,229.01,True,Medium,Terminal E,False,True,1.0,Resell
CON-100044,Crate,Plastic,6.84,54,178,Critical,Unsafe,37.95,None,True,67.04,39.11,0.0,1.4,6.71,3.82,2.51,0.14,7.12,21.35,True,High,Facility D,True,True,1.0,Recycle
CON-100045,Crate,Wood,19.9,23,66,None,Safe,78.41,None,False,0.0,21.84,52.02,0.0,9.98,5.39,5.78,0.4,3.18,9.55,False,Low,Depot C,True,False,1.0,Resell
CON-100046,Drum,Plastic,6.13,16,41,Medium,Moderate Damage,78.35,None,True,22.02,25.35,82.18,1.2,6.53,1.24,2.33,0.12,6.38,19.13,True,Medium,Hub B,True,False,1.0,Resell
CON-100047,Crate,Plastic,7.19,36,53,High,Unsafe,81.27,None,True,30.54,20.11,0.0,1.35,6.8,2.36,2.6,0.14,7.48,22.44,True,High,Warehouse A,True,True,1.0,Recycle
CON-100048,Drum,Plastic,6.54,49,101,Medium,Moderate Damage,50.38,None,True,22.04,35.54,39.42,1.27,6.63,1.28,2.43,0.13,6.8,20.4,True,Medium,Depot C,True,False,1.0,Resell
CON-100049,Box,Plastic,6.47,9,21,None,Safe,92.72,None,False,0.0,5.44,11.75,1.24,6.62,3.78,2.42,0.13,6.73,20.2,True,Low,Facility D,False,True,1.0,Resell
CON-100050,Drum,Metal,33.87,26,51,None,Safe,85.25,None,False,0.0,25.31,81.32,18.45,13.47,7.06,9.27,0.68,74.5,223.51,True,Low,Warehouse A,True,True,1.0,Resell
CON-100051,Tote,Plastic,6.66,25,46,None,Safe,81.88,None,False,0.0,13.32,26.79,1.31,6.67,3.8,2.47,0.13,6.93,20.78,True,Low,Terminal E,True,False,1.0,Resell
CON-100052,Pallet,Wood,18.12,6,5,High,Moderate Damage,82.44,None,True,21.68,10.63,43.31,0.0,9.53,3.67,5.33,0.36,2.9,8.7,False,Medium,Terminal E,False,True,1.0,Resell
CON-100053,Crate,Metal,34.32,5,12,Low,Minor Damage,73.97,None,False,4.26,17.11,75.93,18.65,13.58,7.12,9.38,0.69,75.49,226.48,True,Low,Facility D,True,False,1.0,Resell
CON-100054,Crate,Wood,16.57,11,31,None,Safe,80.63,None,False,0.0,18.01,65.83,0.0,9.14,4.99,4.94,0.33,2.65,7.95,False,Low,Depot C,False,True,1.0,Resell
CON-100055,Box,Cardboard,1.73,48,70,Low,Minor Damage,85.22,None,False,0.8,11.47,5.39,0.15,5.43,3.21,1.23,0.03,0.69,2.08,True,Low,Terminal E,True,True,1.0,Resell
CON-100056,Pallet,Plastic,6.05,29,94,High,Moderate Damage,51.29,None,True,25.33,24.21,25.77,1.32,6.51,2.23,2.31,0.12,6.29,18.86,True,Medium,Facility D,True,True,1.0,Resell
CON-100057,Pallet,Plastic,5.79,32,43,Low,Minor Damage,66.99,Organic,False,2.45,16.75,30.0,1.11,6.45,3.69,2.25,0.12,6.02,18.06,True,Low,Depot C,True,True,1.0,Resell
CON-100058,Box,Plastic,5.79,13,26,Medium,Moderate Damage,76.04,None,True,2.64,8.44,12.91,1.17,6.45,1.2,2.25,0.12,6.02,18.07,True,Medium,Depot C,False,True,1.0,Resell
CON-100059,Tote,Plastic,6.5,20,43,Medium,Moderate Damage,88.6,None,True,9.32,12.01,31.37,1.29,6.63,1.28,2.43,0.13,6.76,20.29,True,Medium,Warehouse A,True,True,1.0,Resell
CON-100060,Crate,Plastic,6.8,31,38,,Minor Damage,80.89,Organic,True,16.05,18.67,53.26,1.46,6.7,1.32,2.5,0.14,7.08,21.23,True,Medium,Warehouse A,True,True,1.0,Resell
CON-100061,Crate,Wood,18.26,20,60,Low,Minor Damage,62.04,None,False,3.97,23.69,53.82,0.0,9.57,5.19,5.37,0.37,2.92,8.77,False,Low,Depot C,False,True,1.0,Resell
CON-100062,Pallet,Plastic,5.36,50,86,Low,Minor Damage,60.46,None,False,2.81,22.03,17.07,1.05,6.34,3.64,2.14,0.11,5.57,16.72,True,Low,Hub B,False,True,1.0,Resell
CON-100063,Crate,Wood,22.99,29,23,Medium,Moderate Damage,94.94,Organic,True,18.37,15.06,49.34,0.0,10.75,3.26,6.55,0.46,3.68,11.04,False,Medium,Hub B,True,True,1.0,Resell
CON-100064,Tote,Plastic,6.36,55,81,None,Safe,55.18,None,False,0.0,20.82,11.81,1.37,6.59,3.76,2.39,0.13,6.61,19.84,True,Low,Facility D,True,False,1.0,Resell
CON-100065,Crate,Wood,21.97,28,96,Medium,Minor Damage,67.49,None,True,18.58,26.48,43.88,0.0,10.49,3.14,6.29,0.44,3.52,10.55,False,Medium,Warehouse A,True,True,1.0,Resell
CON-100066,Pallet,Wood,20.25,37,94,None,Safe,76.1,None,False,0.0,20.48,20.24,0.0,10.06,5.43,5.86,0.4,3.24,9.72,False,Low,Facility D,True,True,1.0,Resell
CON-100067,Drum,Plastic,5.9,43,22,High,Unsafe,68.56,None,True,46.61,24.92,0.0,1.17,6.48,2.21,2.28,0.12,6.14,18.42,True,High,Depot C,True,True,1.0,Recycle
CON-100068,Drum,Plastic,5.28,25,76,Medium,Minor Damage,77.68,None,True,24.72,28.95,72.79,1.16,6.32,1.13,2.12,0.11,5.49,16.47,True,Medium,Depot C,True,True,1.0,Resell
CON-100069,Box,Plastic,6.8,58,78,Low,Safe,66.19,Chemical,False,0.79,15.12,3.84,1.39,16.75,3.82,2.5,0.14,7.07,21.21,True,Medium,Hub B,True,True,1.0,Resell
CON-100070,Tote,Plastic,6.56,6,19,High,Unsafe,73.78,None,True,15.35,11.83,0.0,1.32,6.64,2.29,2.44,0.13,6.82,20.46,True,High,Depot C,True,True,1.0,Recycle
CON-100071,Drum,Plastic,6.59,22,64,Medium,Moderate Damage,58.31,None,True,28.48,30.65,72.62,1.41,6.65,1.29,2.45,0.13,6.86,20.57,True,Medium,Facility D,True,True,1.0,Dispose
CON-100072,Box,Plastic,5.68,48,120,Medium,Moderate Damage,51.33,None,True,2.53,21.55,4.57,1.08,6.42,1.18,2.22,0.11,5.91,17.74,True,Medium,Warehouse A,True,False,1.0,Resell
CON-100073,Drum,Plastic,6.36,8,7,Low,,89.47,None,False,5.03,20.28,108.56,1.37,6.59,3.76,2.39,0.13,6.61,19.84,True,Low,Hub B,False,True,1.0,Resell
CON-100074,Tote,Plastic,6.21,47,45,None,Safe,71.35,None,False,0.0,14.8,18.77,1.27,6.55,3.75,2.35,0.12,6.46,19.37,True,Low,Depot C,True,True,1.0,Resell
CON-100075,Pallet,Plastic,5.04,44,70,High,Unsafe,84.18,None,True,26.71,16.87,0.0,1.1,6.26,2.1,2.06,0.1,5.24,15.72,True,High,Facility D,True,True,1.0,Recycle
CON-100076,Tote,Plastic,4.92,22,27,None,Safe,70.99,None,False,0.0,13.05,27.33,1.05,6.23,3.59,2.03,0.1,5.12,15.35,True,Low,Terminal E,True,False,1.0,Resell
CON-100077,Crate,Wood,22.31,39,19,Critical,Unsafe,66.57,None,True,76.12,18.91,0.0,0.0,10.58,5.68,6.38,0.45,3.57,10.71,False,High,Warehouse A,True,True,0.82,Dispose
CON-100078,Pallet,Plastic,4.84,17,11,Low,Minor Damage,82.02,None,False,2.48,11.3,42.38,1.02,6.21,3.58,2.01,0.1,5.03,15.09,True,Low,Terminal E,True,True,1.0,Resell
CON-100079,Box,Plastic,5.9,2,1,None,Safe,74.38,None,False,0.0,6.19,14.45,1.09,6.47,3.71,2.27,0.12,6.14,18.41,True,Low,Facility D,True,True,1.0,Resell
CON-100080,Pallet,Plastic,6.3,38,81,Low,Minor Damage,72.37,None,False,2.29,19.74,23.35,1.26,6.57,3.76,2.37,0.13,6.55,19.65,True,Low,Facility D,True,True,1.0,Resell
CON-100081,Tote,Plastic,5.83,57,67,Medium,Moderate Damage,61.78,None,True,8.73,18.43,11.6,1.12,6.46,1.2,2.26,0.12,6.07,18.2,True,Medium,Depot C,True,True,1.0,Resell
CON-100082,Drum,Metal,25.09,6,4,None,Safe,76.86,None,False,0.0,21.87,108.99,11.62,11.27,6.01,7.07,0.5,55.21,165.63,True,Low,Warehouse A,True,True,1.0,Resell
CON-100083,Drum,Metal,35.62,39,56,Low,Safe,71.46,None,False,6.38,27.88,56.33,16.83,13.91,7.27,9.71,0.71,78.37,235.1,True,Low,Warehouse A,True,False,1.0,Resell
CON-100084,Tote,Plastic,6.74,55,120,None,Safe,57.73,None,False,0.0,24.34,8.67,1.4,6.68,3.81,2.48,0.13,7.01,21.02,True,Low,Warehouse A,True,True,1.0,Resell
CON-100085,Crate,Plastic,4.81,56,52,Medium,Moderate Damage,87.51,None,True,19.02,19.07,28.18,0.88,6.2,1.08,2.0,0.1,5.01,15.02,True,Medium,Terminal E,True,True,1.0,Resell
CON-100086,Crate,Plastic,6.53,50,166,Medium,Minor Damage,40.3,None,True,17.63,37.56,12.51,1.19,6.63,1.28,2.43,0.13,6.79,20.38,True,Medium,Warehouse A,True,True,1.0,Resell
CON-100087,Drum,Plastic,5.46,49,99,Medium,Moderate Damage,67.3,None,True,25.71,32.8,35.82,1.09,6.36,1.15,2.16,0.11,5.67,17.02,True,Medium,Depot C,True,True,1.0,Resell
CON-100088,Box,Cardboard,1.38,14,39,Low,Minor Damage,83.52,None,False,0.75,8.62,10.84,0.11,5.35,3.17,1.15,0.03,0.55,1.66,True,Low,Hub B,False,False,1.0,Resell
CON-100089,Crate,Wood,19.18,48,30,High,Moderate Damage,80.21,None,True,33.31,17.97,33.69,0.0,9.79,3.8,5.59,0.38,3.07,9.2,False,Medium,Facility D,False,True,1.0,Resell
CON-100090,Crate,Wood,22.41,40,75,Low,Minor Damage,82.36,None,False,3.59,22.15,38.48,0.0,10.6,5.69,6.4,0.45,3.59,10.76,False,Low,Terminal E,False,False,1.0,Resell
CON-100091,Crate,Wood,18.66,11,8,High,Moderate Damage,82.48,Organic,True,39.98,15.43,65.64,0.0,9.67,3.74,5.47,0.37,2.99,8.96,False,Medium,Depot C,True,True,1.0,Resell
CON-100092,Pallet,Wood,22.08,42,30,None,Safe,80.08,None,False,0.0,13.49,26.33,0.0,10.52,5.65,6.32,0.44,3.53,10.6,False,Low,Terminal E,False,False,1.0,Resell
CON-100093,Crate,Metal,27.79,29,20,Medium,Moderate Damage,77.06,None,True,16.59,17.44,56.78,13.49,11.95,3.84,7.75,0.56,61.15,183.44,True,Medium,Warehouse A,True,True,1.0,Resell
CON-100094,Crate,Wood,21.16,55,42,Low,Minor Damage,77.72,None,False,4.47,19.54,29.6,0.0,10.29,5.54,6.09,0.42,3.39,10.16,False,Low,Warehouse A,False,False,1.0,Resell
CON-100095,Drum,Metal,35.49,29,23,None,Safe,65.93,Organic,False,0.0,25.41,73.06,18.26,13.87,7.26,9.67,0.71,78.08,234.25,True,Low,Warehouse A,True,True,1.0,Resell
CON-100096,Tote,Plastic,5.67,59,79,High,Unsafe,60.97,None,True,14.78,19.76,0.0,1.16,6.42,2.18,2.22,0.11,5.9,17.7,True,High,Depot C,True,True,1.0,Recycle
CON-100097,Drum,Plastic,5.4,55,135,Medium,Minor Damage,63.0,None,True,20.56,37.05,21.96,1.05,6.35,1.15,2.15,0.11,5.62,16.86,True,Medium,Facility D,True,False,1.0,Resell
CON-100098,Tote,Plastic,6.34,22,64,Medium,Minor Damage,67.82,Organic,True,7.56,17.23,25.68,1.23,6.59,1.26,2.39,0.13,6.6,19.79,True,Medium,Hub B,True,True,1.0,Resell
CON-100099,Pallet,Wood,17.24,19,57,High,Moderate Damage,73.37,None,True,24.65,17.19,35.08,0.0,9.31,3.57,5.11,0.34,2.76,8.27,False,Medium,Terminal E,True,True,1.0,Resell
CON-100100,Tote,Plastic,5.17,12,35,Low,Safe,71.36,None,False,1.89,13.8,29.44,1.08,6.29,3.62,2.09,0.1,5.38,16.13,True,Low,Facility D,True,True,1.0,Resell
CON-100101,Drum,Metal,28.41,37,127,Low,Minor Damage,51.52,Organic,False,6.01,37.97,47.63,13.98,12.1,6.41,7.9,0.57,62.51,187.53,True,Low,Hub B,True,False,1.0,Resell
CON-100102,Drum,Plastic,6.13,7,18,Low,Safe,87.85,None,False,5.45,21.62,112.93,1.33,6.53,3.74,2.33,0.12,6.38,19.13,True,Low,Hub B,False,True,1.0,Resell
CON-100103,Drum,Plastic,7.03,27,17,None,Safe,89.53,None,False,0.0,21.27,91.78,1.37,6.76,3.84,2.56,0.14,7.31,21.94,True,Low,Warehouse A,True,True,1.0,Resell
CON-100104,Pallet,Wood,16.31,59,176,None,Safe,42.03,None,False,0.0,33.79,4.97,0.0,9.08,4.96,4.88,0.33,2.61,7.83,False,Low,Terminal E,True,True,0.59,Manual_Review
CON-100105,Pallet,Plastic,5.07,19,23,Low,Safe,93.97,None,False,2.79,10.7,37.59,1.0,6.27,3.61,2.07,0.1,5.27,15.81,True,Low,Warehouse A,False,False,1.0,Resell
CON-100106,Tote,Plastic,6.52,19,33,Low,Minor Damage,86.18,None,False,2.13,11.37,29.26,1.2,6.63,3.78,2.43,0.13,6.79,20.36,True,Low,Depot C,True,False,1.0,Resell
CON-100107,Tote,Plastic,5.74,31,19,Medium,Moderate Damage,66.77,None,True,6.45,12.88,24.8,1.21,6.43,1.19,2.23,0.11,5.97,17.9,True,Medium,Depot C,True,True,1.0,Resell
CON-100108,Crate,Wood,16.35,35,53,Low,Safe,64.49,None,False,4.77,22.63,45.13,0.0,9.09,4.96,4.89,0.33,2.62,7.85,False,Low,Facility D,True,True,1.0,Resell
CON-100109,Drum,Metal,27.52,3,8,Low,Safe,88.93,None,False,5.76,20.46,110.13,14.63,11.88,6.3,7.68,0.55,60.55,181.64,True,Low,Facility D,True,True,1.0,Resell
CON-100110,Crate,Wood,22.93,22,29,Low,Minor Damage,81.09,None,False,3.9,17.74,56.61,0.0,10.73,5.75,6.53,0.46,3.67,11.0,False,Low,Facility D,True,True,1.0,Resell
CON-100111,Tote,Plastic,6.72,47,83,None,Safe,65.33,None,False,0.0,19.5,15.5,1.36,6.68,3.81,2.48,0.13,6.99,20.97,True,Low,Depot C,True,True,1.0,Resell
CON-100112,Drum,Plastic,5.2,29,45,None,Safe,69.2,None,False,0.0,27.12,80.52,1.06,6.3,3.62,2.1,0.1,5.41,16.22,True,Low,Facility D,True,True,1.0,Resell
CON-100113,Crate,Metal,33.61,44,43,High,Moderate Damage,87.12,None,True,40.05,18.23,38.74,15.24,13.4,5.53,9.2,0.67,73.95,221.85,True,Medium,Warehouse A,True,True,1.0,Resell
CON-100114,Box,Cardboard,1.61,24,38,Medium,Minor Damage,75.18,None,True,2.88,9.77,10.32,0.13,5.4,0.69,1.2,0.03,0.64,1.93,True,Medium,Hub B,True,True,1.0,Resell
CON-100115,Drum,Metal,27.14,17,44,Medium,Minor Damage,61.31,None,True,28.0,28.2,85.22,13.55,11.79,3.76,7.59,0.54,59.71,179.13,True,Medium,Warehouse A,True,True,1.0,Resell
CON-100116,Drum,Metal,33.73,55,190,High,Unsafe,40.71,None,True,49.47,45.89,0.0,16.19,13.43,5.55,9.23,0.67,74.2,222.59,True,High,Hub B,True,True,1.0,Recycle
CON-100117,Box,Cardboard,1.68,16,45,None,Safe,80.17,None,False,0.0,9.72,11.41,0.13,5.42,3.2,1.22,0.03,0.67,2.01,True,Low,Terminal E,True,False,1.0,Resell
CON-100118,Drum,Plastic,6.06,50,86,Low,Safe,79.04,None,False,4.98,29.74,37.92,1.2,6.52,3.73,2.32,0.12,6.3,18.91,True,Low,Terminal E,True,True,1.0,Resell
CON-100119,Tote,Plastic,6.64,9,16,Low,Safe,71.86,None,False,1.84,11.82,35.25,1.24,6.66,3.8,2.46,0.13,6.91,20.73,True,Low,Hub B,True,False,1.0,Resell
CON-100120,Crate,Wood,21.08,36,47,High,Unsafe,72.17,Chemical,True,38.03,20.87,0.0,0.0,25.68,4.03,6.07,0.42,3.37,10.12,False,High,Terminal E,True,True,1.0,Dispose
CON-100121,Tote,Plastic,6.82,37,23,High,Moderate Damage,92.96,None,True,19.95,9.36,25.46,1.3,6.71,2.32,2.51,0.14,7.09,21.28,True,Medium,Hub B,False,False,1.0,Resell
CON-100122,Tote,Plastic,6.34,20,38,None,Safe,83.48,Organic,False,0.0,12.28,26.49,1.16,6.59,3.76,2.39,0.13,6.59,19.78,True,Low,Facility D,False,True,1.0,Resell
CON-100123,Pallet,Plastic,6.87,21,56,Medium,Moderate Damage,59.54,Chemical,True,9.48,19.17,31.4,1.39,16.79,1.32,2.52,0.14,7.14,21.43,True,Medium,Depot C,True,True,1.0,Resell
CON-100124,Pallet,Wood,16.4,25,77,Critical,Unsafe,77.15,Organic,True,36.71,18.63,0.0,0.0,9.1,4.97,4.9,0.33,2.62,7.87,False,High,Depot C,True,True,1.0,Dispose
CON-100125,Drum,Plastic,6.0,20,39,None,Safe,63.84,None,False,0.0,27.32,86.73,1.31,6.5,3.72,2.3,0.12,6.24,18.71,True,Low,Hub B,True,True,1.0,Resell
CON-100126,Drum,Plastic,6.09,55,45,Medium,Minor Damage,64.53,None,True,26.53,27.82,45.17,1.18,6.52,1.23,2.32,0.12,6.33,18.99,True,Medium,Facility D,True,False,1.0,Resell
CON-100127,Crate,Wood,19.09,29,81,Low,Minor Damage,59.04,None,False,4.18,26.24,44.92,0.0,9.77,5.29,5.57,0.38,3.05,9.16,False,Low,Hub B,True,True,1.0,Resell
CON-100128,Tote,Plastic,6.61,13,29,High,Unsafe,79.2,None,True,15.39,12.02,0.0,1.28,6.65,2.29,2.45,0.13,6.88,20.63,True,High,Facility D,False,True,1.0,Recycle
CON-100129,Tote,Plastic,5.59,40,58,Medium,Moderate Damage,58.68,None,True,7.36,18.0,20.29,1.08,6.4,1.17,2.2,0.11,5.81,17.43,True,Medium,Terminal E,False,False,1.0,Resell
CON-100130,Crate,Plastic,6.42,27,60,Medium,Minor Damage,70.09,Hazardous,True,17.0,22.49,0.0,0.0,39.63,1.27,2.4,0.13,6.67,20.02,False,High,Terminal E,True,True,1.0,Dispose
CON-100131,Pallet,Plastic,5.15,44,53,None,Safe,83.68,None,False,0.0,15.25,22.43,1.01,6.29,3.62,2.09,0.1,5.36,16.08,True,Low,Facility D,True,True,1.0,Resell
CON-100132,Drum,Metal,32.47,34,38,Medium,Moderate Damage,62.46,None,True,22.82,27.43,69.78,17.72,13.12,4.4,8.92,0.65,71.43,214.3,True,Medium,Facility D,True,False,1.0,Resell
CON-100133,Crate,Metal,29.81,16,21,Low,Minor Damage,89.05,None,False,3.68,15.74,69.88,14.28,12.45,6.58,8.25,0.6,65.58,196.75,True,Low,Hub B,False,True,1.0,Resell
CON-100134,Crate,Plastic,5.09,44,93,Low,Minor Damage,56.85,None,False,4.49,27.77,32.64,0.98,6.27,3.61,2.07,0.1,5.3,15.89,True,Low,Depot C,True,True,1.0,Resell
CON-100135,Drum,Metal,26.42,35,45,Medium,Moderate Damage,86.88,None,True,24.83,24.47,68.75,12.53,11.61,3.67,7.41,0.53,58.13,174.4,True,Medium,Terminal E,True,True,1.0,Resell
CON-100136,Drum,Metal,32.17,9,4,Medium,Minor Damage,86.99,Organic,True,27.63,20.35,117.66,16.01,13.04,4.36,8.84,0.64,70.78,212.35,True,Medium,Hub B,True,True,1.0,Resell
CON-100137,Box,Cardboard,1.52,47,143,Medium,Minor Damage,44.0,None,True,3.46,24.95,3.42,0.11,5.38,0.68,1.18,0.03,0.61,1.83,True,Medium,Warehouse A,False,True,1.0,Resell
CON-100138,Crate,Wood,16.07,37,85,High,Unsafe,74.46,None,True,36.62,24.33,0.0,0.0,9.02,3.43,4.82,0.32,2.57,7.72,False,High,Facility D,True,False,1.0,Dispose
CON-100139,Pallet,Wood,18.65,47,88,Medium,Moderate Damage,60.84,None,True,9.35,22.17,15.98,0.0,9.66,2.74,5.46,0.37,2.98,8.95,False,Medium,Depot C,True,True,1.0,Resell
CON-100140,Drum,Plastic,6.04,6,10,Medium,Minor Damage,92.46,None,True,22.31,20.13,102.46,1.15,6.51,1.22,2.31,0.12,6.28,18.83,True,Medium,Depot C,False,True,1.0,Resell
CON-100141,Crate,Plastic,6.2,37,19,None,Safe,75.42,None,False,0.0,17.59,43.21,1.14,6.55,3.74,2.35,0.12,6.45,19.34,True,Low,Depot C,True,True,1.0,Resell
CON-100142,Crate,Metal,25.41,59,195,High,Unsafe,42.56,None,True,30.72,40.12,0.0,11.82,11.35,4.55,7.15,0.51,55.9,167.7,True,High,Terminal E,True,True,1.0,Recycle
CON-100143,Drum,Metal,33.14,44,121,Medium,Minor Damage,60.03,None,True,22.67,36.09,38.38,17.95,13.29,4.48,9.09,0.66,72.91,218.74,True,Medium,Warehouse A,True,False,1.0,Resell
CON-100144,Tote,Plastic,5.19,55,113,Medium,Minor Damage,56.99,None,True,7.96,23.75,9.35,1.12,6.3,1.12,2.1,0.1,5.4,16.21,True,Medium,Facility D,True,True,1.0,Resell
CON-100145,Tote,Plastic,6.14,44,128,None,Safe,62.52,None,False,0.0,24.42,12.93,1.29,6.54,3.74,2.34,0.12,6.39,19.16,True,Low,Terminal E,True,True,1.0,Resell
CON-100146,Tote,Plastic,7.04,5,17,Medium,Moderate Damage,95.65,None,True,8.86,8.35,35.97,1.48,6.76,1.35,2.56,0.14,7.32,21.97,True,Medium,Facility D,True,True,1.0,Resell
CON-100147,Drum,Plastic,4.99,43,134,Low,Safe,53.59,None,False,5.23,38.36,35.14,1.01,6.25,3.6,2.05,0.1,5.19,15.58,True,Low,Terminal E,True,True,1.0,Resell
CON-100148,Crate,Plastic,6.42,35,62,High,Unsafe,62.9,None,True,33.78,23.77,0.0,1.23,6.6,2.27,2.4,0.13,6.67,20.02,True,High,Warehouse A,True,True,1.0,Recycle
CON-100149,Box,Cardboard,1.32,7,15,Low,Minor Damage,79.07,None,False,0.61,6.89,14.05,0.11,5.33,3.16,1.13,0.03,0.53,1.59,True,Low,Facility D,False,True,1.0,Resell
CON-100150,Box,Cardboard,1.5,19,22,None,Safe,78.28,None,False,0.0,7.71,12.12,0.13,5.38,3.18,1.18,0.03,0.6,1.8,True,Low,Hub B,True,True,1.0,Resell
CON-100151,Drum,Plastic,5.46,36,120,Medium,Minor Damage,57.22,None,True,23.96,36.42,47.3,1.2,6.37,1.16,2.17,0.11,5.68,17.04,True,Medium,Facility D,True,True,1.0,Resell
CON-100152,Pallet,Plastic,5.38,15,21,Medium,Minor Damage,71.63,Chemical,True,10.25,13.86,43.75,1.18,15.86,1.15,2.14,0.11,5.59,16.78,True,Medium,Terminal E,True,True,1.0,Resell
CON-100153,Box,Plastic,6.83,6,12,Low,Safe,96.05,None,False,0.78,4.04,13.4,1.24,6.71,3.82,2.51,0.14,7.11,21.32,True,Low,Warehouse A,True,False,1.0,Resell
CON-100154,Drum,Metal,34.43,22,31,Medium,Minor Damage,87.45,None,True,26.32,22.98,80.82,18.07,13.61,4.63,9.41,0.69,75.75,227.26,True,Medium,Facility D,True,False,1.0,Resell
CON-100155,Pallet,Plastic,6.66,25,47,Low,Minor Damage,81.35,None,False,2.88,15.0,31.88,1.32,6.67,3.8,2.47,0.13,6.93,20.78,True,Low,Facility D,True,True,1.0,Resell
CON-100156,Tote,Plastic,6.58,2,2,None,Safe,90.74,Chemical,False,0.0,7.59,36.67,1.24,16.61,3.79,2.44,0.13,6.84,20.53,True,Medium,Terminal E,True,True,1.0,Resell
CON-100157,Crate,Plastic,6.63,32,108,,Unsafe,64.58,None,True,33.87,28.11,0.0,1.23,6.66,2.3,2.46,0.13,6.9,20.69,True,High,Terminal E,False,True,1.0,Recycle
CON-100158,Tote,Plastic,6.06,54,164,Medium,Minor Damage,44.27,None,True,9.1,30.76,5.19,1.15,6.51,1.23,2.31,0.12,6.3,18.9,True,Medium,Hub B,True,True,1.0,Resell
CON-100159,Tote,Plastic,6.38,2,1,None,Safe,99.44,None,False,0.0,6.18,39.35,1.22,6.6,3.77,2.4,0.13,6.64,19.91,True,Low,Depot C,True,False,1.0,Resell
CON-100160,Pallet,Wood,23.34,34,32,Low,Safe,75.01,None,False,2.35,14.45,28.32,0.0,10.84,5.8,6.64,0.47,3.74,11.21,False,Low,Facility D,True,True,1.0,Resell
CON-100161,Pallet,Wood,18.4,53,161,High,Moderate Damage,64.99,None,True,22.97,28.85,7.22,0.0,9.6,3.71,5.4,0.37,2.94,8.83,False,Medium,Warehouse A,True,True,1.0,Resell
CON-100162,Crate,Metal,35.73,7,22,High,Moderate Damage,88.71,None,True,38.77,15.89,76.57,18.1,13.93,5.79,9.73,0.71,78.6,235.8,True,Medium,Depot C,True,True,1.0,Resell
CON-100163,Tote,Plastic,5.23,55,79,Medium,Minor Damage,66.59,None,True,8.68,18.91,12.27,1.02,6.31,1.13,2.11,0.1,5.44,16.32,True,Medium,Warehouse A,True,True,1.0,Resell
CON-100164,Drum,Plastic,5.72,48,44,Low,Safe,76.18,None,False,4.93,25.97,56.76,1.13,6.43,3.69,2.23,0.11,5.95,17.85,True,Low,Warehouse A,True,False,1.0,Resell
CON-100165,Drum,Plastic,4.87,18,51,Low,Minor Damage,75.08,None,False,7.06,26.84,83.68,0.96,6.22,3.58,2.02,0.1,5.07,15.2,True,Low,Terminal E,False,True,1.0,Resell
CON-100166,Pallet,Wood,16.66,10,16,None,Safe,74.61,None,False,0.0,12.91,41.81,0.0,9.16,5.0,4.96,0.33,2.67,8.0,False,Low,Warehouse A,True,True,1.0,Resell
CON-100167,Crate,Wood,17.06,12,21,None,Safe,92.7,None,False,0.0,15.19,61.54,0.0,9.27,5.05,5.07,0.34,2.73,8.19,False,Low,Terminal E,True,False,1.0,Resell
CON-100168,Drum,Metal,27.5,25,70,High,Moderate Damage,68.84,None,True,51.42,29.67,68.36,12.76,11.88,4.8,7.68,0.55,60.5,181.51,True,Medium,Depot C,True,True,1.0,Resell
CON-100169,Crate,Plastic,5.52,51,37,Low,Minor Damage,64.27,None,False,3.99,21.06,34.75,1.13,6.38,3.66,2.18,0.11,5.74,17.22,True,Low,Facility D,True,True,1.0,Resell
CON-100170,Crate,Metal,28.56,56,83,Medium,Moderate Damage,70.48,None,True,16.97,24.73,23.34,14.55,12.14,3.93,7.94,0.57,62.83,188.49,True,Medium,Depot C,True,False,1.0,Resell
CON-100171,Crate,Wood,23.72,21,28,None,Safe,65.37,None,False,0.0,19.99,62.03,0.0,10.93,5.85,6.73,0.47,3.79,11.38,False,Low,Depot C,False,True,1.0,Resell
CON-100172,Box,Cardboard,1.56,35,36,None,Safe,64.21,None,False,0.0,11.22,8.6,0.13,5.39,3.19,1.19,0.03,0.62,1.87,True,Low,Facility D,True,True,1.0,Resell
CON-100173,Drum,Plastic,5.13,20,24,Low,Safe,73.74,None,False,4.98,24.34,95.46,1.13,6.28,3.62,2.08,0.1,5.34,16.02,True,Low,Facility D,False,False,1.0,Resell
CON-100174,Drum,Metal,33.49,24,62,Low,Safe,84.32,None,False,6.4,26.55,72.48,15.63,13.37,7.02,9.17,0.67,73.68,221.03,True,Low,Terminal E,True,False,1.0,Resell
CON-100175,Drum,Plastic,7.12,28,22,Low,Safe,87.84,Organic,False,6.05,22.02,81.29,1.45,6.78,3.85,2.58,0.14,7.4,22.21,True,Low,Terminal E,True,True,1.0,Resell
CON-100176,Tote,Plastic,5.63,2,3,Low,Minor Damage,86.92,None,False,1.69,8.26,42.56,1.22,6.41,3.68,2.21,0.11,5.85,17.56,True,Low,Hub B,True,True,1.0,Resell
CON-100177,Tote,Plastic,5.64,7,12,None,Safe,88.03,None,False,0.0,9.0,34.79,1.2,6.41,3.68,2.21,0.11,5.86,17.58,True,Low,Warehouse A,True,True,1.0,Resell
CON-100178,Pallet,Wood,20.13,36,35,None,Safe,64.25,None,False,0.0,16.36,26.97,0.0,10.03,5.42,5.83,0.4,3.22,9.66,False,Low,Facility D,True,True,1.0,Resell
CON-100179,Box,Cardboard,1.47,28,46,High,Moderate Damage,84.63,None,True,7.58,9.16,9.9,0.11,5.37,1.68,1.17,0.03,0.59,1.76,True,Medium,Warehouse A,True,True,1.0,Resell
CON-100180,Crate,Metal,34.35,34,115,Medium,Moderate Damage,59.09,None,True,16.56,29.64,35.17,16.65,13.59,4.62,9.39,0.69,75.57,226.72,True,Medium,Facility D,True,True,1.0,Resell
CON-100181,Pallet,Plastic,5.08,20,17,Low,Minor Damage,75.8,None,False,2.42,12.83,38.38,0.94,6.27,3.61,2.07,0.1,5.29,15.86,True,Low,Facility D,False,True,1.0,Resell
CON-100182,Pallet,Wood,19.92,9,9,High,Unsafe,79.62,None,True,26.57,11.46,0.0,0.0,9.98,3.89,5.78,0.4,3.19,9.56,False,High,Facility D,True,True,1.0,Dispose
CON-100183,Tote,Plastic,5.78,32,55,Critical,Unsafe,74.34,Organic,True,27.62,15.35,0.0,1.22,6.45,3.69,2.25,0.12,6.01,18.04,True,High,Depot C,True,True,1.0,Recycle
CON-100184,Crate,Wood,22.25,37,100,Low,Minor Damage,63.51,None,False,3.38,27.47,31.74,0.0,10.56,5.67,6.36,0.44,3.56,10.68,False,Low,Terminal E,True,False,1.0,Resell
CON-100185,Drum,Metal,35.88,7,18,None,Safe,87.47,None,False,0.0,21.68,117.99,17.76,13.97,7.31,9.77,0.72,78.93,236.79,True,Low,Depot C,True,True,1.0,Resell
CON-100186,Pallet,Wood,22.49,38,97,None,Safe,75.62,None,False,0.0,20.86,19.76,0.0,10.62,5.7,6.42,0.45,3.6,10.79,False,Low,Hub B,True,True,1.0,Resell
CON-100187,Tote,Plastic,5.58,46,63,None,Safe,58.83,None,False,0.0,18.48,16.61,1.2,6.39,3.67,2.19,0.11,5.8,17.4,True,Low,Warehouse A,True,True,1.0,Resell
CON-100188,Pallet,Wood,18.0,46,67,High,Moderate Damage,63.76,None,True,22.41,19.64,21.02,0.0,9.5,3.66,5.3,0.36,2.88,8.64,False,Medium,Terminal E,True,True,1.0,Resell
CON-100189,Box,Plastic,6.04,18,46,Medium,Moderate Damage,77.16,None,True,3.1,10.28,10.89,1.3,6.51,1.22,2.31,0.12,6.28,18.84,True,Medium,Warehouse A,False,True,1.0,Resell
CON-100190,Drum,Metal,35.62,53,60,None,Safe,78.31,None,False,0.0,27.25,40.18,17.98,13.9,7.27,9.7,0.71,78.36,235.08,True,Low,Hub B,False,True,1.0,Resell
CON-100191,Box,Cardboard,1.58,54,101,High,Moderate Damage,51.92,Organic,True,6.63,19.56,3.61,0.14,5.39,1.69,1.19,0.03,0.63,1.89,True,Medium,Facility D,True,True,1.0,Resell
CON-100192,Crate,Wood,21.24,17,12,Medium,Minor Damage,96.05,None,True,17.45,13.79,66.1,0.0,10.31,3.05,6.11,0.42,3.4,10.19,False,Medium,Hub B,False,True,1.0,Dispose
CON-100193,Box,Cardboard,1.56,34,86,Low,Safe,82.56,None,False,0.64,13.47,7.09,0.13,5.39,3.19,1.19,0.03,0.62,1.87,True,Low,Hub B,False,True,1.0,Resell
CON-100194,Box,Cardboard,1.39,57,79,High,Unsafe,61.0,None,True,5.76,16.0,0.0,0.12,5.35,1.67,1.15,0.03,0.56,1.67,True,High,Hub B,True,False,1.0,Recycle
CON-100195,Tote,Plastic,5.86,47,53,Critical,Unsafe,61.8,None,True,33.22,17.03,0.0,1.11,6.46,3.7,2.26,0.12,6.09,18.27,True,High,Warehouse A,True,True,1.0,Recycle
CON-100196,Drum,Plastic,7.11,21,60,Low,Safe,79.69,None,False,6.13,27.05,73.71,1.45,6.78,3.85,2.58,0.14,7.4,22.19,True,Low,Terminal E,True,True,1.0,Resell
CON-100197,Crate,Wood,20.14,33,35,None,Safe,84.13,Chemical,False,0.0,17.88,43.72,0.0,25.09,5.42,5.84,0.4,3.22,9.67,False,Medium,Hub B,False,True,1.0,Resell
CON-100198,Tote,Plastic,6.07,1,3,Medium,Moderate Damage,95.44,None,True,8.22,6.98,42.2,1.18,6.52,1.23,2.32,0.12,6.31,18.93,True,Medium,Hub B,False,True,0.53,Manual_Review
CON-100199,Crate,Wood,16.32,4,13,Medium,Moderate Damage,82.2,None,True,16.01,15.97,76.64,0.0,9.08,2.46,4.88,0.33,2.61,7.83,False,Medium,Facility D,False,True,1.0,Resell
CON-100200,Tote,Plastic,5.47,20,14,None,Safe,67.97,Organic,False,0.0,12.2,28.75,1.06,6.37,3.66,2.17,0.11,5.68,17.05,True,Low,Terminal E,True,True,1.0,Resell
CON-100201,Pallet,Wood,17.96,60,108,Medium,Moderate Damage,60.03,None,True,10.66,24.3,8.38,0.0,9.49,2.65,5.29,0.36,2.87,8.62,False,Medium,Hub B,True,True,1.0,Resell
CON-100202,Pallet,Plastic,7.09,34,69,Low,Minor Damage,81.19,Organic,False,2.78,17.22,24.15,1.35,6.77,3.85,2.57,0.14,7.37,22.11,True,Low,Warehouse A,True,True,1.0,Resell
CON-100203,Box,Plastic,6.51,37,88,Low,Minor Damage,68.74,None,False,0.75,15.74,6.62,1.32,6.63,3.78,2.43,0.13,6.77,20.31,True,Low,Depot C,True,True,1.0,Resell
CON-100204,Box,Cardboard,1.64,1,0,High,Moderate Damage,92.66,None,True,6.43,3.35,14.77,0.12,5.41,1.7,1.21,0.03,0.66,1.97,True,Medium,Warehouse A,False,True,1.0,Resell
CON-100205,Crate,Plastic,6.78,37,59,Low,Safe,82.82,Chemical,False,4.77,20.48,43.45,1.48,16.74,3.81,2.5,0.14,7.05,21.16,True,Medium,Warehouse A,False,True,1.0,Resell
CON-100206,Box,Plastic,4.82,13,17,High,Unsafe,74.41,None,True,6.39,7.79,0.0,1.05,6.2,2.08,2.0,0.1,5.01,15.04,True,High,Hub B,True,True,0.66,Manual_Review
CON-100207,Pallet,Plastic,6.33,45,140,High,Unsafe,71.96,None,True,25.64,25.71,0.0,1.32,6.58,2.26,2.38,0.13,6.58,19.74,True,High,Warehouse A,True,False,1.0,Recycle
CON-100208,Drum,Plastic,7.11,10,26,None,Safe,93.48,None,False,0.0,21.58,96.29,1.52,6.78,3.85,2.58,0.14,7.39,22.17,True,Low,Facility D,True,True,1.0,Resell
CON-100209,Box,Cardboard,1.58,26,18,Low,Safe,83.35,None,False,0.67,6.55,11.54,0.12,5.4,3.19,1.2,0.03,0.63,1.9,True,Low,Depot C,False,True,1.0,Resell
CON-100210,Box,Cardboard,1.28,50,112,High,Moderate Damage,74.43,None,True,6.25,17.29,4.1,0.09,5.32,1.65,1.12,0.03,0.51,1.54,True,Medium,Depot C,True,True,1.0,Resell
CON-100211,Box,Cardboard,1.29,44,62,None,Safe,81.15,None,False,0.0,11.28,7.01,0.1,5.32,3.16,1.12,0.03,0.52,1.55,True,Low,Hub B,True,True,1.0,Resell
CON-100212,Crate,Wood,16.25,26,79,None,Safe,81.36,None,False,0.0,22.7,42.85,0.0,9.06,4.95,4.86,0.32,2.6,7.8,False,Low,Hub B,True,True,1.0,Resell
CON-100213,Pallet,Wood,17.59,26,42,Low,Safe,74.13,Organic,False,2.81,15.58,31.22,0.0,9.4,5.11,5.2,0.35,2.81,8.44,False,Low,Warehouse A,True,True,1.0,Resell
CON-100214,Pallet,Wood,23.24,54,158,Medium,Minor Damage,67.12,None,True,8.67,28.23,7.14,0.0,10.81,3.29,6.61,0.46,3.72,11.16,False,Medium,Terminal E,False,True,1.0,Resell
CON-100215,Drum,Metal,28.25,59,62,None,Safe,74.22,None,False,0.0,28.07,31.91,14.45,12.06,6.39,7.86,0.56,62.14,186.43,True,Low,Terminal E,True,True,1.0,Resell
CON-100216,Drum,Metal,25.05,25,22,Low,Safe,76.32,None,False,5.4,23.75,89.76,13.76,11.26,6.01,7.06,0.5,55.12,165.35,True,Low,Terminal E,True,True,1.0,Resell
CON-100217,Tote,Plastic,5.63,37,74,None,Safe,77.09,None,False,0.0,16.84,17.45,1.15,6.41,3.68,2.21,0.11,5.85,17.55,True,Low,Warehouse A,True,True,1.0,Resell
CON-100218,Crate,Metal,36.0,11,8,None,Safe,90.4,None,False,0.0,14.24,74.34,19.5,14.0,7.32,9.8,0.72,79.19,237.57,True,Low,Warehouse A,True,False,1.0,Resell
CON-100219,Crate,Wood,17.41,38,55,Medium,Moderate Damage,61.58,None,True,17.28,23.26,36.95,0.0,9.35,2.59,5.15,0.35,2.79,8.36,False,Medium,Terminal E,True,False,1.0,Resell
CON-100220,Drum,Plastic,5.22,3,2,None,Safe,81.55,Hazardous,False,0.0,20.97,0.0,0.0,37.83,3.63,2.11,0.1,5.43,16.29,False,High,Facility D,True,True,1.0,Dispose
CON-100221,Pallet,Wood,18.73,12,39,None,Safe,90.41,None,False,0.0,12.84,37.27,0.0,9.68,5.25,5.48,0.37,3.0,8.99,False,Low,Hub B,True,False,1.0,Resell
CON-100222,Crate,Metal,35.3,26,58,High,Unsafe,79.35,Chemical,True,31.07,20.9,0.0,19.24,34.56,5.74,9.63,0.71,77.67,233.0,True,High,Facility D,True,True,1.0,Recycle
CON-100223,Tote,Plastic,5.34,38,111,Critical,Unsafe,68.6,None,True,28.93,21.81,0.0,1.12,6.33,3.64,2.13,0.11,5.55,16.65,True,High,Terminal E,False,False,1.0,Recycle
CON-100224,Tote,Plastic,7.01,40,46,None,Safe,62.7,None,False,0.0,16.2,18.86,1.47,6.75,3.84,2.55,0.14,7.29,21.87,True,Low,Hub B,True,True,1.0,Resell
CON-100225,Box,Plastic,5.87,17,19,Medium,Minor Damage,85.69,None,True,3.26,6.3,12.56,1.07,6.47,1.2,2.27,0.12,6.11,18.32,True,Medium,Facility D,False,True,1.0,Resell
CON-100226,Drum,Plastic,6.11,7,20,Low,Safe,91.12,Organic,False,6.83,21.33,97.69,1.17,6.53,3.73,2.33,0.12,6.35,19.06,True,Low,Depot C,True,True,1.0,Resell
CON-100227,Drum,Metal,32.78,36,119,Low,Safe,66.06,None,False,6.94,34.99,52.92,17.06,13.2,6.93,9.0,0.66,72.12,216.37,True,Low,Facility D,True,False,1.0,Resell
CON-100228,Box,Plastic,5.29,13,22,None,Safe,75.78,None,False,0.0,8.08,11.89,0.97,6.32,3.64,2.12,0.11,5.51,16.52,True,Low,Facility D,False,True,1.0,Resell
CON-100229,Crate,Metal,31.5,31,34,None,Safe,86.99,None,False,0.0,17.35,51.14,17.25,12.88,6.78,8.68,0.63,69.3,207.91,True,Low,Facility D,True,True,1.0,Resell
CON-100230,Crate,Wood,21.13,25,26,None,Safe,83.72,None,False,0.0,17.04,55.23,0.0,10.28,5.54,6.08,0.42,3.38,10.14,False,Low,Depot C,False,True,1.0,Resell
CON-100231,Tote,Plastic,5.16,45,112,High,Moderate Damage,57.56,None,True,17.38,23.57,13.84,1.09,6.29,2.12,2.09,0.1,5.37,16.11,True,Medium,Hub B,True,True,1.0,Resell
CON-100232,Tote,Plastic,6.17,16,30,High,Moderate Damage,82.16,None,True,14.65,11.68,33.41,1.25,6.54,2.24,2.34,0.12,6.42,19.26,True,Medium,Terminal E,True,True,1.0,Resell
CON-100233,Pallet,Wood,22.47,9,5,None,Safe,69.35,Organic,False,0.0,12.6,44.42,0.0,10.62,5.7,6.42,0.45,3.59,10.78,False,Low,Hub B,True,True,1.0,Resell
CON-100234,Box,Cardboard,1.43,26,56,Low,Minor Damage,73.21,Chemical,False,0.6,11.87,10.21,0.12,13.4,3.17,1.16,0.03,0.57,1.72,True,Medium,Terminal E,False,True,1.0,Resell
CON-100235,Tote,Plastic,7.02,37,105,None,Safe,52.98,Chemical,False,0.0,23.55,18.08,1.51,16.89,3.84,2.55,0.14,7.3,21.9,True,Medium,Depot C,False,True,1.0,Resell
CON-100236,Pallet,Plastic,5.77,40,93,None,Safe,80.24,Organic,False,0.0,19.76,22.31,1.11,6.44,3.69,2.24,0.12,6.0,17.99,True,Low,Hub B,True,True,1.0,Resell
CON-100237,Box,Plastic,6.76,20,28,Low,Minor Damage,68.65,Hazardous,False,0.89,9.75,0.0,0.0,40.14,3.81,2.49,0.14,7.03,21.1,False,High,Hub B,True,True,1.0,Dispose
CON-100238,Drum,Plastic,5.45,27,62,None,Safe,81.96,None,False,0.0,26.91,68.52,1.16,6.36,3.65,2.16,0.11,5.66,16.99,True,Low,Facility D,True,True,1.0,Resell
CON-100239,Crate,Metal,30.08,9,25,High,Moderate Damage,89.79,None,True,31.69,16.03,73.96,13.71,12.52,5.11,8.32,0.6,66.18,198.54,True,Medium,Warehouse A,False,True,1.0,Resell
CON-100240,Crate,Plastic,6.78,33,55,Medium,Minor Damage,68.56,None,True,15.93,22.22,42.49,1.34,6.69,1.31,2.49,0.14,7.05,21.14,True,Medium,Facility D,True,True,1.0,Resell
CON-100241,Box,Plastic,4.87,4,3,Low,Safe,73.69,None,False,0.8,6.5,14.73,0.93,6.22,3.58,2.02,0.1,5.06,15.18,True,Low,Facility D,True,True,1.0,Resell
CON-100242,Pallet,Wood,17.79,39,113,High,Unsafe,56.02,Organic,True,20.48,25.4,0.0,0.0,9.45,3.63,5.25,0.36,2.85,8.54,False,High,Facility D,True,True,1.0,Dispose
CON-100243,Drum,Plastic,6.43,53,125,None,Safe,74.78,None,False,0.0,34.28,29.04,1.4,6.61,3.77,2.41,0.13,6.68,20.05,True,Low,Depot C,True,True,1.0,Resell
CON-100244,Crate,Plastic,6.34,56,74,Critical,Unsafe,79.55,Organic,True,60.94,22.47,0.0,1.16,6.58,3.76,2.38,0.13,6.59,19.77,True,High,Terminal E,False,True,1.0,Recycle
CON-100245,Box,Plastic,7.19,17,54,Medium,Moderate Damage,77.55,None,True,3.25,11.02,9.82,1.46,6.8,1.36,2.6,0.14,7.48,22.45,True,Medium,Hub B,True,True,1.0,Resell
CON-100246,Drum,Plastic,6.02,55,55,Low,Safe,80.19,None,False,6.58,26.47,40.56,1.26,6.5,3.72,2.3,0.12,6.26,18.77,True,Low,Terminal E,True,True,1.0,Resell
CON-100247,Pallet,Plastic,5.81,57,85,Medium,Moderate Damage,65.43,None,True,8.47,21.19,12.91,1.06,6.45,1.2,2.25,0.12,6.04,18.12,True,Medium,Terminal E,True,True,1.0,Resell
CON-100248,Drum,Plastic,5.79,56,171,High,Moderate Damage,36.03,None,True,64.52,44.7,11.62,1.25,6.45,2.19,2.25,0.12,6.02,18.07,True,Medium,Facility D,True,True,1.0,Resell
CON-100249,Box,Plastic,5.6,12,17,High,Moderate Damage,96.46,Hazardous,True,7.46,4.48,0.0,0.0,38.4,2.17,2.2,0.11,5.82,17.47,False,High,Hub B,True,True,1.0,Dispose
CON-100250,Box,Cardboard,1.57,41,73,Medium,Moderate Damage,56.44,None,True,2.45,16.08,6.5,0.12,5.39,0.69,1.19,0.03,0.63,1.88,True,Medium,Depot C,True,True,1.0,Resell
CON-100251,Box,Cardboard,1.58,16,18,None,Safe,87.04,None,False,0.0,5.99,11.1,0.13,5.39,3.19,1.19,0.03,0.63,1.89,True,Low,Depot C,True,True,1.0,Resell
CON-100252,Crate,Plastic,6.55,39,80,Medium,Moderate Damage,57.36,None,True,14.99,26.4,39.57,1.41,6.64,1.29,2.44,0.13,6.81,20.43,True,Medium,Depot C,True,True,1.0,Resell
CON-100253,Drum,Metal,26.74,47,162,Critical,Unsafe,45.58,None,True,88.49,42.36,0.0,13.01,11.69,6.21,7.49,0.53,58.83,176.49,True,High,Warehouse A,False,True,1.0,Recycle
CON-100254,Tote,Plastic,6.23,4,9,High,Moderate Damage,96.75,None,True,17.6,7.39,34.78,1.15,6.56,2.25,2.36,0.12,6.47,19.42,True,Medium,Depot C,False,True,1.0,Resell
CON-100255,Box,Plastic,5.81,7,17,Low,Minor Damage,77.92,None,False,0.73,7.26,13.98,1.25,6.45,3.7,2.25,0.12,6.04,18.13,True,Low,Terminal E,True,True,1.0,Resell
CON-100256,Pallet,Wood,22.22,54,111,Critical,Unsafe,67.06,Organic,True,36.73,23.54,0.0,0.0,10.56,5.67,6.36,0.44,3.56,10.67,False,High,Terminal E,False,True,1.0,Dispose
CON-100257,Drum,Plastic,5.36,1,2,None,Safe,74.54,None,False,0.0,22.02,122.32,1.0,6.34,3.64,2.14,0.11,5.58,16.73,True,Low,Warehouse A,True,True,1.0,Resell
CON-100258,Drum,Plastic,5.43,4,3,None,Safe,73.18,None,False,0.0,22.32,122.55,1.06,6.36,3.65,2.16,0.11,5.65,16.95,True,Low,Depot C,False,True,1.0,Resell
CON-100259,Box,Cardboard,1.71,43,104,Critical,Unsafe,68.47,None,True,13.37,17.38,0.0,0.15,5.43,3.21,1.23,0.03,0.68,2.05,True,High,Warehouse A,True,True,1.0,Recycle
CON-100260,Drum,Plastic,7.11,18,54,Medium,Moderate Damage,65.2,None,True,26.85,28.62,87.98,1.31,6.78,1.35,2.58,0.14,7.39,22.18,True,Medium,Warehouse A,True,True,1.0,Resell
CON-100261,Tote,Plastic,5.24,25,70,Critical,Unsafe,60.12,None,True,37.09,18.98,0.0,1.13,6.31,3.63,2.11,0.1,5.44,16.33,True,High,Facility D,False,True,1.0,Recycle
CON-100262,Drum,Metal,24.76,42,60,High,Moderate Damage,58.66,None,True,50.51,30.2,57.08,12.44,11.19,4.47,6.99,0.5,54.47,163.42,True,Medium,Terminal E,True,True,1.0,Resell
CON-100263,Crate,Metal,32.12,25,23,Low,Safe,95.05,None,False,4.01,15.04,61.21,15.96,13.03,6.85,8.83,0.64,70.65,211.96,True,Low,Facility D,True,True,1.0,Resell
CON-100264,Crate,Plastic,4.92,15,32,None,Safe,81.5,Organic,False,0.0,17.97,59.55,0.98,6.23,3.59,2.03,0.1,5.12,15.35,True,Low,Terminal E,False,True,1.0,Resell
CON-100265,Box,Plastic,6.59,2,1,Medium,Moderate Damage,98.73,Hazardous,True,3.39,2.54,0.0,0.0,39.88,1.29,2.45,0.13,6.85,20.56,False,High,Terminal E,True,False,1.0,Dispose
CON-100266,Drum,Plastic,5.67,4,11,Critical,Unsafe,87.84,None,True,106.08,20.92,0.0,1.18,6.42,3.68,2.22,0.11,5.9,17.7,True,High,Depot C,False,True,1.0,Recycle
CON-100267,Pallet,Wood,18.73,54,129,High,Unsafe,57.77,Chemical,True,18.96,26.73,0.0,0.0,24.21,3.75,5.48,0.37,3.0,8.99,False,High,Hub B,False,True,1.0,Dispose
CON-100268,Drum,Metal,27.05,13,13,Medium,Moderate Damage,90.93,None,True,21.03,20.66,107.85,13.09,11.76,3.75,7.56,0.54,59.51,178.54,True,Medium,Facility D,True,False,1.0,Resell
CON-100269,Drum,Metal,35.57,1,2,Low,Safe,83.0,None,False,6.2,20.75,116.73,19.29,13.89,7.27,9.69,0.71,78.25,234.74,True,Low,Hub B,True,True,1.0,Resell
CON-100270,Tote,Plastic,6.01,25,43,High,Moderate Damage,83.19,None,True,21.39,12.82,29.02,1.19,6.5,2.22,2.3,0.12,6.25,18.75,True,Medium,Hub B,True,True,1.0,Resell
CON-100271,Tote,Plastic,6.82,36,110,Medium,Minor Damage,71.97,None,True,7.33,21.2,17.22,1.32,6.71,1.32,2.51,0.14,7.1,21.29,True,Medium,Hub B,True,False,1.0,Resell
CON-100272,Box,Plastic,6.15,38,84,Medium,Moderate Damage,62.97,None,True,3.04,16.2,7.31,1.32,6.54,1.24,2.34,0.12,6.4,19.19,True,Medium,Facility D,True,False,1.0,Resell
CON-100273,Box,Cardboard,1.32,49,139,Low,Minor Damage,51.7,None,False,0.62,23.4,3.23,0.11,5.33,3.16,1.13,0.03,0.53,1.58,True,Low,Hub B,True,True,1.0,Resell
CON-100274,Tote,Plastic,6.58,36,59,Medium,Moderate Damage,67.41,None,True,7.62,16.79,18.99,1.29,6.65,1.29,2.45,0.13,6.85,20.54,True,Medium,Depot C,True,True,1.0,Resell
CON-100275,Drum,Metal,34.94,46,120,Medium,Moderate Damage,53.35,Organic,True,24.99,37.0,36.34,18.43,13.73,4.69,9.53,0.7,76.86,230.59,True,Medium,Hub B,True,True,1.0,Resell
CON-100276,Pallet,Wood,21.88,8,13,Low,Minor Damage,89.03,None,False,2.16,10.45,42.59,0.0,10.47,5.63,6.27,0.44,3.5,10.5,False,Low,Depot C,True,True,1.0,Resell
CON-100277,Box,Cardboard,1.76,39,25,Medium,Moderate Damage,80.28,None,True,2.83,7.71,8.52,0.15,5.44,0.71,1.24,0.04,0.7,2.11,True,Medium,Depot C,True,True,1.0,Resell
CON-100278,Pallet,Plastic,6.1,26,20,None,Safe,69.5,None,False,0.0,14.08,36.14,1.18,6.53,3.73,2.33,0.12,6.35,19.04,True,Low,Depot C,True,False,1.0,Resell
CON-100279,Box,Cardboard,1.6,29,35,Medium,Minor Damage,64.23,None,True,2.79,11.12,9.95,0.14,5.4,0.69,1.2,0.03,0.64,1.92,True,Medium,Warehouse A,False,True,1.0,Resell
CON-100280,Tote,Plastic,6.03,33,60,Medium,Minor Damage,79.11,None,True,7.43,15.13,22.67,1.11,6.51,1.22,2.31,0.12,6.28,18.83,True,Medium,Warehouse A,True,False,1.0,Resell
CON-100281,Pallet,Wood,22.92,28,84,None,Safe,67.07,None,False,0.0,20.84,28.72,0.0,10.73,5.75,6.53,0.46,3.67,11.0,False,Low,Facility D,True,True,0.79,Manual_Review
CON-100282,Box,Cardboard,1.24,12,34,None,Safe,75.95,None,False,0.0,9.26,11.52,0.09,5.31,3.15,1.11,0.02,0.5,1.49,True,Low,Facility D,False,True,1.0,Resell
CON-100283,Tote,Plastic,6.34,40,27,None,Safe,,None,False,0.0,12.66,19.97,1.38,6.58,3.76,2.38,0.13,6.59,19.78,True,Low,Warehouse A,True,True,1.0,Resell
CON-100284,Drum,Plastic,5.75,43,25,High,Moderate Damage,79.0,None,True,51.65,23.65,57.86,1.22,6.44,2.19,2.24,0.11,5.98,17.93,True,Medium,Terminal E,True,True,1.0,Resell
CON-100285,Crate,Wood,20.43,36,33,Low,Safe,93.25,None,False,4.06,16.31,46.81,0.0,10.11,5.45,5.91,0.41,3.27,9.81,False,Low,Warehouse A,True,True,1.0,Resell
CON-100286,Crate,Wood,19.3,42,128,Medium,Minor Damage,69.57,None,True,18.14,29.36,24.47,0.0,9.83,2.82,5.63,0.39,3.09,9.26,False,Medium,Hub B,True,True,1.0,Resell
CON-100287,Box,Plastic,6.35,5,6,Medium,Minor Damage,91.28,Chemical,True,3.1,4.16,13.22,1.38,16.47,1.26,2.39,0.13,6.6,19.8,True,Medium,Depot C,True,True,1.0,Resell
CON-100288,Pallet,Plastic,5.97,22,51,None,Safe,69.0,Organic,False,0.0,17.25,31.54,1.21,6.49,3.72,2.29,0.12,6.2,18.61,True,Low,Depot C,False,True,0.6,Manual_Review
CON-100289,Pallet,Plastic,5.46,24,21,Low,Minor Damage,69.46,None,False,2.36,14.18,35.63,1.05,6.37,3.66,2.17,0.11,5.68,17.05,True,Low,Terminal E,True,True,1.0,Resell
CON-100290,Crate,Wood,23.13,13,16,Low,Safe,74.98,Hazardous,False,4.56,17.35,0.0,0.0,64.7,5.78,6.58,0.46,3.7,11.1,False,High,Warehouse A,False,False,1.0,Dispose
CON-100291,Box,Plastic,6.1,35,67,Medium,Minor Damage,75.63,None,True,3.33,12.61,7.31,1.28,6.53,1.23,2.33,0.12,6.35,19.05,True,Medium,Depot C,True,True,1.0,Resell
CON-100292,Crate,Metal,24.13,16,48,Low,Safe,67.68,None,False,3.45,21.65,55.24,12.22,11.03,5.9,6.83,0.48,53.08,159.24,True,Low,Terminal E,True,True,1.0,Resell
CON-100293,Drum,Metal,24.75,24,28,None,Safe,78.86,None,False,0.0,23.97,89.4,12.1,11.19,5.97,6.99,0.5,54.46,163.38,True,Low,Facility D,True,True,1.0,Resell
CON-100294,Tote,Plastic,6.8,17,38,None,Safe,81.1,None,False,0.0,12.63,29.43,1.38,6.7,3.82,2.5,0.14,7.08,21.23,True,Low,Warehouse A,True,True,1.0,Resell
CON-100295,Drum,Plastic,6.76,23,45,None,Safe,64.38,None,False,0.0,27.84,73.55,1.46,6.69,3.81,2.49,0.14,7.03,21.1,True,Low,Facility D,True,True,1.0,Resell
CON-100296,Pallet,Wood,17.5,24,55,Low,Safe,69.17,None,False,2.33,17.62,31.94,0.0,9.37,5.1,5.17,0.35,2.8,8.4,False,Low,Warehouse A,False,True,1.0,Resell
CON-100297,Drum,Metal,26.92,9,19,Medium,Minor Damage,92.16,None,True,27.75,21.08,104.9,12.51,11.73,3.73,7.53,0.54,59.23,177.7,True,Medium,Hub B,True,True,1.0,Resell
CON-100298,Tote,Plastic,6.91,47,116,High,Unsafe,48.38,None,True,18.77,25.34,0.0,1.37,6.73,2.33,2.53,0.14,7.18,21.55,True,High,Facility D,True,True,1.0,Recycle
CON-100299,Tote,Plastic,6.71,53,148,Low,Minor Damage,65.37,None,False,2.34,25.99,7.22,1.37,6.68,3.8,2.48,0.13,6.98,20.93,True,Low,Warehouse A,True,True,1.0,Resell
CON-100300,Pallet,Plastic,6.78,39,30,None,Safe,66.95,None,False,0.0,15.46,28.05,1.46,6.7,3.81,2.5,0.14,7.05,21.16,True,Low,Terminal E,True,True,1.0,Resell
CON-100301,Tote,Plastic,6.95,50,126,Low,Minor Damage,59.14,None,False,1.63,24.73,9.66,1.4,6.74,3.83,2.54,0.14,7.23,21.69,True,Low,Hub B,False,True,1.0,Resell
CON-100302,Tote,Plastic,5.82,17,32,None,Safe,66.3,None,False,0.0,14.26,28.09,1.19,6.46,3.7,2.26,0.12,6.05,18.16,True,Low,Terminal E,False,True,1.0,Resell
CON-100303,Box,Cardboard,1.51,25,61,Low,Minor Damage,75.53,None,False,0.73,12.02,8.68,0.12,5.38,3.18,1.18,0.03,0.6,1.81,True,Low,Depot C,False,False,1.0,Resell
CON-100304,Drum,Metal,28.96,51,110,Medium,Minor Damage,66.89,None,True,21.64,33.97,32.76,13.92,12.24,3.98,8.04,0.58,63.71,191.13,True,Medium,Depot C,False,True,1.0,Resell
CON-100305,Pallet,Plastic,6.68,11,8,None,Safe,74.82,None,False,0.0,12.08,46.33,1.37,6.67,3.8,2.47,0.13,6.95,20.84,True,Low,Warehouse A,True,True,1.0,Resell
CON-100306,Pallet,Plastic,7.02,28,21,Low,Minor Damage,89.15,None,False,2.04,11.23,31.05,1.37,6.76,3.84,2.56,0.14,7.3,21.91,True,Low,Facility D,True,False,1.0,Resell
CON-100307,Pallet,Plastic,5.85,13,39,Medium,Moderate Damage,86.36,Organic,True,10.04,13.45,41.85,1.22,6.46,1.2,2.26,0.12,6.09,18.26,True,Medium,Terminal E,True,True,1.0,Resell
CON-100308,Pallet,Wood,23.97,50,84,None,Safe,71.04,None,False,0.0,20.24,15.61,0.0,10.99,5.88,6.79,0.48,3.84,11.51,False,Low,Warehouse A,True,True,1.0,Resell
CON-100309,Tote,Plastic,5.63,53,70,High,Moderate Damage,72.36,None,True,14.43,17.15,12.95,1.05,6.41,2.18,2.21,0.11,5.86,17.58,True,Medium,Terminal E,True,False,1.0,Resell
CON-100310,Box,Plastic,6.9,53,152,Low,Minor Damage,48.77,None,False,0.77,25.13,2.72,1.46,6.73,3.83,2.53,0.14,7.18,21.54,True,Low,Depot C,False,True,1.0,Resell
CON-100311,Drum,Metal,27.09,25,60,Low,Safe,67.69,None,False,5.56,28.85,71.52,14.78,11.77,6.25,7.57,0.54,59.61,178.82,True,Low,Terminal E,True,True,1.0,Resell
CON-100312,Crate,Wood,20.44,12,23,Low,Minor Damage,88.84,None,False,3.49,15.97,67.7,0.0,10.11,5.45,5.91,0.41,3.27,9.81,False,Low,Hub B,False,True,1.0,Resell
CON-100313,Crate,Wood,17.83,54,67,Medium,Moderate Damage,81.92,None,True,18.69,21.41,24.03,0.0,9.46,2.64,5.26,0.36,2.85,8.56,False,Medium,Facility D,True,False,1.0,Resell
CON-100314,Crate,Metal,27.79,58,200,None,Safe,45.28,None,False,0.0,40.21,8.78,15.05,11.95,6.33,7.75,0.56,61.13,183.38,True,Low,Depot C,False,True,1.0,Resell
CON-100315,Tote,Plastic,5.95,35,20,Medium,Moderate Damage,84.19,Organic,True,6.96,10.37,25.31,1.3,6.49,1.21,2.29,0.12,6.19,18.56,True,Medium,Terminal E,False,True,1.0,Repair
CON-100316,Drum,Metal,27.91,40,123,Medium,Minor Damage,58.94,None,True,23.72,36.46,40.25,14.27,11.98,3.85,7.78,0.56,61.39,184.17,True,Medium,Depot C,True,True,1.0,Resell
CON-100317,Crate,Plastic,6.85,18,33,None,Safe,64.02,None,False,0.0,20.7,62.56,1.46,6.71,3.82,2.51,0.14,7.12,21.37,True,Low,Depot C,True,False,1.0,Resell
CON-100318,Pallet,Wood,19.78,1,1,Low,Minor Damage,95.77,None,False,2.63,8.24,53.29,0.0,9.95,5.37,5.75,0.4,3.17,9.5,False,Low,Terminal E,True,True,1.0,Resell
CON-100319,Tote,Plastic,5.76,45,44,None,Safe,66.79,None,False,0.0,15.38,18.39,1.18,6.44,3.69,2.24,0.12,5.99,17.96,True,Low,Facility D,True,True,1.0,Resell
CON-100320,Crate,Plastic,4.85,8,12,None,Safe,80.29,None,False,0.0,16.16,73.83,0.98,6.21,3.58,2.01,0.1,5.04,15.12,True,Low,Depot C,True,True,1.0,Resell
CON-100321,Drum,Metal,28.57,19,35,None,Safe,66.95,None,False,0.0,26.46,91.3,15.51,12.14,6.43,7.94,0.57,62.86,188.58,True,Low,Facility D,False,True,1.0,Resell
CON-100322,Crate,Plastic,6.37,46,59,None,Safe,80.06,Organic,False,0.0,20.89,33.39,1.37,6.59,3.76,2.39,0.13,6.62,19.87,True,Low,Depot C,False,True,1.0,Resell
CON-100323,Pallet,Wood,21.3,48,124,High,Moderate Damage,68.88,None,True,18.86,24.57,13.32,0.0,10.32,4.06,6.12,0.43,3.41,10.22,False,Medium,Facility D,True,True,1.0,Resell
CON-100324,Box,Cardboard,1.36,10,7,Medium,Moderate Damage,89.32,None,True,2.74,4.55,12.62,0.11,5.34,0.66,1.14,0.03,0.54,1.63,True,Medium,Hub B,True,True,1.0,Resell
CON-100325,Crate,Plastic,5.92,56,118,Low,Minor Damage,59.94,None,False,4.72,29.81,15.13,1.19,6.48,3.71,2.28,0.12,6.16,18.47,True,Low,Terminal E,False,False,1.0,Resell
CON-100326,Tote,Plastic,6.98,31,65,Medium,Minor Damage,73.74,None,True,7.23,16.44,21.8,1.34,6.75,1.34,2.55,0.14,7.26,21.78,True,Medium,Warehouse A,True,True,1.0,Resell
CON-100327,Drum,Plastic,5.52,50,89,Medium,Moderate Damage,64.29,None,True,24.46,32.26,40.93,1.04,6.38,1.16,2.18,0.11,5.74,17.22,True,Medium,Terminal E,False,True,1.0,Resell
CON-100328,Drum,Plastic,5.33,6,10,None,Safe,82.5,None,False,0.0,21.62,117.02,1.09,6.33,3.64,2.13,0.11,5.54,16.63,True,Low,Depot C,True,False,1.0,Resell
CON-100329,Box,Cardboard,1.28,8,19,Low,Minor Damage,88.04,None,False,0.66,5.94,13.55,0.09,5.32,3.15,1.12,0.03,0.51,1.54,True,Low,Warehouse A,True,True,1.0,Resell
CON-100330,Pallet,Plastic,6.55,15,11,None,Safe,82.99,Hazardous,False,0.0,11.15,0.0,0.0,39.82,3.79,2.44,0.13,6.81,20.42,False,High,Depot C,False,True,1.0,Dispose
CON-100331,Box,Plastic,4.99,49,164,High,Moderate Damage,59.2,None,True,6.87,24.77,2.67,0.93,6.25,2.1,2.05,0.1,5.19,15.58,True,Medium,Depot C,False,True,1.0,Resell
CON-100332,Pallet,Plastic,6.65,29,36,None,Safe,86.82,None,False,0.0,13.08,33.4,1.22,6.66,3.8,2.46,0.13,6.92,20.75,True,Low,Hub B,False,True,1.0,Resell
CON-100333,Crate,Wood,21.03,3,8,None,Safe,90.8,None,False,0.0,14.18,78.43,0.0,10.26,5.52,6.06,0.42,3.37,10.1,False,Low,Hub B,True,True,1.0,Resell
CON-100334,Box,Cardboard,1.58,21,11,None,Safe,80.26,None,False,0.0,6.31,11.28,0.12,5.39,3.19,1.19,0.03,0.63,1.9,True,Low,Warehouse A,False,False,1.0,Resell
CON-100335,Pallet,Wood,20.0,44,103,Low,Safe,77.61,Organic,False,2.7,21.16,18.21,0.0,10.0,5.4,5.8,0.4,3.2,9.6,False,Low,Warehouse A,True,True,1.0,Resell
CON-100336,Crate,Plastic,6.56,2,5,None,Safe,77.27,None,False,0.0,15.91,73.73,1.19,6.64,3.79,2.44,0.13,6.82,20.47,True,Low,Facility D,True,False,1.0,Resell
CON-100337,Pallet,Plastic,5.58,30,39,Low,Safe,90.13,Hazardous,False,2.3,12.88,0.0,0.0,38.37,3.67,2.19,0.11,5.8,17.4,False,High,Depot C,True,True,0.76,Manual_Review
CON-100338,Drum,Metal,34.6,40,122,Low,Safe,65.98,None,False,7.12,35.3,38.99,18.4,13.65,7.15,9.45,0.69,76.11,228.33,True,Low,Hub B,False,False,1.0,Resell
CON-100339,Drum,Plastic,5.07,34,84,Critical,Unsafe,58.14,Organic,True,117.24,32.68,0.0,0.95,6.27,3.61,2.07,0.1,5.27,15.8,True,High,Facility D,True,True,1.0,Recycle
CON-100340,Drum,Plastic,6.06,45,102,High,Moderate Damage,68.61,None,True,44.73,32.91,42.4,1.32,6.52,2.23,2.32,0.12,6.3,18.91,True,Medium,Hub B,False,True,1.0,Resell
CON-100341,Crate,Metal,32.92,57,99,Low,Minor Damage,56.37,None,False,4.19,28.44,16.92,16.56,13.23,6.95,9.03,0.66,72.43,217.28,True,Low,Warehouse A,True,True,1.0,Resell
CON-100342,Box,Cardboard,1.64,35,57,High,Moderate Damage,72.81,None,True,7.09,12.03,7.64,0.12,5.41,1.7,1.21,0.03,0.65,1.96,True,Medium,Terminal E,False,True,1.0,Resell
CON-100343,Drum,Plastic,6.92,11,31,Low,Minor Damage,78.66,None,False,6.08,24.3,102.49,1.41,6.73,3.83,2.53,0.14,7.2,21.59,True,Low,Depot C,True,False,1.0,Resell
CON-100344,Crate,Plastic,6.63,28,83,High,Unsafe,65.15,None,True,31.88,25.53,0.0,1.4,6.66,2.3,2.46,0.13,6.9,20.7,True,High,Depot C,True,True,1.0,Recycle
CON-100345,Drum,Metal,32.72,19,43,None,Safe,61.6,None,False,0.0,28.06,83.44,15.7,13.18,6.93,8.98,0.65,71.97,215.92,True,Low,Hub B,True,True,0.83,Resell
CON-100346,Crate,Metal,30.14,37,121,Medium,Minor Damage,72.97,None,True,13.8,28.15,30.79,14.36,12.53,4.12,8.33,0.6,66.3,198.89,True,Medium,Terminal E,True,True,1.0,Resell
CON-100347,Tote,Plastic,6.17,14,37,None,Safe,68.81,None,False,0.0,14.38,29.38,1.31,6.54,3.74,2.34,0.12,6.41,19.24,True,Low,Terminal E,True,False,1.0,Resell
CON-100348,Tote,Plastic,4.99,4,13,None,Safe,86.96,None,False,0.0,9.26,39.73,0.98,6.25,3.6,2.05,0.1,5.19,15.56,True,Low,Warehouse A,True,False,1.0,Resell
CON-100349,Drum,Metal,27.66,3,4,None,Safe,89.4,None,False,0.0,19.99,120.01,12.87,11.91,6.32,7.71,0.55,60.85,182.54,True,Low,Facility D,False,False,1.0,Resell
CON-100350,Drum,Plastic,6.69,10,8,Low,Safe,84.12,None,False,6.12,21.18,111.28,1.27,6.67,3.8,2.47,0.13,6.95,20.86,True,Low,Facility D,False,True,1.0,Resell
CON-100351,Pallet,Plastic,5.75,37,40,None,Safe,,None,False,0.0,13.79,26.21,1.13,6.44,3.69,2.24,0.11,5.98,17.94,True,Low,Terminal E,True,True,1.0,Resell
CON-100352,Crate,Wood,18.57,39,96,None,Safe,75.72,Hazardous,False,0.0,25.24,0.0,0.0,57.85,5.23,5.44,0.37,2.97,8.91,False,High,Facility D,True,True,1.0,Dispose
CON-100353,Pallet,Wood,21.48,10,27,None,Safe,91.23,None,False,0.0,11.52,38.53,0.0,10.37,5.58,6.17,0.43,3.44,10.31,False,Low,Terminal E,True,True,0.78,Manual_Review
CON-100354,Box,Plastic,5.88,2,2,None,Safe,93.49,None,False,0.0,3.43,14.71,1.12,6.47,3.71,2.27,0.12,6.12,18.35,True,Low,Facility D,True,True,1.0,Resell
CON-100355,Tote,Plastic,5.41,4,5,Medium,Moderate Damage,97.41,None,True,6.43,6.89,39.18,1.06,6.35,1.15,2.15,0.11,5.63,16.89,True,Medium,Depot C,True,True,0.85,Resell
CON-100356,Pallet,Plastic,6.02,46,36,Low,Minor Damage,78.26,None,False,2.09,14.36,23.85,1.13,6.51,3.72,2.31,0.12,6.26,18.78,True,Low,Facility D,True,True,1.0,Resell
CON-100357,Crate,Plastic,5.74,11,6,None,Safe,88.14,Organic,False,0.0,14.38,67.46,1.26,6.44,3.69,2.24,0.11,5.97,17.92,True,Low,Terminal E,True,True,1.0,Resell
CON-100358,Box,Plastic,5.34,22,70,High,Moderate Damage,83.37,Chemical,True,7.99,11.75,9.37,1.09,15.84,2.14,2.14,0.11,5.56,16.67,True,Medium,Hub B,False,True,1.0,Resell
CON-100359,Crate,Metal,27.95,35,31,None,Safe,76.37,None,False,0.0,18.64,48.77,13.14,11.99,6.35,7.79,0.56,61.49,184.48,True,Low,Hub B,True,False,1.0,Resell
CON-100360,Pallet,Wood,18.54,36,75,High,Moderate Damage,79.48,None,True,19.31,18.08,26.16,0.0,9.63,3.72,5.43,0.37,2.97,8.9,False,Medium,Warehouse A,True,True,1.0,Resell
CON-100361,Crate,Wood,22.23,7,6,None,Safe,75.93,None,False,0.0,16.21,75.08,0.0,10.56,5.67,6.36,0.44,3.56,10.67,False,Low,Depot C,True,False,1.0,Resell
CON-100362,Crate,Wood,21.51,31,27,Low,Minor Damage,73.24,None,False,4.56,18.71,49.6,0.0,10.38,5.58,6.18,0.43,3.44,10.32,False,Low,Facility D,False,True,1.0,Resell
CON-100363,Drum,Metal,35.11,27,31,None,Safe,71.07,None,False,0.0,25.44,73.2,19.05,13.78,7.21,9.58,0.7,77.23,231.69,True,Low,Facility D,False,True,1.0,Resell
CON-100364,Drum,Plastic,6.66,39,105,Medium,Moderate Damage,57.39,None,True,28.22,34.89,46.98,1.35,6.67,1.3,2.47,0.13,6.93,20.79,True,Medium,Terminal E,True,False,1.0,Resell
CON-100365,Box,Cardboard,1.51,26,89,Low,Safe,65.47,None,False,0.79,16.33,8.46,0.11,5.38,3.18,1.18,0.03,0.6,1.81,True,Low,Depot C,False,True,1.0,Resell
CON-100366,Crate,Plastic,5.2,19,44,Low,Safe,70.5,None,False,3.94,20.82,62.42,1.07,6.3,3.62,2.1,0.1,5.41,16.22,True,Low,Warehouse A,True,True,1.0,Resell
CON-100367,Tote,Plastic,5.74,21,38,None,Safe,78.79,Organic,False,0.0,12.98,30.83,1.24,6.44,3.69,2.24,0.11,5.97,17.92,True,Low,Facility D,True,True,1.0,Resell
CON-100368,Pallet,Wood,16.73,46,85,Low,Minor Damage,80.44,None,False,2.73,18.93,19.27,0.0,9.18,5.01,4.98,0.33,2.68,8.03,False,Low,Terminal E,True,True,1.0,Resell
CON-100369,Pallet,Plastic,6.16,43,132,Medium,Minor Damage,47.54,None,True,10.85,28.57,14.32,1.21,6.54,1.24,2.34,0.12,6.4,19.21,True,Medium,Depot C,False,True,1.0,Resell
CON-100370,Pallet,Wood,16.03,49,61,Medium,Moderate Damage,72.87,None,True,11.23,17.67,19.39,0.0,9.01,2.42,4.81,0.32,2.56,7.69,False,Medium,Terminal E,False,True,1.0,Resell
CON-100371,Drum,Plastic,5.86,39,89,Medium,Minor Damage,55.73,None,True,25.23,33.54,49.54,1.25,6.47,1.2,2.27,0.12,6.09,18.28,True,Medium,Hub B,True,True,1.0,Resell
CON-100372,Box,Cardboard,1.71,43,96,Low,Minor Damage,70.87,Organic,False,0.63,16.22,5.2,0.15,5.43,3.21,1.23,0.03,0.68,2.05,True,Low,Hub B,True,False,1.0,Resell
CON-100373,Tote,Plastic,7.12,48,107,Medium,Minor Damage,75.81,None,True,7.58,20.33,11.75,1.39,6.78,1.35,2.58,0.14,7.4,22.21,True,Medium,Warehouse A,False,False,1.0,Resell
CON-100374,Box,Plastic,5.59,27,55,High,Moderate Damage,70.64,None,True,7.37,12.15,8.57,1.15,6.4,2.17,2.2,0.11,5.81,17.44,True,Medium,Warehouse A,False,False,1.0,Resell
CON-100375,Crate,Plastic,6.26,21,26,None,Safe,66.99,Chemical,False,0.0,19.55,60.39,1.25,16.41,3.75,2.37,0.13,6.51,19.54,True,Medium,Facility D,False,True,1.0,Resell
CON-100376,Crate,Wood,16.01,2,3,Low,Safe,77.28,None,False,4.18,15.71,73.36,0.0,9.0,4.92,4.8,0.32,2.56,7.69,False,Low,Facility D,False,True,1.0,Resell
CON-100377,Pallet,Wood,21.12,45,60,None,Safe,78.77,None,False,0.0,16.68,21.53,0.0,10.28,5.53,6.08,0.42,3.38,10.14,False,Low,Depot C,True,True,1.0,Resell
CON-100378,Tote,Plastic,6.8,13,19,Low,Minor Damage,68.53,None,False,1.98,12.62,33.14,1.23,6.7,3.82,2.5,0.14,7.07,21.21,True,Low,Hub B,False,True,1.0,Resell
CON-100379,Tote,Plastic,5.91,53,92,High,Moderate Damage,56.55,None,True,19.62,21.72,10.98,1.14,6.48,2.21,2.28,0.12,6.15,18.44,True,Medium,Terminal E,True,True,1.0,Resell
CON-100380,Crate,Wood,23.76,18,54,Low,Minor Damage,59.69,None,False,4.55,23.45,58.4,0.0,10.94,5.85,6.74,0.48,3.8,11.4,False,Low,Terminal E,False,True,1.0,Resell
CON-100381,Crate,Metal,34.29,46,27,None,Safe,92.0,None,False,0.0,15.9,41.81,16.71,13.57,7.12,9.37,0.69,75.45,226.34,True,Low,Depot C,True,False,1.0,Resell
CON-100382,Box,Cardboard,1.75,29,58,None,Safe,61.25,None,False,0.0,13.86,8.29,0.14,5.44,3.21,1.24,0.03,0.7,2.1,True,Low,Facility D,True,True,1.0,Resell
CON-100383,Tote,Plastic,5.29,3,5,Medium,Minor Damage,98.88,Organic,True,8.6,6.67,41.72,1.08,6.32,1.14,2.12,0.11,5.5,16.51,True,Medium,Warehouse A,True,True,1.0,Resell
CON-100384,Crate,Wood,20.62,20,48,None,Safe,80.77,None,False,0.0,19.68,52.86,0.0,10.16,5.47,5.96,0.41,3.3,9.9,False,Low,Depot C,True,True,1.0,Resell
CON-100385,Pallet,Plastic,5.07,40,87,None,Safe,76.4,None,False,0.0,19.74,20.66,0.98,6.27,3.61,2.07,0.1,5.28,15.83,True,Low,Hub B,True,False,1.0,Resell
CON-100386,Tote,Plastic,6.1,4,3,None,Safe,72.3,None,False,0.0,10.45,34.73,1.19,6.52,3.73,2.32,0.12,6.34,19.02,True,Low,Warehouse A,False,True,1.0,Resell
CON-100387,Tote,Plastic,6.28,20,29,Medium,Minor Damage,72.81,None,True,8.11,12.98,30.69,1.37,6.57,1.25,2.37,0.13,6.53,19.59,True,Medium,Facility D,True,True,1.0,Resell
CON-100388,Drum,Metal,29.47,44,107,Medium,Moderate Damage,64.48,None,True,20.58,34.03,45.24,15.9,12.37,4.04,8.17,0.59,64.83,194.48,True,Medium,Depot C,True,True,1.0,Resell
CON-100389,Crate,Plastic,5.89,2,1,Medium,Minor Damage,89.26,None,True,13.89,13.71,77.63,1.24,6.47,1.21,2.27,0.12,6.12,18.37,True,Medium,Terminal E,True,False,1.0,Resell
CON-100390,Box,Plastic,6.13,5,14,Low,,85.18,None,False,0.79,5.87,13.59,1.24,6.53,3.74,2.33,0.12,6.38,19.14,True,Low,Facility D,False,True,1.0,Resell
CON-100391,Tote,Plastic,6.68,28,61,Low,Minor Damage,71.46,None,False,2.13,16.38,22.66,1.22,6.67,3.8,2.47,0.13,6.95,20.85,True,Low,Terminal E,False,True,1.0,Resell
CON-100392,Tote,Plastic,6.77,12,17,,Safe,94.51,Organic,False,0.0,8.52,31.19,1.44,6.69,3.81,2.49,0.14,7.04,21.13,True,Low,Facility D,True,True,1.0,Resell
CON-100393,Pallet,Wood,23.1,58,160,High,Moderate Damage,45.29,None,True,22.08,31.71,5.16,0.0,10.77,4.27,6.57,0.46,3.7,11.09,False,Medium,Depot C,False,False,1.0,Resell
CON-100394,Crate,Plastic,6.17,59,149,Medium,Moderate Damage,48.67,Chemical,True,19.14,34.6,9.7,1.25,16.36,1.24,2.34,0.12,6.42,19.25,True,Medium,Terminal E,False,True,1.0,Resell
CON-100395,Tote,Plastic,4.8,36,106,Low,Minor Damage,75.51,None,False,1.62,20.27,16.37,0.95,6.2,3.58,2.0,0.1,4.99,14.98,True,Low,Terminal E,False,True,1.0,Resell
CON-100396,Drum,Metal,31.95,31,28,Low,Minor Damage,69.1,None,False,5.8,25.43,73.95,15.3,12.99,6.83,8.79,0.64,70.29,210.87,True,Low,Hub B,True,True,1.0,Recycle
CON-100397,Drum,Metal,25.02,42,122,None,,48.79,Organic,False,0.0,37.88,41.9,13.58,11.25,6.0,7.05,0.5,55.04,165.11,True,Low,Terminal E,True,True,1.0,Resell
CON-100398,Drum,Plastic,5.65,12,21,High,Moderate Damage,78.46,None,True,48.31,23.33,107.53,1.13,6.41,2.18,2.21,0.11,5.88,17.64,True,Medium,Facility D,True,True,1.0,Resell
CON-100399,Crate,Wood,20.64,45,33,Low,Minor Damage,79.45,Organic,False,4.62,18.38,35.45,0.0,10.16,5.48,5.96,0.41,3.3,9.91,False,Low,Warehouse A,True,True,1.0,Resell
CON-100400,Box,Plastic,6.27,58,88,Medium,Minor Damage,68.33,None,True,2.96,15.8,3.67,1.31,6.57,1.25,2.37,0.13,6.52,19.57,True,Medium,Facility D,True,True,1.0,Resell
CON-100401,Tote,Plastic,6.54,37,47,Low,Minor Damage,73.26,None,False,2.13,14.71,21.75,1.25,6.64,3.79,2.44,0.13,6.81,20.42,True,Low,Terminal E,True,True,1.0,Resell
CON-100402,Box,Plastic,5.4,40,53,Medium,Moderate Damage,88.97,None,True,2.61,9.2,6.83,1.1,6.35,1.15,2.15,0.11,5.62,16.86,True,Medium,Hub B,False,True,1.0,Resell
CON-100403,Pallet,Plastic,5.23,34,104,Critical,Unsafe,49.68,Organic,True,44.12,25.45,0.0,1.11,6.31,3.63,2.11,0.1,5.44,16.33,True,High,Facility D,False,True,1.0,Recycle
CON-100404,Drum,Metal,26.53,47,142,Medium,Minor Damage,52.33,None,True,20.31,39.35,31.03,12.38,11.63,3.68,7.43,0.53,58.37,175.1,True,Medium,Facility D,False,True,1.0,Resell
CON-100405,Tote,Plastic,5.71,46,76,Critical,Unsafe,80.45,None,True,27.36,16.53,0.0,1.24,6.43,3.69,2.23,0.11,5.94,17.82,True,High,Facility D,False,True,1.0,Recycle
CON-100406,Box,Cardboard,1.75,41,64,None,Safe,68.89,Organic,False,0.0,13.32,7.14,0.13,5.44,3.21,1.24,0.04,0.7,2.1,True,Low,Depot C,True,True,1.0,Resell
CON-100407,Drum,Metal,32.81,38,106,Critical,Unsafe,58.47,None,True,94.38,34.83,0.0,14.8,13.2,6.94,9.0,0.66,72.19,216.56,True,High,Warehouse A,True,True,1.0,Recycle
CON-100408,Tote,Plastic,6.45,23,26,Low,Minor Damage,87.24,None,False,2.1,10.51,26.04,1.17,6.61,3.77,2.41,0.13,6.7,20.11,True,Low,Terminal E,True,False,1.0,Resell
CON-100409,Box,Cardboard,1.71,9,14,None,Safe,70.32,None,False,0.0,8.1,13.75,0.13,5.43,3.21,1.23,0.03,0.69,2.06,True,Low,Facility D,True,True,1.0,Resell
CON-100410,Drum,Plastic,5.42,50,36,Medium,Minor Damage,81.32,None,True,19.78,24.4,49.64,1.18,6.35,1.15,2.15,0.11,5.63,16.9,True,Medium,Depot C,True,True,1.0,Resell
CON-100411,Pallet,Plastic,5.23,32,26,None,Safe,88.25,None,False,0.0,11.86,32.3,1.13,6.31,3.63,2.11,0.1,5.44,16.31,True,Low,Depot C,True,True,1.0,Resell
CON-100412,Crate,Plastic,4.85,32,30,Low,Safe,66.01,Organic,False,3.63,20.1,51.23,1.01,6.21,3.58,2.01,0.1,5.04,15.12,True,Low,Facility D,True,False,1.0,Resell
CON-100413,Drum,Plastic,5.77,47,133,Medium,Minor Damage,57.2,None,True,28.36,37.72,28.53,1.23,6.44,1.19,2.24,0.12,6.0,18.0,True,Medium,Facility D,True,False,1.0,Resell
CON-100414,Crate,Metal,27.63,4,9,Medium,Minor Damage,87.24,None,True,14.98,14.81,80.69,14.76,11.91,3.82,7.71,0.55,60.79,182.38,True,Medium,Depot C,True,True,1.0,Resell
CON-100415,Pallet,Plastic,6.47,58,47,None,Safe,76.0,None,False,0.0,15.8,17.56,1.28,6.62,3.78,2.42,0.13,6.73,20.19,True,Low,Hub B,True,True,1.0,Resell
CON-100416,Tote,Plastic,5.97,5,14,None,Safe,82.21,None,False,0.0,10.07,40.31,1.27,6.49,3.72,2.29,0.12,6.21,18.64,True,Low,Warehouse A,True,True,1.0,Resell
CON-100417,Box,Plastic,5.08,52,128,Medium,Moderate Damage,46.2,None,True,3.04,23.12,3.61,1.07,6.27,1.11,2.07,0.1,5.29,15.86,True,Medium,Hub B,True,True,1.0,Resell
CON-100418,Box,Plastic,6.98,40,25,High,Moderate Damage,94.57,None,True,7.84,5.56,8.47,1.48,6.74,2.34,2.54,0.14,7.26,21.77,True,Medium,Warehouse A,False,False,1.0,Resell
CON-100419,Box,Cardboard,1.5,52,122,High,Moderate Damage,51.47,None,True,7.59,21.73,3.49,0.13,5.37,1.68,1.17,0.03,0.6,1.8,True,Medium,Facility D,True,True,1.0,Resell
CON-100420,Pallet,Plastic,6.81,51,58,None,Safe,70.61,None,False,0.0,17.71,18.08,1.26,6.7,3.82,2.5,0.14,7.08,21.24,True,Low,Hub B,False,True,1.0,Resell
CON-100421,Drum,Metal,35.11,3,2,None,Safe,76.27,Chemical,False,0.0,21.76,104.69,17.51,34.44,7.21,9.58,0.7,77.24,231.71,True,Medium,Warehouse A,True,True,1.0,Resell
CON-100422,Tote,Plastic,5.8,52,149,Low,Minor Damage,49.43,None,False,2.11,28.49,6.85,1.17,6.45,3.7,2.25,0.12,6.03,18.09,True,Low,Facility D,True,True,1.0,Resell
CON-100423,Pallet,Plastic,6.27,6,14,None,Safe,86.76,Hazardous,False,0.0,10.89,0.0,0.0,39.4,3.75,2.37,0.13,6.52,19.56,False,High,Hub B,True,True,1.0,Dispose
CON-100424,Box,Plastic,6.87,35,70,Medium,Moderate Damage,62.89,None,True,2.73,14.82,7.89,1.29,6.72,1.32,2.52,0.14,7.15,21.44,True,Medium,Hub B,False,True,1.0,Resell
CON-100425,Box,Cardboard,1.59,19,21,None,Safe,85.77,None,False,0.0,6.48,12.22,0.13,5.4,3.19,1.2,0.03,0.63,1.9,True,Low,Warehouse A,True,True,1.0,Resell
CON-100426,Box,Plastic,6.04,5,15,None,Safe,79.22,Organic,False,0.0,6.87,13.32,1.13,6.51,3.72,2.31,0.12,6.28,18.83,True,Low,Depot C,True,True,1.0,Resell
CON-100427,Drum,Metal,28.51,15,10,None,Safe,96.37,None,False,0.0,19.54,98.32,13.44,12.13,6.42,7.93,0.57,62.71,188.14,True,Low,Terminal E,False,True,1.0,Resell
CON-100428,Pallet,Plastic,7.14,13,19,None,Safe,,None,False,0.0,13.08,37.94,1.32,6.79,3.86,2.59,0.14,7.43,22.28,True,Low,Facility D,False,True,1.0,Resell
CON-100429,Crate,Metal,25.88,51,123,High,Moderate Damage,58.06,None,True,32.11,30.59,19.73,12.71,11.47,4.61,7.27,0.52,56.94,170.82,True,Medium,Terminal E,False,True,1.0,Resell
CON-100430,Crate,Wood,21.84,48,149,High,Moderate Damage,60.38,None,True,41.64,32.84,18.04,0.0,10.46,4.12,6.26,0.44,3.49,10.48,False,Medium,Terminal E,True,False,1.0,Resell
CON-100431,Box,Cardboard,1.79,47,131,Medium,Minor Damage,61.03,None,True,3.37,21.2,3.94,0.15,5.45,0.72,1.25,0.04,0.72,2.15,True,Medium,Warehouse A,False,True,1.0,Resell
CON-100432,Box,Plastic,7.08,9,14,Low,Safe,77.77,None,False,0.74,6.98,12.15,1.36,6.77,3.85,2.57,0.14,7.36,22.09,True,Low,Facility D,True,True,1.0,Resell
CON-100433,Drum,Metal,33.48,24,57,Low,Safe,62.79,None,False,6.94,29.28,70.86,16.18,13.37,7.02,9.17,0.67,73.65,220.96,True,Low,Warehouse A,True,True,1.0,Resell
CON-100434,Tote,Plastic,6.69,6,14,Medium,Moderate Damage,75.13,Chemical,True,9.43,11.13,33.23,1.38,16.68,1.3,2.47,0.13,6.96,20.87,True,Medium,Warehouse A,True,True,1.0,Resell
CON-100435,Crate,Plastic,5.22,36,94,Low,Safe,77.05,None,False,4.06,24.84,34.97,1.08,6.31,3.63,2.11,0.1,5.43,16.29,True,Low,Terminal E,True,True,1.0,Resell
CON-100436,Tote,Plastic,5.47,5,8,Low,Minor Damage,83.81,None,False,1.7,9.23,37.56,1.14,6.37,3.66,2.17,0.11,5.68,17.05,True,Low,Terminal E,True,True,1.0,Resell
CON-100437,Box,Cardboard,1.74,30,22,None,Safe,68.66,None,False,0.0,9.15,9.42,0.15,5.43,3.21,1.23,0.03,0.69,2.08,True,Low,Warehouse A,True,True,1.0,Resell
CON-100438,Pallet,Wood,20.17,41,23,Medium,Moderate Damage,66.31,None,True,8.53,14.85,27.43,0.0,10.04,2.92,5.84,0.4,3.23,9.68,False,Medium,Depot C,False,True,1.0,Resell
CON-100439,Pallet,Wood,16.18,52,62,None,Safe,75.25,None,False,0.0,17.41,17.24,0.0,9.04,4.94,4.84,0.32,2.59,7.76,False,Low,Depot C,False,False,1.0,Resell
CON-100440,Tote,Plastic,5.9,37,33,None,Safe,88.25,None,False,0.0,11.06,21.48,1.18,6.47,3.71,2.27,0.12,6.14,18.41,True,Low,Depot C,True,True,1.0,Resell
CON-100441,Pallet,Wood,21.69,19,19,None,Safe,71.02,None,False,0.0,13.75,40.09,0.0,10.42,5.6,6.22,0.43,3.47,10.41,False,Low,Hub B,True,True,1.0,Resell
CON-100442,Tote,Plastic,5.86,24,25,Medium,Minor Damage,75.03,None,True,6.87,12.24,31.12,1.16,6.46,1.2,2.26,0.12,6.09,18.28,True,Medium,Hub B,True,True,1.0,Resell
CON-100443,Drum,Metal,35.37,60,87,Medium,Minor Damage,53.5,None,True,24.07,33.68,27.37,18.21,13.84,4.74,9.64,0.71,77.82,233.46,True,Medium,Depot C,False,True,1.0,Resell
CON-100444,Tote,Plastic,6.72,47,151,Low,Minor Damage,59.64,None,False,1.98,27.15,8.41,1.22,6.68,3.81,2.48,0.13,6.99,20.96,True,Low,Terminal E,True,True,0.75,Manual_Review
CON-100445,Pallet,Plastic,5.66,21,13,Medium,Minor Damage,79.9,Organic,True,11.74,11.82,36.08,1.08,6.41,1.18,2.21,0.11,5.88,17.65,True,Medium,Warehouse A,True,False,1.0,Resell
CON-100446,Box,Plastic,5.27,21,48,Medium,Minor Damage,63.15,None,True,2.58,12.58,10.12,1.13,6.32,1.13,2.12,0.11,5.48,16.43,True,Medium,Depot C,False,True,0.64,Manual_Review
CON-100447,Crate,Plastic,6.9,6,6,Low,Minor Damage,76.55,None,False,3.91,16.12,72.99,1.29,6.72,3.83,2.52,0.14,7.17,21.52,True,Low,Facility D,False,True,1.0,Resell
CON-100448,Pallet,Wood,18.43,56,116,Medium,Moderate Damage,74.82,Organic,True,11.02,22.88,11.36,0.0,9.61,2.71,5.41,0.37,2.95,8.84,False,Medium,Warehouse A,True,True,1.0,Resell
CON-100449,Pallet,Plastic,6.5,49,158,None,Safe,62.82,None,False,0.0,28.88,9.47,1.31,6.63,3.78,2.43,0.13,6.76,20.29,True,Low,Warehouse A,True,False,1.0,Resell
CON-100450,Drum,Metal,24.32,1,0,None,Safe,71.32,None,False,0.0,22.3,126.74,12.09,11.08,5.92,6.88,0.49,53.51,160.53,True,Low,Depot C,False,True,1.0,Resell
CON-100451,Pallet,Wood,16.95,18,35,None,Safe,75.03,None,False,0.0,14.75,36.46,0.0,9.24,5.03,5.04,0.34,2.71,8.14,False,Low,Facility D,False,True,1.0,Resell
CON-100452,Box,Plastic,6.03,37,20,Low,Minor Damage,91.11,Organic,False,0.7,5.58,8.07,1.3,6.51,3.72,2.31,0.12,6.27,18.81,True,Low,Hub B,True,True,1.0,Resell
CON-100453,Crate,Wood,18.32,34,82,High,Moderate Damage,68.18,None,True,31.44,24.97,41.79,0.0,9.58,3.7,5.38,0.37,2.93,8.79,False,Medium,Warehouse A,True,False,1.0,Resell
CON-100454,Crate,Plastic,6.45,45,71,Low,Minor Damage,61.1,None,False,4.03,24.93,29.46,1.26,6.61,3.77,2.41,0.13,6.7,20.11,True,Low,Facility D,False,True,1.0,Resell
CON-100455,Pallet,Wood,20.03,54,57,Medium,Minor Damage,76.08,None,True,8.47,16.79,18.74,0.0,10.01,2.9,5.81,0.4,3.2,9.61,False,Medium,Hub B,True,True,1.0,Resell
CON-100456,Pallet,Plastic,6.94,39,80,Medium,Moderate Damage,78.83,None,True,10.98,18.67,21.62,1.28,6.73,1.33,2.53,0.14,7.21,21.64,True,Medium,Hub B,True,True,1.0,Resell
CON-100457,Box,Plastic,6.46,51,42,Low,Safe,68.36,None,False,0.61,11.2,6.4,1.19,6.61,3.77,2.41,0.13,6.72,20.15,True,Low,Terminal E,True,True,1.0,Resell
CON-100458,Box,Plastic,6.4,49,38,None,Safe,64.8,Chemical,False,0.0,11.33,6.13,1.38,16.5,3.77,2.4,0.13,6.66,19.97,True,Medium,Hub B,True,True,1.0,Resell
CON-100459,Crate,Metal,28.17,11,33,Medium,Minor Damage,78.25,None,True,18.05,18.56,60.23,14.83,12.04,3.88,7.84,0.56,61.98,185.95,True,Medium,Terminal E,True,True,1.0,Resell
CON-100460,Tote,Plastic,7.14,7,22,Medium,Moderate Damage,84.61,None,True,7.81,10.51,36.07,1.56,6.78,1.36,2.58,0.14,7.42,22.27,True,Medium,Hub B,True,True,1.0,Resell
CON-100461,Drum,Metal,33.14,21,18,Medium,Minor Damage,80.81,None,True,22.67,22.68,90.4,15.87,13.28,4.48,9.08,0.66,72.9,218.7,True,Medium,Warehouse A,True,True,1.0,Resell
CON-100462,Drum,Plastic,6.45,54,98,Medium,Moderate Damage,71.68,None,True,21.01,32.05,33.93,1.18,6.61,1.27,2.41,0.13,6.71,20.12,True,Medium,Facility D,True,True,0.77,Manual_Review
CON-100463,Box,Plastic,5.85,43,108,Medium,Minor Damage,74.1,None,True,3.11,16.94,5.2,1.08,6.46,1.2,2.26,0.12,6.09,18.26,True,Medium,Hub B,True,True,1.0,Resell
CON-100464,Tote,Plastic,5.09,54,95,Medium,Moderate Damage,72.64,None,True,8.26,19.6,11.26,0.97,6.27,1.11,2.07,0.1,5.3,15.9,True,Medium,Facility D,True,True,1.0,Resell
CON-100465,Drum,Plastic,5.15,30,24,None,Safe,80.52,None,False,0.0,23.32,74.03,1.12,6.29,3.62,2.09,0.1,5.36,16.08,True,Low,Warehouse A,True,True,1.0,Resell
CON-100466,Box,Cardboard,1.43,44,65,Critical,Unsafe,68.34,None,True,10.59,13.5,0.0,0.12,5.36,3.17,1.16,0.03,0.57,1.72,True,High,Facility D,False,True,1.0,Recycle
CON-100467,Drum,Plastic,6.01,35,53,Low,Safe,60.82,None,False,5.83,29.18,59.16,1.3,6.5,3.72,2.3,0.12,6.25,18.76,True,Low,Facility D,False,True,1.0,Resell
CON-100468,Box,Cardboard,1.31,43,132,None,Safe,47.06,Organic,False,0.0,23.39,4.28,0.1,5.33,3.16,1.13,0.03,0.52,1.57,True,Low,Depot C,False,True,1.0,Resell
CON-100469,Drum,Plastic,5.94,55,53,None,Safe,77.66,None,False,0.0,26.65,41.24,1.3,6.49,3.71,2.29,0.12,6.18,18.54,True,Low,Terminal E,True,True,1.0,Resell
CON-100470,Box,Cardboard,1.7,23,67,Low,Safe,63.64,None,False,0.71,14.4,9.78,0.13,5.43,3.2,1.23,0.03,0.68,2.04,True,Low,Depot C,False,True,1.0,Resell
CON-100471,Pallet,Plastic,6.22,59,151,High,Unsafe,66.37,None,True,22.85,27.65,0.0,1.13,6.56,2.25,2.36,0.12,6.47,19.41,True,High,Facility D,False,True,0.69,Manual_Review
CON-100472,Box,Plastic,5.71,25,36,None,Safe,68.55,None,False,0.0,10.57,9.36,1.18,6.43,3.68,2.23,0.11,5.93,17.8,True,Low,Depot C,False,False,1.0,Resell
CON-100473,Pallet,Plastic,5.67,28,30,None,Safe,68.79,Organic,False,0.0,15.18,33.24,1.09,6.42,3.68,2.22,0.11,5.9,17.7,True,Low,Warehouse A,True,False,1.0,Resell
CON-100474,Box,Cardboard,1.56,18,12,Medium,Moderate Damage,84.79,None,True,2.49,5.73,11.58,0.13,5.39,0.69,1.19,0.03,0.62,1.87,True,Medium,Terminal E,True,True,1.0,Resell
CON-100475,Drum,Plastic,5.4,33,61,Medium,Minor Damage,61.37,None,True,24.16,29.89,67.44,1.01,6.35,1.15,2.15,0.11,5.62,16.86,True,Medium,Facility D,True,True,1.0,Resell
CON-100476,Tote,Plastic,7.04,47,111,Low,Safe,66.87,Organic,False,1.72,22.07,11.45,1.46,6.76,3.85,2.56,0.14,7.32,21.97,True,Low,Depot C,False,True,1.0,Resell
CON-100477,Box,Cardboard,1.71,18,53,Medium,Minor Damage,81.71,None,True,2.89,10.29,10.93,0.13,5.43,0.7,1.23,0.03,0.68,2.05,True,Medium,Hub B,True,True,1.0,Resell
CON-100478,Drum,Plastic,5.81,58,35,Low,Safe,84.82,None,False,6.7,23.78,38.04,1.11,6.45,3.7,2.25,0.12,6.05,18.14,True,Low,Terminal E,True,True,1.0,Resell
CON-100479,Box,Cardboard,1.72,6,8,None,Safe,72.38,None,False,0.0,7.19,14.97,0.13,5.43,3.21,1.23,0.03,0.69,2.06,True,Low,Depot C,True,True,1.0,Resell
CON-100480,Pallet,Wood,16.9,48,96,None,Safe,65.14,None,False,0.0,22.33,17.48,0.0,9.22,5.03,5.02,0.34,2.7,8.11,False,Low,Terminal E,True,True,1.0,Resell
CON-100481,Box,Plastic,5.59,38,103,Medium,Minor Damage,51.33,None,True,2.53,19.85,5.86,1.05,6.4,1.17,2.2,0.11,5.81,17.44,True,Medium,Depot C,False,True,1.0,Resell
CON-100482,Drum,Plastic,6.48,8,11,None,Safe,83.55,None,False,0.0,21.57,102.29,1.24,6.62,3.78,2.42,0.13,6.74,20.21,True,Low,Hub B,True,True,1.0,Resell
CON-100483,Box,Cardboard,1.7,43,124,High,Moderate Damage,54.48,None,True,6.05,21.48,5.11,0.14,5.43,1.7,1.23,0.03,0.68,2.05,True,Medium,Depot C,True,True,1.0,Resell
CON-100484,Drum,Plastic,4.82,26,85,Medium,Moderate Damage,73.97,None,True,26.46,30.4,74.37,0.92,6.2,1.08,2.0,0.1,5.01,15.03,True,Medium,Hub B,False,True,1.0,Resell
CON-100485,Drum,Metal,27.29,6,17,,Minor Damage,82.47,Chemical,False,6.82,22.33,106.83,14.24,29.56,6.27,7.62,0.55,60.03,180.1,True,Medium,Warehouse A,True,True,1.0,Resell
CON-100486,Tote,Plastic,5.89,2,5,Medium,Minor Damage,80.1,None,True,6.84,9.49,41.06,1.15,6.47,1.21,2.27,0.12,6.12,18.37,True,Medium,Depot C,True,False,1.0,Resell
CON-100487,Tote,Plastic,6.83,44,76,None,Safe,71.26,None,False,0.0,17.91,17.54,1.27,6.71,3.82,2.51,0.14,7.11,21.32,True,Low,Hub B,True,True,1.0,Resell
CON-100488,Pallet,Plastic,6.9,54,170,High,Moderate Damage,65.38,None,True,23.03,29.69,5.43,1.41,6.73,2.33,2.53,0.14,7.18,21.54,True,Medium,Hub B,True,True,1.0,Resell
CON-100489,Pallet,Wood,19.21,28,64,Medium,Minor Damage,84.53,None,True,11.79,16.22,28.82,0.0,9.8,2.8,5.6,0.38,3.07,9.22,False,Medium,Warehouse A,True,False,1.0,Resell
CON-100490,Drum,Plastic,5.08,46,51,Low,Minor Damage,81.16,None,False,5.11,25.93,52.5,1.09,6.27,3.61,2.07,0.1,5.29,15.86,True,Low,Terminal E,True,True,1.0,Resell
CON-100491,Pallet,Plastic,6.7,2,2,None,Safe,92.54,None,False,0.0,8.82,48.32,1.27,6.68,3.8,2.48,0.13,6.97,20.91,True,Low,Terminal E,False,True,0.55,Manual_Review
CON-100492,Crate,Metal,28.77,14,36,Medium,Moderate Damage,70.72,None,True,13.41,19.99,59.97,13.12,12.19,3.95,7.99,0.58,63.3,189.89,True,Medium,Depot C,True,True,1.0,Resell
CON-100493,Tote,Plastic,4.81,33,77,Medium,Moderate Damage,55.27,None,True,6.82,20.41,21.35,1.04,6.2,1.08,2.0,0.1,5.01,15.02,True,Medium,Warehouse A,True,True,1.0,Resell
CON-100494,Crate,Plastic,5.12,21,55,Low,Minor Damage,84.75,None,False,3.27,19.79,50.23,0.95,6.28,3.61,2.08,0.1,5.32,15.96,True,Low,Depot C,True,True,1.0,Resell
CON-100495,Tote,Plastic,6.04,28,88,High,Unsafe,60.29,None,True,21.24,20.76,0.0,1.22,6.51,2.22,2.31,0.12,6.28,18.85,True,High,Facility D,True,True,1.0,Recycle
CON-100496,Pallet,Wood,16.29,17,16,None,Safe,83.71,None,False,0.0,11.54,43.85,0.0,9.07,4.95,4.87,0.33,2.61,7.82,False,Low,Facility D,True,True,1.0,Resell
CON-100497,Drum,Plastic,5.98,55,146,Medium,Minor Damage,67.09,None,True,27.53,37.54,17.42,1.12,6.5,1.22,2.3,0.12,6.22,18.67,True,Medium,Hub B,True,False,1.0,Resell
CON-100498,Tote,Plastic,6.06,37,38,High,Moderate Damage,85.02,None,True,15.08,12.05,22.15,1.17,6.52,2.23,2.32,0.12,6.3,18.91,True,Medium,Depot C,True,True,1.0,Resell
CON-100499,Box,Plastic,5.17,6,11,High,Unsafe,84.18,None,True,7.0,5.72,0.0,0.93,6.29,2.12,2.09,0.1,5.38,16.13,True,High,Warehouse A,False,True,1.0,Recycle
CON-100500,Tote,Plastic,5.31,4,11,None,Safe,88.1,None,False,0.0,8.88,34.18,0.97,6.33,3.64,2.13,0.11,5.52,16.56,True,Low,Terminal E,False,True,1.0,Resell
CON-100501,Drum,Metal,24.25,14,13,Medium,Moderate Damage,88.85,None,True,25.48,20.97,105.14,11.2,11.06,3.41,6.86,0.48,53.34,160.02,True,Medium,Facility D,False,True,1.0,Resell
CON-100502,Crate,Metal,25.15,24,48,Medium,Moderate Damage,77.04,None,True,14.52,20.24,51.93,12.83,11.29,3.52,7.09,0.5,55.34,166.01,True,Medium,Warehouse A,False,True,1.0,Resell
CON-100503,Drum,Metal,24.49,22,75,Medium,Minor Damage,65.57,None,True,28.13,30.66,78.83,12.31,11.12,3.44,6.92,0.49,53.87,161.6,True,Medium,Terminal E,True,True,1.0,Resell
CON-100504,Drum,Plastic,5.16,9,22,None,Safe,70.35,None,False,0.0,24.65,104.4,0.99,6.29,3.62,2.09,0.1,5.36,16.09,True,Low,Warehouse A,True,True,1.0,Resell
CON-100505,Drum,Metal,29.58,47,103,Medium,Moderate Damage,68.74,Hazardous,True,26.58,32.99,0.0,0.0,74.36,4.05,8.19,0.59,65.07,195.2,False,High,Warehouse A,True,True,1.0,Dispose
CON-100506,Pallet,Plastic,4.91,27,84,High,Unsafe,73.78,None,True,24.82,19.83,0.0,0.97,6.23,2.09,2.03,0.1,5.1,15.31,True,High,Depot C,True,True,1.0,Recycle
CON-100507,Box,Plastic,6.89,7,12,Medium,Minor Damage,97.42,Organic,True,2.61,3.84,12.55,1.37,6.72,1.33,2.52,0.14,7.17,21.5,True,Medium,Facility D,False,True,1.0,Resell
CON-100508,Crate,Metal,32.09,45,113,Low,Minor Damage,74.77,None,False,3.51,27.08,24.03,17.06,13.02,6.85,8.82,0.64,70.59,211.77,True,Low,Hub B,True,True,1.0,Resell
CON-100509,Pallet,Plastic,6.82,55,157,Critical,Unsafe,66.02,None,True,36.52,28.3,0.0,1.34,6.71,3.82,2.51,0.14,7.09,21.28,True,High,Warehouse A,True,True,1.0,Recycle
CON-100510,Drum,Plastic,5.93,56,103,High,Moderate Damage,73.36,None,True,61.21,32.3,28.47,1.08,6.48,2.21,2.28,0.12,6.17,18.51,True,Medium,Warehouse A,True,True,1.0,Resell
CON-100511,Tote,Plastic,4.89,26,50,High,Unsafe,83.04,Chemical,True,14.54,13.54,0.0,0.99,15.56,2.09,2.02,0.1,5.08,15.25,True,High,Terminal E,True,True,1.0,Recycle
CON-100512,Drum,Plastic,5.08,40,132,Critical,Unsafe,60.15,None,True,88.18,37.18,0.0,1.06,6.27,3.61,2.07,0.1,5.28,15.85,True,High,Facility D,True,True,1.0,Recycle
CON-100513,Pallet,Plastic,7.01,55,166,Critical,Unsafe,62.87,None,True,46.09,29.67,0.0,1.53,6.75,3.84,2.55,0.14,7.29,21.88,True,High,Depot C,False,True,1.0,Recycle
CON-100514,Crate,Metal,32.99,43,83,Low,Safe,77.42,None,False,3.36,23.69,33.0,16.22,13.25,6.96,9.05,0.66,72.58,217.74,True,Low,Facility D,True,True,1.0,Resell
CON-100515,Box,Plastic,6.91,23,58,None,Safe,63.56,None,False,0.0,13.52,10.58,1.25,6.73,3.83,2.53,0.14,7.19,21.57,True,Low,Warehouse A,True,True,1.0,Resell
CON-100516,Tote,Plastic,5.97,22,62,Low,Safe,64.5,None,False,2.32,17.53,26.54,1.28,6.49,3.72,2.29,0.12,6.21,18.62,True,Low,Terminal E,True,True,1.0,Resell
CON-100517,Drum,Metal,35.7,51,118,Low,Safe,51.69,None,False,5.05,37.05,27.69,18.31,13.92,7.28,9.72,0.71,78.53,235.59,True,Low,Hub B,True,True,1.0,Resell
CON-100518,Tote,Plastic,6.56,7,6,None,Safe,88.76,None,False,0.0,8.29,34.06,1.4,6.64,3.79,2.44,0.13,6.82,20.46,True,Low,Facility D,False,True,1.0,Resell
CON-100519,Crate,Plastic,6.01,6,7,None,Safe,87.78,None,False,0.0,14.53,76.52,1.12,6.5,3.72,2.3,0.12,6.25,18.76,True,Low,Terminal E,False,True,1.0,Resell
CON-100520,Drum,Plastic,7.08,34,98,Medium,Moderate Damage,52.09,None,True,26.59,34.99,55.04,1.48,6.77,1.35,2.57,0.14,7.37,22.1,True,Medium,Terminal E,True,True,1.0,Resell
CON-100521,Pallet,Plastic,4.95,49,29,None,Safe,67.12,None,False,0.0,15.33,20.6,1.02,6.24,3.59,2.04,0.1,5.15,15.44,True,Low,Terminal E,True,True,1.0,Resell
CON-100522,Tote,Plastic,6.53,21,67,High,Moderate Damage,61.79,None,True,18.79,18.43,28.34,1.21,6.63,2.28,2.43,0.13,6.79,20.38,True,Medium,Facility D,False,True,1.0,Resell
CON-100523,Tote,Plastic,6.47,57,167,Medium,Moderate Damage,43.34,None,True,6.67,31.2,4.3,1.3,6.62,1.28,2.42,0.13,6.73,20.2,True,Medium,Facility D,True,False,1.0,Resell
CON-100524,Box,Plastic,6.05,49,117,Critical,Unsafe,75.76,None,True,13.22,17.59,0.0,1.15,6.51,3.73,2.31,0.12,6.29,18.88,True,High,Depot C,False,False,1.0,Recycle
CON-100525,Box,Plastic,5.42,33,51,High,Moderate Damage,67.1,None,True,6.61,12.28,9.27,1.1,6.36,2.15,2.16,0.11,5.64,16.92,True,Medium,Warehouse A,False,True,1.0,Resell
CON-100526,Tote,Plastic,5.64,19,47,High,Moderate Damage,69.17,None,True,16.18,15.32,28.75,1.09,6.41,2.18,2.21,0.11,5.87,17.6,True,Medium,Terminal E,True,True,1.0,Resell
CON-100527,Drum,Plastic,5.0,4,7,Critical,Unsafe,84.31,None,True,96.67,21.05,0.0,1.0,6.25,3.6,2.05,0.1,5.2,15.59,True,High,Terminal E,False,True,1.0,Recycle
CON-100528,Drum,Plastic,6.45,32,86,High,Unsafe,58.09,None,True,45.95,32.89,0.0,1.35,6.61,2.27,2.41,0.13,6.71,20.14,True,High,Hub B,True,True,1.0,Recycle
CON-100529,Box,Cardboard,1.77,24,78,Medium,Minor Damage,66.35,None,True,2.55,15.1,8.89,0.14,5.44,0.71,1.24,0.04,0.71,2.12,True,Medium,Warehouse A,True,True,1.0,Resell
CON-100530,Crate,Plastic,5.97,51,47,Medium,Moderate Damage,89.14,Hazardous,True,18.49,18.33,0.0,0.0,38.95,1.22,2.29,0.12,6.2,18.61,False,High,Hub B,True,True,0.72,Manual_Review
CON-100531,Box,Cardboard,1.45,37,52,High,Unsafe,62.59,None,True,6.68,13.06,0.0,0.12,5.36,1.67,1.16,0.03,0.58,1.74,True,High,Terminal E,True,True,1.0,Recycle
CON-100532,Drum,Plastic,6.4,10,30,Low,Minor Damage,91.32,None,False,6.3,22.3,103.32,1.25,6.6,3.77,2.4,0.13,6.66,19.97,True,Low,Facility D,True,False,1.0,Resell
CON-100533,Drum,Plastic,6.35,56,55,Low,Safe,71.84,None,False,6.5,27.72,41.95,1.29,6.59,3.76,2.39,0.13,6.6,19.81,True,Low,Warehouse A,True,True,1.0,Resell
CON-100534,Box,Cardboard,1.65,33,105,Medium,Minor Damage,59.25,None,True,3.55,18.86,6.94,0.13,5.41,0.7,1.21,0.03,0.66,1.98,True,Medium,Hub B,True,False,1.0,Resell
CON-100535,Tote,Plastic,5.76,3,5,None,Safe,88.8,None,False,0.0,8.18,35.95,1.04,6.44,3.69,2.24,0.12,5.99,17.98,True,Low,Terminal E,True,True,1.0,Resell
CON-100536,Box,Cardboard,1.37,12,15,None,Safe,92.37,None,False,0.0,4.89,13.9,0.11,5.34,3.16,1.14,0.03,0.55,1.65,True,Low,Warehouse A,True,True,0.52,Manual_Review
CON-100537,Drum,Metal,27.84,27,85,Critical,Unsafe,71.73,None,True,86.54,30.74,0.0,13.09,11.96,6.34,7.76,0.56,61.25,183.75,True,High,Terminal E,True,True,1.0,Recycle
CON-100538,Tote,Plastic,7.08,18,12,None,Safe,81.01,None,False,0.0,10.05,29.07,1.28,6.77,3.85,2.57,0.14,7.36,22.08,True,Low,Hub B,True,True,1.0,Resell
CON-100539,Box,Cardboard,1.66,42,119,Medium,Moderate Damage,59.15,Chemical,True,3.42,20.28,5.07,0.13,13.54,0.7,1.21,0.03,0.66,1.99,True,Medium,Hub B,True,False,1.0,Resell
CON-100540,Tote,Plastic,7.11,36,66,High,Moderate Damage,62.42,None,True,18.87,18.24,22.19,1.46,6.78,2.35,2.58,0.14,7.39,22.17,True,Medium,Hub B,True,True,1.0,Resell
CON-100541,Tote,Plastic,6.81,25,87,Medium,Minor Damage,65.05,Organic,True,6.55,19.94,23.09,1.43,6.7,1.32,2.5,0.14,7.09,21.26,True,Medium,Terminal E,True,True,1.0,Resell
CON-100542,Pallet,Plastic,6.91,14,32,High,Unsafe,67.08,None,True,23.72,15.64,0.0,1.51,6.73,2.33,2.53,0.14,7.18,21.55,True,High,Facility D,True,True,1.0,Recycle
CON-100543,Crate,Plastic,5.31,39,57,Medium,Minor Damage,69.21,None,True,15.85,22.32,35.73,1.15,6.33,1.14,2.13,0.11,5.52,16.55,True,Medium,Hub B,False,False,1.0,Resell
CON-100544,Drum,Metal,33.45,42,103,Critical,Unsafe,52.62,None,True,99.76,35.41,0.0,15.46,13.36,7.01,9.16,0.67,73.58,220.75,True,High,Facility D,True,True,1.0,Recycle
CON-100545,Box,Cardboard,1.48,60,64,High,Moderate Damage,80.55,None,True,6.16,11.57,3.69,0.13,5.37,1.68,1.17,0.03,0.59,1.77,True,Medium,Depot C,True,True,1.0,Resell
CON-100546,Pallet,Wood,23.84,24,14,Low,Minor Damage,70.06,None,False,2.21,13.39,38.12,0.0,10.96,5.86,6.76,0.48,3.81,11.44,False,Low,Hub B,False,True,1.0,Resell
CON-100547,Drum,Metal,30.62,43,116,Medium,Minor Damage,74.84,None,True,19.82,33.37,37.54,14.57,12.66,4.17,8.46,0.61,67.37,202.1,True,Medium,Terminal E,True,False,1.0,Resell
CON-100548,Box,Plastic,6.43,57,106,Medium,Moderate Damage,59.57,None,True,2.46,18.91,3.56,1.4,6.61,1.27,2.41,0.13,6.69,20.07,True,Medium,Facility D,False,True,1.0,Resell
CON-100549,Drum,Plastic,6.04,3,9,Medium,Minor Damage,96.79,None,True,24.31,19.38,123.8,1.16,6.51,1.22,2.31,0.12,6.28,18.85,True,Medium,Facility D,True,True,1.0,Resell
CON-100550,Box,Cardboard,1.79,28,94,None,Safe,75.29,Chemical,False,0.0,15.36,7.71,0.13,13.62,3.21,1.25,0.04,0.71,2.14,True,Medium,Warehouse A,True,True,1.0,Resell
CON-100551,Crate,Plastic,5.39,31,37,Medium,Moderate Damage,67.62,Organic,True,16.13,20.56,52.45,1.02,6.35,1.15,2.15,0.11,5.61,16.83,True,Medium,Warehouse A,False,True,1.0,Resell
CON-100552,Box,Cardboard,1.75,25,35,Critical,Unsafe,69.52,None,True,14.29,10.32,0.0,0.13,5.44,3.21,1.24,0.04,0.7,2.1,True,High,Terminal E,False,True,1.0,Recycle
CON-100553,Box,Cardboard,1.38,25,42,None,Safe,84.61,None,False,0.0,8.76,10.19,0.11,5.34,3.17,1.14,0.03,0.55,1.65,True,Low,Warehouse A,False,True,1.0,Resell
CON-100554,Tote,Plastic,5.62,44,125,High,Unsafe,59.48,None,True,15.18,24.58,0.0,1.01,6.4,2.17,2.2,0.11,5.84,17.52,True,High,Warehouse A,True,False,1.0,Recycle
CON-100555,Tote,Plastic,5.65,31,82,High,Unsafe,78.02,None,True,14.72,17.5,0.0,1.05,6.41,2.18,2.21,0.11,5.88,17.64,True,High,Terminal E,False,False,1.0,Recycle
CON-100556,Crate,Plastic,6.2,35,98,Low,Safe,66.31,None,False,3.67,26.85,37.07,1.36,6.55,3.74,2.35,0.12,6.45,19.35,True,Low,Terminal E,True,True,1.0,Resell
CON-100557,Tote,Plastic,5.81,13,44,Low,Safe,67.64,None,False,2.13,15.25,30.29,1.21,6.45,3.7,2.25,0.12,6.05,18.14,True,Low,Facility D,True,False,1.0,Resell
CON-100558,Crate,Plastic,5.59,7,13,None,Safe,82.52,Organic,False,0.0,15.92,78.39,1.15,6.4,3.67,2.2,0.11,5.81,17.44,True,Low,Hub B,False,False,1.0,Resell
CON-100559,Crate,Metal,28.51,26,27,None,Safe,83.72,None,False,0.0,17.14,50.2,12.92,12.13,6.42,7.93,0.57,62.72,188.17,True,Low,Warehouse A,True,True,1.0,Resell
CON-100560,Crate,Wood,23.8,13,14,Medium,Minor Damage,90.63,Chemical,True,13.92,14.81,64.15,0.0,27.38,3.36,6.75,0.48,3.81,11.43,False,Medium,Terminal E,True,True,1.0,Resell
CON-100561,Crate,Wood,16.17,44,40,Medium,Minor Damage,81.85,None,True,15.72,18.72,36.17,0.0,9.04,2.44,4.84,0.32,2.59,7.76,False,Medium,Depot C,True,True,1.0,Resell
CON-100562,Tote,Plastic,6.91,5,4,Low,Safe,75.35,None,False,1.9,10.1,35.36,1.35,6.73,3.83,2.53,0.14,7.18,21.55,True,Low,Terminal E,False,True,1.0,Resell
CON-100563,Tote,Plastic,6.85,19,54,None,Safe,81.78,None,False,0.0,14.13,28.81,1.31,6.71,3.82,2.51,0.14,7.12,21.37,True,Low,Hub B,False,True,1.0,Resell
CON-100564,Tote,Plastic,5.2,25,68,Low,Minor Damage,71.44,None,False,1.86,17.08,24.38,1.01,6.3,3.62,2.1,0.1,5.41,16.23,True,Low,Facility D,False,True,1.0,Resell
CON-100565,Tote,Plastic,5.3,58,64,Medium,Minor Damage,75.32,None,True,9.24,16.1,11.23,1.07,6.32,1.14,2.12,0.11,5.51,16.53,True,Medium,Depot C,True,False,1.0,Resell
CON-100566,Crate,Plastic,6.05,15,33,None,Safe,,None,False,0.0,18.6,60.67,1.2,6.51,3.73,2.31,0.12,6.29,18.86,True,Low,Facility D,False,True,1.0,Resell
CON-100567,Drum,Metal,26.15,15,19,Low,Safe,85.43,None,False,6.82,22.09,89.3,13.11,11.54,6.14,7.34,0.52,57.54,172.62,True,Low,Warehouse A,True,True,1.0,Resell
CON-100568,Box,Cardboard,1.4,44,65,High,Unsafe,64.64,None,True,7.68,14.05,0.0,0.11,5.35,1.67,1.15,0.03,0.56,1.68,True,High,Terminal E,True,False,1.0,Recycle
CON-100569,Box,Plastic,5.48,23,65,Medium,Moderate Damage,58.63,None,True,3.31,14.96,10.22,0.99,6.37,1.16,2.17,0.11,5.7,17.09,True,Medium,Terminal E,True,True,1.0,Resell
CON-100570,Pallet,Plastic,5.36,38,108,High,Unsafe,56.72,None,True,25.13,24.79,0.0,1.03,6.34,2.14,2.14,0.11,5.58,16.73,True,High,Hub B,False,True,1.0,Recycle
CON-100571,Drum,Metal,28.5,37,115,High,Unsafe,48.7,None,True,60.7,37.2,0.0,15.2,12.12,4.92,7.92,0.57,62.69,188.08,True,High,Depot C,True,True,1.0,Recycle
CON-100572,Drum,Plastic,5.58,2,4,None,Safe,71.54,Organic,False,0.0,22.67,108.56,1.22,6.4,3.67,2.2,0.11,5.81,17.42,True,Low,Depot C,False,True,1.0,Resell
CON-100573,Tote,Plastic,5.25,7,10,Medium,Moderate Damage,78.83,None,True,6.95,10.18,34.98,1.09,6.31,1.13,2.11,0.11,5.46,16.39,True,Medium,Hub B,True,False,1.0,Resell
CON-100574,Box,Plastic,5.48,15,20,Medium,Minor Damage,82.36,Organic,True,2.41,6.9,11.83,1.06,6.37,1.16,2.17,0.11,5.7,17.1,True,Medium,Facility D,False,True,1.0,Resell
CON-100575,Drum,Plastic,6.58,25,84,Medium,Minor Damage,79.3,None,True,23.35,29.5,65.73,1.37,6.65,1.29,2.45,0.13,6.85,20.54,True,Medium,Facility D,True,False,1.0,Resell
CON-100576,Pallet,Plastic,5.46,1,3,Low,Minor Damage,97.48,None,False,2.81,8.18,48.21,1.1,6.37,3.66,2.17,0.11,5.68,17.04,True,Low,Terminal E,False,True,1.0,Resell
CON-100577,Box,Plastic,6.35,59,110,High,Unsafe,66.27,None,True,7.69,18.31,0.0,1.25,6.59,2.26,2.39,0.13,6.61,19.82,True,High,Hub B,False,True,1.0,Recycle
CON-100578,Pallet,Wood,19.15,3,3,None,Safe,91.19,Organic,False,0.0,9.12,49.43,0.0,9.79,5.3,5.59,0.38,3.06,9.19,False,Low,Depot C,True,True,1.0,Resell
CON-100579,Tote,Plastic,7.19,5,13,Medium,Moderate Damage,85.1,None,True,7.06,9.54,34.48,1.31,6.8,1.36,2.6,0.14,7.48,22.43,True,Medium,Warehouse A,True,True,1.0,Resell
CON-100580,Pallet,Plastic,4.89,17,14,Medium,Minor Damage,87.39,None,True,9.94,10.79,42.09,0.89,6.22,1.09,2.02,0.1,5.09,15.26,True,Medium,Terminal E,True,True,1.0,Resell
CON-100581,Pallet,Wood,22.71,39,31,None,Safe,90.08,None,False,0.0,12.09,28.72,0.0,10.68,5.72,6.48,0.45,3.63,10.9,False,Low,Hub B,True,True,1.0,Resell
CON-100582,Crate,Wood,17.73,3,9,None,Safe,84.94,None,False,0.0,15.16,69.27,0.0,9.43,5.13,5.23,0.35,2.84,8.51,False,Low,Terminal E,True,True,1.0,Resell
CON-100583,Tote,Plastic,4.92,25,70,High,Moderate Damage,74.76,None,True,15.06,16.79,23.12,0.97,6.23,2.09,2.03,0.1,5.11,15.34,True,Medium,Warehouse A,True,True,1.0,Resell
CON-100584,Box,Cardboard,1.63,3,5,None,Safe,74.53,None,False,0.0,6.57,13.89,0.13,5.41,3.2,1.21,0.03,0.65,1.96,True,Low,Terminal E,True,False,1.0,Resell
CON-100585,Pallet,Wood,16.85,21,21,Low,Minor Damage,76.18,Hazardous,False,2.21,13.17,0.0,0.0,55.27,5.02,5.01,0.34,2.7,8.09,False,High,Hub B,True,True,1.0,Dispose
CON-100586,Crate,Wood,16.54,14,24,Low,Minor Damage,65.71,None,False,4.06,19.54,59.79,0.0,9.13,4.98,4.93,0.33,2.65,7.94,False,Low,Terminal E,True,True,1.0,Resell
CON-100587,Drum,Metal,27.98,41,114,High,Unsafe,47.86,None,True,44.66,37.22,0.0,12.64,12.0,4.86,7.8,0.56,61.57,184.7,True,High,Terminal E,False,True,1.0,Recycle
CON-100588,Pallet,Wood,17.86,40,111,High,Moderate Damage,68.53,None,True,24.82,23.32,19.8,0.0,9.47,3.64,5.27,0.36,2.86,8.57,False,Medium,Terminal E,True,True,1.0,Resell
CON-100589,Pallet,Wood,19.01,42,25,Medium,Moderate Damage,72.82,None,True,9.11,14.08,25.59,0.0,9.75,2.78,5.55,0.38,3.04,9.12,False,Medium,Warehouse A,False,True,1.0,Resell
CON-100590,Crate,Plastic,5.38,35,23,High,Moderate Damage,71.36,None,True,32.0,18.6,50.22,1.16,6.35,2.15,2.15,0.11,5.6,16.79,True,Medium,Terminal E,True,True,1.0,Recycle
CON-100591,Box,Cardboard,1.23,10,33,Low,Safe,90.65,Chemical,False,0.85,6.95,12.74,0.11,13.27,3.15,1.11,0.02,0.49,1.48,True,Medium,Hub B,True,True,1.0,Resell
CON-100592,Pallet,Wood,19.39,39,48,None,Safe,73.11,Chemical,False,0.0,16.33,28.1,0.0,24.62,5.33,5.65,0.39,3.1,9.31,False,Medium,Hub B,True,True,1.0,Resell
CON-100593,Drum,Plastic,5.2,29,51,Medium,Moderate Damage,66.99,None,True,26.82,28.05,77.62,0.94,6.3,1.12,2.1,0.1,5.41,16.23,True,Medium,Facility D,False,True,1.0,Resell
CON-100594,Tote,Plastic,6.13,12,15,None,Safe,87.82,None,False,0.0,9.33,32.53,1.24,6.53,3.74,2.33,0.12,6.37,19.12,True,Low,Facility D,True,True,1.0,Resell
CON-100595,Pallet,Wood,16.03,56,112,Low,Minor Damage,62.86,None,False,2.94,24.27,11.72,0.0,9.01,4.92,4.81,0.32,2.57,7.7,False,Low,Depot C,False,True,1.0,Resell
CON-100596,Box,Plastic,6.92,59,51,Low,Safe,83.97,None,False,0.68,9.75,4.56,1.5,6.73,3.83,2.53,0.14,7.2,21.6,True,Low,Depot C,False,True,1.0,Resell
CON-100597,Drum,Metal,26.91,3,9,None,Safe,79.27,Organic,False,0.0,22.01,118.27,13.99,11.73,6.23,7.53,0.54,59.2,177.59,True,Low,Hub B,True,False,1.0,Resell
CON-100598,Crate,Wood,20.82,43,130,Critical,Unsafe,70.5,Chemical,True,73.76,29.43,0.0,0.0,25.51,5.5,6.0,0.42,3.33,9.99,False,High,Facility D,False,False,1.0,Dispose
CON-100599,Box,Cardboard,1.73,11,32,Medium,Moderate Damage,72.84,None,True,3.04,9.52,12.39,0.15,5.43,0.71,1.23,0.03,0.69,2.07,True,Medium,Terminal E,True,True,1.0,Resell
CON-100600,Box,Cardboard,1.58,50,144,High,Moderate Damage,63.13,None,True,7.42,22.18,3.0,0.13,5.4,1.69,1.2,0.03,0.63,1.9,True,Medium,Warehouse A,True,True,0.53,Manual_Review
CON-100601,Drum,Plastic,6.37,47,84,None,Safe,71.96,None,False,0.0,30.61,45.21,1.2,6.59,3.76,2.39,0.13,6.63,19.88,True,Low,Hub B,True,True,1.0,Resell
CON-100602,Pallet,Wood,22.0,52,144,Medium,Moderate Damage,41.71,None,True,9.76,30.64,10.31,0.0,10.5,3.14,6.3,0.44,3.52,10.56,False,Medium,Terminal E,True,True,1.0,Resell
CON-100603,Box,Plastic,4.95,2,4,Low,Minor Damage,84.64,None,False,0.6,4.95,15.34,0.94,6.24,3.59,2.04,0.1,5.15,15.46,True,Low,Warehouse A,True,True,1.0,Resell
CON-100604,Drum,Plastic,7.04,31,85,Low,Minor Damage,72.9,Hazardous,False,5.62,30.56,0.0,0.0,40.56,3.84,2.56,0.14,7.32,21.96,False,High,Depot C,True,True,1.0,Dispose
CON-100605,Drum,Metal,35.7,56,83,Medium,Minor Damage,83.31,None,True,23.06,28.8,35.32,19.05,13.93,4.78,9.73,0.71,78.55,235.64,True,Medium,Hub B,True,False,1.0,Resell
CON-100606,Pallet,Plastic,5.88,44,108,Low,Minor Damage,62.95,None,False,2.0,23.86,17.75,1.21,6.47,3.71,2.27,0.12,6.12,18.36,True,Low,Depot C,True,True,1.0,Resell
CON-100607,Crate,Metal,29.33,39,76,Medium,Minor Damage,74.35,None,True,18.83,23.45,39.86,14.6,12.33,4.02,8.13,0.59,64.53,193.59,True,Medium,Warehouse A,False,True,1.0,Resell
CON-100608,Tote,Plastic,5.11,51,38,None,Safe,87.36,None,False,0.0,11.7,16.38,0.94,6.28,3.61,2.08,0.1,5.31,15.93,True,Low,Terminal E,True,True,1.0,Resell
CON-100609,Box,Cardboard,1.46,46,27,Low,Minor Damage,67.52,None,False,0.67,9.82,7.68,0.11,5.37,3.18,1.17,0.03,0.58,1.75,True,Low,Facility D,True,True,1.0,Resell
CON-100610,Drum,Metal,33.55,22,68,Critical,Unsafe,67.08,None,True,110.87,29.74,0.0,17.56,13.39,7.03,9.19,0.67,73.8,221.41,True,High,Facility D,False,True,1.0,Recycle
CON-100611,Box,Plastic,5.01,6,9,Low,Safe,75.86,Chemical,False,0.71,6.77,12.77,1.07,15.63,3.6,2.05,0.1,5.21,15.63,True,Medium,Facility D,True,True,1.0,Resell
CON-100612,Drum,Plastic,5.57,24,69,Medium,Minor Damage,70.61,None,True,21.33,29.31,76.16,1.09,6.39,1.17,2.19,0.11,5.79,17.37,True,Medium,Terminal E,False,True,1.0,Resell
CON-100613,Pallet,Plastic,6.43,10,23,None,,72.99,None,False,0.0,13.85,45.68,1.37,6.61,3.77,2.41,0.13,6.69,20.07,True,Low,Warehouse A,True,True,1.0,Resell
CON-100614,Crate,Metal,30.89,41,122,Critical,Unsafe,66.86,None,True,56.0,29.17,0.0,16.4,12.72,6.71,8.52,0.62,67.95,203.86,True,High,Hub B,True,True,1.0,Recycle
CON-100615,Box,Cardboard,1.71,47,78,High,Moderate Damage,54.67,None,True,6.31,16.85,5.66,0.14,5.43,1.71,1.23,0.03,0.69,2.06,True,Medium,Depot C,False,True,1.0,Resell
CON-100616,Crate,Metal,35.08,45,138,Medium,Moderate Damage,69.48,None,True,17.86,30.38,21.15,18.82,13.77,4.71,9.57,0.7,77.17,231.51,True,Medium,Warehouse A,True,True,1.0,Resell
CON-100617,Drum,Plastic,5.5,10,11,Low,Safe,75.74,None,False,6.54,22.74,95.02,1.12,6.37,3.66,2.17,0.11,5.72,17.16,True,Low,Hub B,False,True,1.0,Resell
CON-100618,Box,Cardboard,1.41,31,32,Medium,Minor Damage,90.08,None,True,2.81,6.94,9.42,0.11,5.35,0.67,1.15,0.03,0.57,1.7,True,Medium,Hub B,False,True,1.0,Resell
CON-100619,Drum,Plastic,6.45,12,29,High,Unsafe,70.92,None,True,57.69,25.26,0.0,1.18,6.61,2.27,2.41,0.13,6.71,20.13,True,High,Facility D,False,True,1.0,Recycle
CON-100620,Drum,Plastic,4.83,8,5,Medium,Moderate Damage,79.76,None,True,21.36,21.54,118.12,0.98,6.21,1.08,2.01,0.1,5.02,15.06,True,Medium,Terminal E,False,True,1.0,Resell
CON-100621,Tote,Plastic,5.72,42,109,High,Unsafe,61.06,None,True,14.86,22.74,0.0,1.24,6.43,2.19,2.23,0.11,5.95,17.85,True,High,Terminal E,True,True,1.0,Recycle
CON-100622,Box,Plastic,6.13,35,99,High,Unsafe,78.28,None,True,6.86,15.41,0.0,1.31,6.53,2.24,2.33,0.12,6.38,19.14,True,High,Warehouse A,True,True,1.0,Recycle
CON-100623,Tote,Plastic,4.81,29,84,None,Safe,82.03,None,False,0.0,17.1,22.01,0.99,6.2,3.58,2.0,0.1,5.01,15.02,True,Low,Warehouse A,True,True,1.0,Resell
CON-100624,Crate,Plastic,7.12,11,19,High,Moderate Damage,88.75,None,True,42.42,15.59,61.97,1.54,6.78,2.35,2.58,0.14,7.4,22.21,True,Medium,Depot C,False,True,1.0,Resell
CON-100625,Tote,Plastic,6.25,33,37,Medium,Minor Damage,72.72,None,True,6.52,13.79,21.67,1.16,6.56,1.25,2.36,0.13,6.51,19.52,True,Medium,Hub B,True,False,1.0,Resell
CON-100626,Crate,Wood,21.83,28,20,None,Safe,88.18,None,False,0.0,15.77,56.03,0.0,10.46,5.62,6.26,0.44,3.49,10.48,False,Low,Hub B,False,True,1.0,Resell
CON-100627,Drum,Metal,30.43,5,11,Low,Minor Damage,67.94,None,False,5.26,23.91,115.74,14.83,12.61,6.65,8.41,0.61,66.95,200.84,True,Low,Terminal E,True,True,1.0,Resell
CON-100628,Drum,Plastic,4.86,39,48,None,Safe,86.66,None,False,0.0,24.8,56.87,0.98,6.22,3.58,2.02,0.1,5.06,15.17,True,Low,Warehouse A,True,True,1.0,Resell
CON-100629,Crate,Wood,22.95,15,19,None,Safe,84.89,None,False,0.0,16.17,71.05,0.0,10.74,5.75,6.54,0.46,3.67,11.02,False,Low,Facility D,True,True,1.0,Resell
CON-100630,Crate,Metal,33.86,32,25,None,Safe,73.99,None,False,0.0,18.4,54.08,17.1,13.46,7.06,9.26,0.68,74.48,223.45,True,Low,Terminal E,True,True,1.0,Resell
CON-100631,Drum,Metal,28.14,48,121,Medium,Moderate Damage,61.49,None,True,19.29,35.88,30.88,14.11,12.04,3.88,7.84,0.56,61.91,185.74,True,Medium,Hub B,True,True,1.0,Resell
CON-100632,Box,Plastic,6.5,16,40,None,Safe,70.8,None,False,0.0,10.63,10.68,1.43,6.62,3.78,2.42,0.13,6.76,20.27,True,Low,Facility D,True,True,1.0,Resell
CON-100633,Pallet,Plastic,6.33,6,20,None,Safe,72.88,None,False,0.0,13.57,48.11,1.3,6.58,3.76,2.38,0.13,6.58,19.74,True,Low,Warehouse A,True,True,1.0,Resell
CON-100634,Crate,Metal,35.16,52,162,High,Unsafe,47.29,None,True,30.76,36.11,0.0,17.57,13.79,5.72,9.59,0.7,77.34,232.02,True,High,Terminal E,True,True,0.58,Manual_Review
CON-100635,Box,Plastic,6.49,48,73,Medium,Minor Damage,67.18,Organic,True,3.21,14.47,6.13,1.4,6.62,1.28,2.42,0.13,6.75,20.24,True,Medium,Terminal E,True,True,1.0,Resell
CON-100636,Tote,Plastic,7.09,28,55,High,Moderate Damage,77.8,None,True,20.98,14.83,22.51,1.35,6.77,2.35,2.57,0.14,7.37,22.11,True,Medium,Terminal E,True,True,1.0,Resell
CON-100637,Pallet,Wood,21.9,37,62,Medium,Moderate Damage,59.73,None,True,10.06,19.74,27.62,0.0,10.48,3.13,6.28,0.44,3.5,10.51,False,Medium,Warehouse A,False,False,1.0,Resell
CON-100638,Box,Plastic,5.59,23,18,None,Safe,69.69,Hazardous,False,0.0,8.6,0.0,0.0,38.38,3.67,2.2,0.11,5.81,17.44,False,High,Depot C,True,True,1.0,Dispose
CON-100639,Pallet,Wood,20.23,58,55,None,Safe,61.61,None,False,0.0,18.76,13.97,0.0,10.06,5.43,5.86,0.4,3.24,9.71,False,Low,Depot C,True,True,1.0,Resell
CON-100640,Drum,Metal,30.44,18,14,Low,Minor Damage,77.51,None,False,5.14,22.77,93.89,15.97,12.61,6.65,8.41,0.61,66.96,200.89,True,Low,Warehouse A,True,True,1.0,Resell
CON-100641,Pallet,Plastic,5.81,22,70,Medium,Minor Damage,66.01,None,True,11.84,19.6,34.87,1.27,6.45,1.2,2.25,0.12,6.04,18.13,True,Medium,Warehouse A,False,True,1.0,Resell
CON-100642,Pallet,Plastic,6.6,50,157,Medium,Moderate Damage,64.66,None,True,11.17,28.5,10.15,1.22,6.65,1.29,2.45,0.13,6.87,20.6,True,Medium,Depot C,True,True,1.0,Resell
CON-100643,Drum,Metal,29.21,19,25,None,Safe,72.17,None,False,0.0,24.67,86.6,13.59,12.3,6.51,8.1,0.58,64.27,192.8,True,Low,Terminal E,True,True,1.0,Resell
CON-100644,Crate,Metal,26.97,53,94,None,Safe,60.01,None,False,0.0,27.4,23.96,14.03,11.74,6.24,7.54,0.54,59.33,177.99,True,Low,Terminal E,True,True,1.0,Resell
CON-100645,Pallet,Wood,16.96,26,15,None,Safe,69.13,None,False,0.0,13.63,34.98,0.0,9.24,5.04,5.04,0.34,2.71,8.14,False,Low,Terminal E,True,True,1.0,Resell
CON-100646,Tote,Plastic,6.48,15,17,Low,Minor Damage,82.22,None,False,2.12,10.37,32.7,1.25,6.62,3.78,2.42,0.13,6.74,20.22,True,Low,Depot C,True,True,1.0,Resell
CON-100647,Pallet,Plastic,6.95,12,7,Medium,Minor Damage,78.79,None,True,9.14,11.38,41.76,1.33,6.74,1.33,2.54,0.14,7.23,21.68,True,Medium,Terminal E,True,True,1.0,Resell
CON-100648,Crate,Plastic,5.53,7,17,None,Safe,86.66,None,False,0.0,15.7,75.14,1.08,6.38,3.66,2.18,0.11,5.75,17.26,True,Low,Terminal E,True,True,1.0,Resell
CON-100649,Drum,Metal,34.65,9,21,Low,Safe,94.57,None,False,6.92,20.91,113.92,18.42,13.66,7.16,9.46,0.69,76.22,228.67,True,Low,Hub B,False,True,1.0,Resell
CON-100650,Crate,Plastic,6.54,49,54,None,Safe,87.89,Chemical,False,0.0,19.22,30.18,1.32,16.59,3.78,2.44,0.13,6.8,20.41,True,Medium,Depot C,True,True,1.0,Resell
CON-100651,Drum,Metal,29.79,34,111,Low,Safe,72.79,None,False,7.12,33.18,50.19,14.27,12.45,6.58,8.25,0.6,65.55,196.64,True,Low,Terminal E,True,True,1.0,Resell
CON-100652,Tote,Plastic,5.2,49,99,Medium,Moderate Damage,68.17,Organic,True,6.99,20.67,11.91,0.97,6.3,1.12,2.1,0.1,5.41,16.22,True,Medium,Hub B,True,False,1.0,Resell
CON-100653,Tote,Plastic,5.53,15,20,Medium,Moderate Damage,79.44,None,True,6.55,11.08,30.27,1.05,6.38,1.16,2.18,0.11,5.75,17.25,True,Medium,Warehouse A,True,True,1.0,Resell
CON-100654,Box,Cardboard,1.79,14,29,None,Safe,74.74,None,False,0.0,8.94,12.35,0.16,5.45,3.22,1.25,0.04,0.72,2.15,True,Low,Depot C,True,False,1.0,Resell
CON-100655,Tote,Plastic,5.58,4,9,None,Safe,73.48,Organic,False,0.0,10.88,35.56,1.22,6.39,3.67,2.19,0.11,5.8,17.41,True,Low,Hub B,True,True,1.0,Resell
CON-100656,Tote,Plastic,6.53,45,74,Medium,Moderate Damage,59.1,None,True,8.16,19.54,16.51,1.39,6.63,1.28,2.43,0.13,6.8,20.39,True,Medium,Hub B,True,True,1.0,Resell
CON-100657,Drum,Metal,29.35,47,125,Medium,Moderate Damage,70.55,None,True,23.96,34.92,33.46,14.56,12.34,4.02,8.14,0.59,64.58,193.73,True,Medium,Hub B,True,False,1.0,Resell
CON-100658,Crate,Wood,18.48,57,58,Medium,Moderate Damage,67.78,None,True,13.72,22.63,23.55,0.0,9.62,2.72,5.42,0.37,2.96,8.87,False,Medium,Facility D,True,True,1.0,Resell
CON-100659,Box,Cardboard,1.64,52,27,None,Safe,83.26,None,False,0.0,7.46,5.78,0.14,5.41,3.2,1.21,0.03,0.65,1.96,True,Low,Warehouse A,True,True,1.0,Resell
CON-100660,Tote,Plastic,6.7,1,3,None,Safe,83.13,None,False,0.0,8.83,41.87,1.43,6.68,3.8,2.48,0.13,6.97,20.91,True,Low,Warehouse A,True,True,1.0,Resell
CON-100661,Drum,Metal,27.69,31,29,Medium,Minor Damage,77.89,None,True,24.42,24.22,72.31,12.52,11.92,3.82,7.72,0.55,60.91,182.74,True,Medium,Warehouse A,True,False,1.0,Resell
CON-100662,Drum,Metal,24.01,15,8,High,Unsafe,86.84,None,True,49.4,20.77,0.0,13.02,11.0,4.38,6.8,0.48,52.83,158.5,True,High,Facility D,True,True,1.0,Recycle
CON-100663,Box,Cardboard,1.26,19,29,None,Safe,90.65,None,False,0.0,6.55,12.24,0.11,5.32,3.15,1.12,0.03,0.5,1.51,True,Low,Warehouse A,True,True,1.0,Resell
CON-100664,Pallet,Plastic,5.16,43,110,High,Unsafe,67.55,None,True,26.25,23.37,0.0,1.07,6.29,2.12,2.09,0.1,5.37,16.1,True,High,Depot C,True,True,1.0,Recycle
CON-100665,Pallet,Wood,18.56,25,46,Low,Minor Damage,66.36,None,False,2.43,17.15,30.35,0.0,9.64,5.23,5.44,0.37,2.97,8.91,False,Low,Depot C,True,True,1.0,Resell
CON-100666,Drum,Plastic,5.57,28,54,Low,Minor Damage,71.15,Hazardous,False,5.13,27.73,0.0,0.0,38.35,3.67,2.19,0.11,5.79,17.37,False,High,Hub B,False,True,1.0,Dispose
CON-100667,Tote,Plastic,6.08,53,63,Critical,Unsafe,69.97,None,True,35.06,16.8,0.0,1.26,6.52,3.73,2.32,0.12,6.32,18.96,True,High,Hub B,True,True,1.0,Recycle
CON-100668,Pallet,Wood,18.9,31,104,Low,Safe,77.41,None,False,2.85,21.29,23.37,0.0,9.72,5.27,5.52,0.38,3.02,9.07,False,Low,Hub B,True,True,1.0,Resell
CON-100669,Drum,Metal,26.53,15,10,None,Safe,94.48,None,False,0.0,19.83,103.5,12.32,11.63,6.18,7.43,0.53,58.36,175.09,True,Low,Warehouse A,False,True,1.0,Resell
CON-100670,Tote,Plastic,5.94,39,121,Medium,Minor Damage,71.39,None,True,7.18,22.39,13.66,1.07,6.49,1.21,2.29,0.12,6.18,18.55,True,Medium,Facility D,True,True,1.0,Resell
CON-100671,Tote,Plastic,5.93,47,71,High,Moderate Damage,77.2,None,True,20.74,16.52,14.45,1.07,6.48,2.21,2.28,0.12,6.17,18.5,True,Medium,Hub B,True,True,1.0,Resell
CON-100672,Drum,Plastic,7.01,33,46,,Minor Damage,78.09,None,True,28.54,25.89,64.6,1.41,6.75,1.34,2.55,0.14,7.29,21.86,True,Medium,Hub B,True,True,1.0,Resell
CON-100673,Pallet,Wood,22.53,30,57,Low,Minor Damage,63.78,None,False,2.8,18.63,27.34,0.0,10.63,5.7,6.43,0.45,3.61,10.82,False,Low,Facility D,True,True,1.0,Resell
CON-100674,Tote,Plastic,4.87,19,18,,Unsafe,94.44,None,True,37.49,8.63,0.0,0.94,6.22,3.58,2.02,0.1,5.06,15.19,True,High,Terminal E,True,True,1.0,Recycle
CON-100675,Box,Cardboard,1.54,51,99,High,Moderate Damage,70.76,None,True,5.42,16.54,4.77,0.12,5.38,1.68,1.18,0.03,0.62,1.85,True,Medium,Depot C,False,False,1.0,Resell
CON-100676,Crate,Wood,21.62,7,10,Low,Safe,82.93,None,False,3.24,15.56,76.8,0.0,10.41,5.59,6.21,0.43,3.46,10.38,False,Low,Facility D,False,False,1.0,Resell
CON-100677,Pallet,Wood,21.46,6,18,Low,Safe,67.82,Organic,False,2.22,14.13,42.77,0.0,10.36,5.58,6.16,0.43,3.43,10.3,False,Low,Hub B,True,False,1.0,Resell
CON-100678,Tote,Plastic,5.87,9,13,High,Unsafe,78.7,None,True,14.69,10.5,0.0,1.22,6.47,2.2,2.27,0.12,6.11,18.33,True,High,Facility D,True,True,1.0,Recycle
CON-100679,Tote,Plastic,7.1,37,88,Low,Minor Damage,79.48,None,False,2.21,17.88,16.4,1.37,6.77,3.85,2.57,0.14,7.38,22.15,True,Low,Warehouse A,False,True,1.0,Resell
CON-100680,Crate,Wood,16.55,37,58,High,Moderate Damage,86.27,None,True,35.43,19.86,42.85,0.0,9.14,3.49,4.94,0.33,2.65,7.94,False,Medium,Facility D,True,True,1.0,Resell
CON-100681,Box,Plastic,4.9,55,74,Medium,Moderate Damage,59.49,None,True,2.55,15.73,4.91,0.95,6.22,1.09,2.02,0.1,5.09,15.27,True,Medium,Terminal E,True,True,1.0,Resell
CON-100682,Drum,Plastic,6.91,44,27,Medium,Minor Damage,72.37,None,True,27.08,24.84,57.62,1.25,6.73,1.33,2.53,0.14,7.18,21.55,True,Medium,Warehouse A,True,True,1.0,Resell
CON-100683,Box,Cardboard,1.43,30,75,Medium,Moderate Damage,71.02,Organic,True,3.48,14.1,8.49,0.11,5.36,0.67,1.16,0.03,0.57,1.72,True,Medium,Warehouse A,True,True,1.0,Resell
CON-100684,Drum,Metal,28.82,5,7,None,Safe,92.22,None,False,0.0,19.87,117.74,13.3,12.2,6.46,8.0,0.58,63.4,190.2,True,Low,Facility D,True,False,1.0,Resell
CON-100685,Pallet,Plastic,6.16,39,110,Critical,Unsafe,49.91,None,True,41.31,26.01,0.0,1.23,6.54,3.74,2.34,0.12,6.41,19.23,True,High,Warehouse A,True,True,1.0,Recycle
CON-100686,Drum,Plastic,5.4,12,9,Medium,Minor Damage,89.98,None,True,27.59,20.4,94.79,1.07,6.35,1.15,2.15,0.11,5.62,16.86,True,Medium,Facility D,True,True,1.0,Resell
CON-100687,Drum,Plastic,7.11,20,19,None,Safe,67.94,Organic,False,0.0,24.71,91.1,1.43,6.78,3.85,2.58,0.14,7.4,22.19,True,Low,Hub B,False,True,1.0,Resell
CON-100688,Box,Cardboard,1.25,43,96,,Minor Damage,71.09,None,True,3.53,16.19,6.22,0.1,5.31,0.65,1.11,0.02,0.5,1.5,True,Medium,Depot C,True,True,1.0,Resell
CON-100689,Drum,Plastic,5.07,44,75,Low,Safe,55.35,None,False,6.86,32.2,53.56,1.04,6.27,3.61,2.07,0.1,5.28,15.83,True,Low,Terminal E,True,True,1.0,Resell
CON-100690,Drum,Metal,31.21,14,21,None,Safe,66.65,None,False,0.0,25.1,99.67,14.09,12.8,6.75,8.6,0.62,68.66,205.99,True,Low,Depot C,True,True,1.0,Resell
CON-100691,Box,Plastic,6.36,30,52,Critical,Unsafe,79.03,None,True,12.87,10.59,0.0,1.34,6.59,3.76,2.39,0.13,6.61,19.84,True,High,Warehouse A,True,True,1.0,Recycle
CON-100692,Pallet,Wood,20.34,25,33,Low,Minor Damage,74.38,None,False,2.94,14.64,35.58,0.0,10.09,5.44,5.89,0.41,3.25,9.76,False,Low,Warehouse A,True,True,1.0,Dispose
CON-100693,Box,Plastic,6.6,40,131,High,Moderate Damage,54.79,None,True,7.58,22.13,5.07,1.36,6.65,2.29,2.45,0.13,6.86,20.59,True,Medium,Facility D,True,True,1.0,Resell
CON-100694,Box,Cardboard,1.71,8,12,High,Unsafe,85.21,None,True,7.3,5.67,0.0,0.14,5.43,1.71,1.23,0.03,0.69,2.06,True,High,Warehouse A,True,True,1.0,Recycle
CON-100695,Crate,Metal,27.17,54,173,Medium,Moderate Damage,45.2,None,True,18.62,37.52,8.22,12.32,11.79,3.76,7.59,0.54,59.78,179.35,True,Medium,Warehouse A,True,True,1.0,Resell
CON-100696,Tote,Plastic,5.6,37,128,Low,Safe,57.73,None,False,2.09,25.14,14.63,1.1,6.4,3.67,2.2,0.11,5.83,17.49,True,Low,Warehouse A,False,True,1.0,Resell
CON-100697,Pallet,Plastic,6.97,34,33,None,Safe,90.41,None,False,0.0,12.24,31.49,1.4,6.74,3.84,2.54,0.14,7.25,21.75,True,Low,Terminal E,False,True,1.0,Resell
CON-100698,Crate,Wood,16.75,2,3,Low,Safe,98.57,None,False,4.67,12.52,81.15,0.0,9.19,5.01,4.99,0.33,2.68,8.04,False,Low,Warehouse A,False,True,1.0,Resell
CON-100699,Drum,Plastic,5.25,42,134,High,Unsafe,67.39,None,True,58.89,36.29,0.0,1.11,6.31,2.13,2.11,0.1,5.46,16.37,True,High,Facility D,True,True,1.0,Recycle
CON-100700,Pallet,Wood,21.11,38,117,Low,Safe,62.83,None,False,2.11,24.78,19.67,0.0,10.28,5.53,6.08,0.42,3.38,10.13,False,Low,Depot C,True,True,1.0,Resell
CON-100701,Crate,Wood,19.13,32,92,None,Safe,79.39,None,False,0.0,24.29,43.32,0.0,9.78,5.3,5.58,0.38,3.06,9.18,False,Low,Warehouse A,True,True,1.0,Resell
CON-100702,Drum,Metal,26.16,1,3,Low,Safe,95.88,None,False,5.63,18.92,114.37,14.37,11.54,6.14,7.34,0.52,57.55,172.64,True,Low,Terminal E,True,True,1.0,Resell
CON-100703,Box,Cardboard,1.56,35,19,Medium,Minor Damage,89.71,None,True,3.48,5.69,8.93,0.11,5.39,0.69,1.19,0.03,0.63,1.88,True,Medium,Hub B,True,True,1.0,Resell
CON-100704,Crate,Plastic,5.96,6,9,Low,Minor Damage,84.19,Organic,False,3.9,15.27,78.32,1.3,6.49,3.71,2.29,0.12,6.19,18.58,True,Low,Hub B,True,True,1.0,Resell
CON-100705,Crate,Plastic,5.05,51,142,Medium,Moderate Damage,66.63,None,True,17.42,31.21,15.51,1.0,6.26,1.11,2.06,0.1,5.25,15.75,True,Medium,Facility D,False,False,1.0,Resell
CON-100706,Tote,Plastic,6.26,28,30,None,Safe,82.78,None,False,0.0,11.58,27.1,1.14,6.56,3.75,2.36,0.13,6.51,19.52,True,Low,Hub B,True,False,1.0,Resell
CON-100707,Tote,Plastic,5.76,8,8,Low,Minor Damage,85.52,Chemical,False,1.8,8.97,33.89,1.09,16.1,3.69,2.24,0.12,5.99,17.96,True,Medium,Depot C,True,True,1.0,Resell
CON-100708,Crate,Metal,24.13,22,25,None,Safe,68.04,None,False,0.0,19.29,59.12,11.79,11.03,5.9,6.83,0.48,53.09,159.26,True,Low,Terminal E,True,False,1.0,Resell
CON-100709,Tote,Plastic,6.18,42,74,Medium,Moderate Damage,75.67,Chemical,True,7.03,17.05,16.66,1.31,16.36,1.24,2.34,0.12,6.42,19.27,True,Medium,Facility D,True,True,1.0,Resell
CON-100710,Pallet,Plastic,6.22,16,35,None,Safe,92.46,None,False,0.0,12.13,40.68,1.26,6.55,3.75,2.35,0.12,6.47,19.4,True,Low,Warehouse A,False,True,1.0,Resell
CON-100711,Box,Cardboard,1.4,2,1,None,Safe,74.9,None,False,0.0,6.11,14.42,0.11,5.35,3.17,1.15,0.03,0.56,1.68,True,Low,Depot C,True,True,1.0,Resell
CON-100712,Drum,Metal,28.72,45,155,Critical,Unsafe,43.54,Chemical,True,86.55,41.97,0.0,14.0,30.45,6.45,7.98,0.57,63.18,189.55,True,High,Terminal E,True,True,1.0,Recycle
CON-100713,Box,Cardboard,1.26,21,64,None,Safe,80.41,Chemical,False,0.0,11.59,9.11,0.11,13.29,3.15,1.12,0.03,0.51,1.52,True,Medium,Depot C,True,True,1.0,Resell
CON-100714,Box,Cardboard,1.77,5,6,Low,Minor Damage,90.7,Organic,False,0.64,4.24,13.14,0.14,5.44,3.21,1.24,0.04,0.71,2.12,True,Low,Hub B,True,True,1.0,Resell
CON-100715,Drum,Plastic,6.4,34,70,Medium,Moderate Damage,66.16,None,True,22.29,30.08,68.34,1.34,6.6,1.27,2.4,0.13,6.66,19.98,True,Medium,Hub B,True,True,1.0,Resell
CON-100716,Crate,Metal,34.03,16,39,Low,Safe,71.35,None,False,3.99,20.2,55.78,16.03,13.51,7.08,9.31,0.68,74.86,224.57,True,Low,Hub B,False,True,1.0,Resell
CON-100717,Pallet,Plastic,6.63,20,52,None,Safe,64.17,None,False,0.0,18.08,32.06,1.23,6.66,3.8,2.46,0.13,6.89,20.67,True,Low,Depot C,False,True,1.0,Resell
CON-100718,Drum,Metal,24.82,28,27,None,Safe,66.06,None,False,0.0,25.79,81.15,11.42,11.21,5.98,7.01,0.5,54.61,163.84,True,Low,Facility D,True,True,1.0,Resell
CON-100719,Pallet,Plastic,4.87,43,89,Low,Minor Damage,74.23,None,False,2.08,20.27,21.27,0.96,6.22,3.58,2.02,0.1,5.06,15.19,True,Low,Hub B,False,False,1.0,Resell
CON-100720,Drum,Plastic,5.69,4,9,High,Unsafe,92.38,None,True,47.02,20.04,0.0,1.09,6.42,2.18,2.22,0.11,5.91,17.74,True,High,Terminal E,False,False,1.0,Recycle
CON-100721,Box,Cardboard,1.78,15,12,Low,Safe,80.34,None,False,0.76,6.4,11.74,0.14,5.44,3.21,1.24,0.04,0.71,2.13,True,Low,Terminal E,False,True,1.0,Resell
CON-100722,Crate,Plastic,5.29,51,56,High,Unsafe,67.62,None,True,28.84,22.46,0.0,0.99,6.32,2.14,2.12,0.11,5.51,16.52,True,High,Terminal E,False,True,1.0,Recycle
CON-100723,Pallet,Wood,18.52,5,4,Low,Minor Damage,72.2,None,False,2.01,12.07,43.73,0.0,9.63,5.22,5.43,0.37,2.96,8.89,False,Low,Facility D,False,True,0.89,Resell
CON-100724,Pallet,Wood,20.75,31,69,High,Unsafe,60.0,None,True,18.41,20.4,0.0,0.0,10.19,3.99,5.99,0.42,3.32,9.96,False,High,Warehouse A,True,True,1.0,Dispose
CON-100725,Pallet,Wood,22.2,7,9,Low,Minor Damage,84.62,None,False,2.99,10.71,47.74,0.0,10.55,5.66,6.35,0.44,3.55,10.66,False,Low,Depot C,False,True,1.0,Refurbish
CON-100726,Crate,Metal,28.0,34,96,High,Unsafe,77.42,None,True,39.29,24.99,0.0,12.66,12.0,4.86,7.8,0.56,61.61,184.83,True,High,Facility D,True,True,1.0,Recycle
CON-100727,Box,Cardboard,1.55,45,153,None,Safe,63.21,Chemical,False,0.0,23.07,3.36,0.13,13.47,3.19,1.19,0.03,0.62,1.86,True,Medium,Facility D,True,True,1.0,Resell
CON-100728,Drum,Metal,27.18,44,68,Medium,Moderate Damage,74.67,None,True,28.74,28.6,50.04,13.07,11.8,3.76,7.6,0.54,59.8,179.41,True,Medium,Warehouse A,True,False,1.0,Resell
CON-100729,Tote,Plastic,5.49,1,1,None,Safe,85.81,None,False,0.0,8.23,36.76,1.2,6.37,3.66,2.17,0.11,5.71,17.14,True,Low,Terminal E,True,True,1.0,Resell
CON-100730,Crate,Wood,19.63,14,18,None,Safe,94.8,None,False,0.0,14.58,63.36,0.0,9.91,5.36,5.71,0.39,3.14,9.42,False,Low,Facility D,True,True,1.0,Resell
CON-100731,Crate,Metal,31.98,50,109,Low,Safe,56.8,None,False,4.37,29.38,20.95,15.77,13.0,6.84,8.8,0.64,70.36,211.09,True,Low,Warehouse A,True,True,1.0,Resell
CON-100732,Pallet,Plastic,5.81,58,46,Critical,Unsafe,63.19,None,True,36.95,17.62,0.0,1.15,6.45,3.7,2.25,0.12,6.05,18.14,True,High,Depot C,True,True,1.0,Recycle
CON-100733,Drum,Metal,27.61,6,8,High,Unsafe,82.03,None,True,62.12,21.5,0.0,13.63,11.9,4.81,7.7,0.55,60.75,182.24,True,High,Hub B,False,True,1.0,Recycle
CON-100734,Crate,Plastic,5.65,30,52,High,Unsafe,75.76,None,True,29.18,20.84,0.0,1.19,6.41,2.18,2.21,0.11,5.88,17.63,True,High,Warehouse A,True,False,1.0,Recycle
CON-100735,Pallet,Plastic,5.11,35,111,High,Unsafe,76.19,None,True,19.13,22.17,0.0,1.06,6.28,2.11,2.08,0.1,5.31,15.93,True,High,Facility D,False,True,1.0,Recycle
CON-100736,Crate,Metal,25.28,39,30,Medium,Moderate Damage,77.04,None,True,18.33,18.44,45.68,11.69,11.32,3.53,7.12,0.51,55.63,166.88,True,Medium,Terminal E,True,True,1.0,Resell
CON-100737,Drum,Metal,26.68,44,106,Medium,Minor Damage,69.77,None,True,28.7,33.13,40.18,12.02,11.67,3.7,7.47,0.53,58.7,176.1,True,Medium,Facility D,True,True,1.0,Resell
CON-100738,Box,Cardboard,1.35,7,13,Medium,,85.68,None,True,2.76,5.7,14.72,0.11,5.34,0.66,1.14,0.03,0.54,1.62,True,Medium,Hub B,True,False,1.0,Resell
CON-100739,Drum,Metal,29.19,41,23,Medium,Minor Damage,70.84,None,True,20.84,24.67,67.34,15.3,12.3,4.0,8.1,0.58,64.21,192.64,True,Medium,Terminal E,True,True,1.0,Resell
CON-100740,Box,Plastic,5.68,18,30,Medium,Minor Damage,80.08,None,True,2.58,8.24,12.11,1.09,6.42,1.18,2.22,0.11,5.91,17.73,True,Medium,Warehouse A,False,True,1.0,Resell
CON-100741,Tote,Plastic,4.9,59,92,Medium,Minor Damage,67.56,None,True,7.29,20.07,9.44,1.07,6.23,1.09,2.03,0.1,5.1,15.3,True,Medium,Depot C,True,True,1.0,Resell
CON-100742,Tote,Plastic,5.22,10,15,None,Safe,83.22,None,False,0.0,10.02,37.3,0.97,6.3,3.63,2.1,0.1,5.43,16.28,True,Low,Depot C,False,True,1.0,Resell
CON-100743,Drum,Plastic,6.25,12,26,None,Safe,90.92,None,False,0.0,21.96,95.86,1.36,6.56,3.75,2.36,0.13,6.5,19.51,True,Low,Depot C,False,True,1.0,Resell
CON-100744,Pallet,Wood,16.77,7,13,None,Safe,87.69,None,False,0.0,10.65,42.77,0.0,9.19,5.01,4.99,0.34,2.68,8.05,False,Low,Hub B,True,True,1.0,Resell
CON-100745,Drum,Metal,24.74,17,14,None,Safe,83.95,None,False,0.0,21.81,93.82,12.7,11.19,5.97,6.99,0.49,54.43,163.3,True,Low,Warehouse A,True,True,1.0,Resell
CON-100746,Pallet,Wood,17.57,32,58,,Minor Damage,,None,False,2.43,16.05,29.57,0.0,9.39,5.11,5.19,0.35,2.81,8.43,False,Low,Terminal E,True,True,1.0,Resell
CON-100747,Box,Cardboard,1.22,9,28,Low,Minor Damage,71.17,None,False,0.86,9.37,12.98,0.09,5.3,3.15,1.1,0.02,0.49,1.46,True,Low,Terminal E,False,True,1.0,Resell
CON-100748,Drum,Plastic,5.66,58,126,High,Moderate Damage,50.75,None,True,56.71,37.99,19.91,1.22,6.41,2.18,2.21,0.11,5.88,17.65,True,Medium,Terminal E,True,True,1.0,Resell
CON-100749,Box,Plastic,5.35,39,82,Low,Safe,76.88,Organic,False,0.88,13.92,7.28,1.02,6.34,3.64,2.14,0.11,5.57,16.7,True,Low,Depot C,True,True,1.0,Resell
CON-100750,Tote,Plastic,6.85,60,140,Medium,Moderate Damage,60.02,None,True,8.63,26.0,4.37,1.26,6.71,1.32,2.51,0.14,7.12,21.36,True,Medium,Facility D,True,True,1.0,Resell
CON-100751,Pallet,Plastic,6.93,4,3,None,Safe,71.67,None,False,0.0,12.05,49.26,1.49,6.73,3.83,2.53,0.14,7.21,21.63,True,Low,Hub B,False,True,1.0,Resell
CON-100752,Tote,Plastic,5.63,5,16,None,Safe,70.17,None,False,0.0,12.07,36.56,1.04,6.41,3.68,2.21,0.11,5.86,17.57,True,Low,Warehouse A,True,True,1.0,Resell
CON-100753,Crate,Plastic,5.95,51,155,High,Moderate Damage,68.36,None,True,39.94,32.25,13.12,1.26,6.49,2.21,2.29,0.12,6.18,18.55,True,Medium,Terminal E,False,True,1.0,Resell
CON-100754,Drum,Metal,29.16,28,60,Medium,Minor Damage,74.86,None,True,28.63,27.77,77.72,14.19,12.29,4.0,8.09,0.58,64.14,192.43,True,Medium,Hub B,True,True,1.0,Resell
CON-100755,Box,Cardboard,1.34,48,132,High,Moderate Damage,43.87,None,True,7.34,23.87,3.47,0.11,5.33,1.66,1.13,0.03,0.53,1.6,True,Medium,Warehouse A,True,True,1.0,Resell
CON-100756,Crate,Plastic,6.25,57,70,Critical,Unsafe,82.11,None,True,72.29,21.68,0.0,1.29,6.56,3.75,2.36,0.12,6.5,19.49,True,High,Warehouse A,True,False,1.0,Recycle
CON-100757,Crate,Wood,19.55,20,66,Low,Minor Damage,60.73,None,False,4.63,24.49,50.71,0.0,9.89,5.35,5.69,0.39,3.13,9.38,False,Low,Depot C,True,True,1.0,Resell
CON-100758,Tote,Plastic,5.47,14,45,Low,,81.85,Organic,False,1.7,13.22,31.13,1.14,6.37,3.66,2.17,0.11,5.69,17.07,True,Low,Hub B,True,True,1.0,Resell
CON-100759,Drum,Metal,24.26,54,32,None,Safe,75.95,Organic,False,0.0,24.81,45.62,13.26,11.06,5.91,6.86,0.49,53.36,160.09,True,Low,Warehouse A,True,False,1.0,Recycle
CON-100760,Drum,Plastic,4.91,14,22,None,Safe,79.63,Chemical,False,0.0,23.26,101.06,0.89,15.57,3.59,2.03,0.1,5.1,15.31,True,Medium,Depot C,True,False,1.0,Resell
CON-100761,Crate,Metal,26.6,2,3,None,Safe,73.43,None,False,0.0,16.29,82.32,14.44,11.65,6.19,7.45,0.53,58.52,175.55,True,Low,Warehouse A,True,False,1.0,Resell
CON-100762,Crate,Metal,29.56,37,98,Medium,Moderate Damage,75.52,None,True,17.57,25.47,33.9,16.04,12.39,4.05,8.19,0.59,65.04,195.11,True,Medium,Hub B,True,True,1.0,Resell
CON-100763,Box,Cardboard,1.66,19,28,None,Safe,93.24,None,False,0.0,6.06,10.8,0.13,5.42,3.2,1.22,0.03,0.67,2.0,True,Low,Depot C,True,True,1.0,Resell
CON-100764,Crate,Wood,19.55,2,3,Medium,Moderate Damage,98.29,None,True,16.88,12.56,75.72,0.0,9.89,2.85,5.69,0.39,3.13,9.38,False,Medium,Terminal E,True,True,1.0,Resell
CON-100765,Crate,Metal,30.62,5,9,None,Safe,75.22,None,False,0.0,16.62,71.22,16.44,12.65,6.67,8.45,0.61,67.36,202.07,True,Low,Hub B,True,True,1.0,Resell
CON-100766,Box,Cardboard,1.27,3,3,Medium,,82.0,None,True,3.26,5.25,13.14,0.09,5.32,0.65,1.12,0.03,0.51,1.52,True,Medium,Depot C,True,True,1.0,Resell
CON-100767,Crate,Metal,32.62,39,46,Low,Safe,88.48,None,False,4.02,18.33,40.97,15.45,13.15,6.91,8.95,0.65,71.76,215.29,True,Low,Depot C,True,True,1.0,Resell
CON-100768,Crate,Wood,16.2,39,111,Low,Minor Damage,48.55,None,False,3.8,30.82,33.51,0.0,9.05,4.94,4.85,0.32,2.59,7.77,False,Low,Depot C,True,True,1.0,Resell
CON-100769,Pallet,Wood,16.85,14,40,None,Safe,63.8,None,False,0.0,16.93,38.05,0.0,9.21,5.02,5.01,0.34,2.7,8.09,False,Low,Terminal E,True,True,1.0,Resell
CON-100770,Box,Cardboard,1.78,15,32,Medium,Moderate Damage,,None,True,3.45,8.84,10.9,0.15,5.44,0.71,1.24,0.04,0.71,2.13,True,Medium,Terminal E,False,False,1.0,Resell
CON-100771,Pallet,Plastic,6.99,22,27,Low,Minor Damage,87.67,None,False,2.97,12.05,34.96,1.45,6.75,3.84,2.55,0.14,7.27,21.8,True,Low,Facility D,False,True,1.0,Resell
CON-100772,Box,Plastic,6.37,39,46,High,Unsafe,83.91,None,True,8.06,9.26,0.0,1.38,6.59,2.26,2.39,0.13,6.62,19.87,True,High,Hub B,False,False,1.0,Recycle
CON-100773,Tote,Plastic,6.71,22,31,Medium,Minor Damage,81.54,None,True,6.87,11.87,28.75,1.34,6.68,1.31,2.48,0.13,6.98,20.94,True,Medium,Hub B,True,True,0.55,Manual_Review
CON-100774,Crate,Metal,32.54,31,84,None,Safe,57.12,None,False,0.0,26.83,44.55,14.72,13.13,6.9,8.93,0.65,71.58,214.74,True,Low,Hub B,True,True,1.0,Resell
CON-100775,Drum,Plastic,5.65,26,67,Critical,Unsafe,65.24,None,True,118.21,29.91,0.0,1.22,6.41,3.68,2.21,0.11,5.88,17.63,True,High,Terminal E,True,True,1.0,Recycle
CON-100776,Crate,Plastic,6.99,41,75,High,Unsafe,76.32,Organic,True,30.74,23.05,0.0,1.31,6.75,2.34,2.55,0.14,7.27,21.8,True,High,Terminal E,True,True,1.0,Recycle
CON-100777,Tote,Plastic,6.42,30,49,None,Safe,84.9,None,False,0.0,13.17,25.15,1.23,6.6,3.77,2.4,0.13,6.67,20.02,True,Low,Warehouse A,True,True,1.0,Resell
CON-100778,Tote,Plastic,5.48,25,36,Low,Safe,64.19,None,False,2.36,14.97,24.64,1.18,6.37,3.66,2.17,0.11,5.7,17.11,True,Low,Hub B,False,False,1.0,Resell
CON-100779,Crate,Wood,18.78,11,9,Medium,Moderate Damage,83.6,Organic,True,13.88,15.36,65.9,0.0,9.69,2.75,5.49,0.38,3.0,9.01,False,Medium,Depot C,True,True,1.0,Resell
CON-100780,Pallet,Wood,16.22,58,35,None,Safe,92.8,None,False,0.0,12.08,18.66,0.0,9.05,4.95,4.85,0.32,2.6,7.79,False,Low,Warehouse A,True,True,1.0,Resell
CON-100781,Drum,Plastic,6.05,54,100,High,Moderate Damage,58.51,None,True,45.79,34.22,33.82,1.3,6.51,2.23,2.31,0.12,6.29,18.88,True,Medium,Facility D,True,True,1.0,Resell
CON-100782,Box,Plastic,6.73,48,138,High,Moderate Damage,62.59,None,True,6.15,21.66,3.67,1.38,6.68,2.31,2.48,0.13,7.0,20.99,True,Medium,Terminal E,True,True,1.0,Resell
CON-100783,Box,Plastic,5.26,36,89,Medium,Minor Damage,53.72,None,True,2.7,18.09,7.11,1.07,6.31,1.13,2.11,0.11,5.47,16.4,True,Medium,Hub B,True,True,1.0,Resell
CON-100784,Pallet,Plastic,5.48,13,31,Low,Safe,65.28,None,False,2.75,15.81,43.29,0.99,6.37,3.66,2.17,0.11,5.7,17.09,True,Low,Warehouse A,False,False,1.0,Resell
CON-100785,Box,Plastic,6.45,40,65,Medium,Minor Damage,67.87,None,True,3.19,13.57,7.03,1.21,6.61,1.27,2.41,0.13,6.71,20.13,True,Medium,Depot C,True,True,1.0,Resell
CON-100786,Drum,Plastic,6.1,19,15,Medium,Minor Damage,68.11,Organic,True,26.53,24.28,101.03,1.2,6.53,1.23,2.33,0.12,6.35,19.05,True,Medium,Facility D,True,True,1.0,Resell
CON-100787,Drum,Plastic,6.39,23,59,Low,Safe,64.99,None,False,6.73,29.15,77.99,1.27,6.6,3.77,2.4,0.13,6.64,19.92,True,Low,Facility D,True,True,1.0,Resell
CON-100788,Drum,Metal,30.75,21,26,None,Safe,82.46,None,False,0.0,23.23,94.03,15.14,12.69,6.69,8.49,0.61,67.64,202.93,True,Low,Depot C,True,True,1.0,Resell
CON-100789,Box,Plastic,5.87,15,33,Low,Safe,77.32,None,False,0.63,8.95,12.42,1.28,6.47,3.7,2.27,0.12,6.11,18.33,True,Low,Terminal E,True,True,1.0,Resell
CON-100790,Drum,Metal,33.37,22,71,Low,Safe,66.15,None,False,5.67,30.18,76.85,15.68,13.34,7.0,9.14,0.67,73.4,220.21,True,Low,Hub B,False,True,1.0,Resell
CON-100791,Crate,Plastic,5.79,36,97,Medium,Minor Damage,,None,True,18.82,24.77,32.25,1.07,6.45,1.2,2.25,0.12,6.02,18.07,True,Medium,Facility D,False,True,1.0,Resell
CON-100792,Pallet,Wood,16.27,48,41,Critical,Unsafe,72.14,None,True,46.59,15.78,0.0,0.0,9.07,4.95,4.87,0.33,2.6,7.81,False,High,Depot C,True,True,1.0,Dispose
CON-100793,Drum,Metal,24.18,54,114,High,Moderate Damage,74.33,None,True,51.65,33.25,28.33,12.89,11.04,4.4,6.84,0.48,53.19,159.57,True,Medium,Depot C,True,True,1.0,Resell
CON-100794,Crate,Plastic,5.29,17,57,Medium,Moderate Damage,77.3,None,True,14.22,21.1,56.47,1.04,6.32,1.13,2.12,0.11,5.5,16.49,True,Medium,Depot C,False,True,1.0,Resell
CON-100795,Pallet,Plastic,4.84,32,85,Medium,Moderate Damage,60.12,Hazardous,True,9.81,21.98,0.0,0.0,37.26,1.08,2.01,0.1,5.03,15.1,False,High,Terminal E,True,True,1.0,Dispose
CON-100796,Drum,Plastic,5.94,7,16,None,Safe,92.49,None,False,0.0,20.73,110.56,1.09,6.49,3.71,2.29,0.12,6.18,18.55,True,Low,Terminal E,True,True,1.0,Resell
CON-100797,Pallet,Wood,17.13,40,120,High,,74.23,None,True,21.71,23.37,17.98,0.0,9.28,3.56,5.08,0.34,2.74,8.22,False,Medium,Depot C,True,True,1.0,Resell
CON-100798,Drum,Metal,27.22,14,38,None,Safe,76.03,None,False,0.0,25.4,90.56,14.02,11.8,6.27,7.6,0.54,59.88,179.64,True,Low,Depot C,False,True,1.0,Resell
CON-100799,Box,Cardboard,1.46,5,8,None,Safe,93.54,Organic,False,0.0,4.02,14.71,0.11,5.36,3.17,1.16,0.03,0.58,1.75,True,Low,Facility D,True,True,1.0,Resell
CON-100800,Tote,Plastic,5.14,56,119,Low,,75.92,None,False,2.4,21.51,7.46,1.07,6.28,3.62,2.08,0.1,5.34,16.02,True,Low,Depot C,True,False,1.0,Resell
CON-100801,Pallet,Wood,18.32,44,48,None,Safe,74.82,None,False,0.0,16.08,22.05,0.0,9.58,5.2,5.38,0.37,2.93,8.79,False,Low,Facility D,True,True,1.0,Resell
CON-100802,Pallet,Wood,20.2,54,103,Low,Minor Damage,66.91,None,False,2.07,22.76,11.81,0.0,10.05,5.42,5.85,0.4,3.23,9.69,False,Low,Warehouse A,True,True,1.0,Resell
CON-100803,Drum,Plastic,5.03,40,76,None,Safe,82.8,None,False,0.0,28.18,55.23,1.08,6.26,3.6,2.06,0.1,5.23,15.69,True,Low,Depot C,True,True,1.0,Resell
CON-100804,Drum,Plastic,5.68,50,85,Low,Minor Damage,66.17,None,False,5.29,31.58,40.72,1.16,6.42,3.68,2.22,0.11,5.91,17.73,True,Low,Warehouse A,True,True,1.0,Resell
CON-100805,Pallet,Plastic,5.59,50,153,Critical,Unsafe,40.4,None,True,44.47,31.74,0.0,1.21,6.4,3.67,2.2,0.11,5.82,17.45,True,High,Hub B,True,True,1.0,Recycle
CON-100806,Pallet,Wood,23.44,40,37,Low,Safe,78.34,None,False,2.08,14.45,23.67,0.0,10.86,5.81,6.66,0.47,3.75,11.25,False,Low,Warehouse A,True,False,1.0,Resell
CON-100807,Drum,Plastic,5.53,49,41,None,Safe,80.48,None,False,0.0,25.03,50.18,1.1,6.38,3.66,2.18,0.11,5.75,17.24,True,Low,Depot C,True,False,1.0,Resell
CON-100808,Pallet,Wood,23.56,54,71,,Unsafe,60.6,None,True,42.33,20.51,0.0,0.0,10.89,5.83,6.69,0.47,3.77,11.31,False,High,Depot C,True,False,1.0,Dispose
CON-100809,Crate,Wood,16.2,24,73,Medium,Moderate Damage,63.55,None,True,16.38,24.77,46.31,0.0,9.05,2.44,4.85,0.32,2.59,7.78,False,Medium,Hub B,False,True,1.0,Resell
CON-100810,Box,Cardboard,1.47,34,36,Low,Minor Damage,82.95,None,False,0.87,8.41,9.55,0.12,5.37,3.18,1.17,0.03,0.59,1.76,True,Low,Warehouse A,True,True,1.0,Resell
CON-100811,Drum,Metal,35.95,46,57,Medium,Minor Damage,59.47,Chemical,True,27.49,29.78,54.43,19.51,34.97,4.81,9.79,0.72,79.09,237.26,True,Medium,Terminal E,False,True,1.0,Resell
CON-100812,Tote,Plastic,4.89,2,4,None,Safe,78.03,None,False,0.0,9.7,36.37,1.05,6.22,3.59,2.02,0.1,5.09,15.26,True,Low,Warehouse A,False,True,1.0,Resell
CON-100813,Box,Plastic,5.03,35,46,None,Safe,71.15,None,False,0.0,11.18,8.77,0.97,6.26,3.6,2.06,0.1,5.24,15.71,True,Low,Depot C,True,False,1.0,Resell
CON-100814,Box,Plastic,5.8,43,107,Low,Safe,72.81,None,False,0.64,17.03,5.62,1.11,6.45,3.7,2.25,0.12,6.03,18.09,True,Low,Hub B,False,True,1.0,Resell
CON-100815,Tote,Plastic,5.22,48,145,High,Moderate Damage,61.67,None,True,15.25,26.25,9.31,1.04,6.3,2.13,2.1,0.1,5.42,16.27,True,Medium,Warehouse A,False,True,1.0,Resell
CON-100816,Box,Cardboard,1.39,41,139,High,Moderate Damage,48.54,None,True,6.41,23.87,4.42,0.1,5.35,1.67,1.15,0.03,0.56,1.67,True,Medium,Hub B,True,True,1.0,Resell
CON-100817,Crate,Wood,19.03,19,19,High,Moderate Damage,79.25,None,True,40.83,17.01,60.7,0.0,9.76,3.78,5.56,0.38,3.05,9.14,False,Medium,Depot C,True,True,1.0,Resell
CON-100818,Drum,Plastic,5.02,23,51,Low,Minor Damage,66.63,None,False,6.79,28.11,80.53,1.04,6.26,3.6,2.06,0.1,5.22,15.67,True,Low,Hub B,True,False,1.0,Resell
CON-100819,Pallet,Plastic,5.63,52,132,Critical,Unsafe,67.38,Organic,True,42.56,25.59,0.0,1.2,6.41,3.68,2.21,0.11,5.86,17.57,True,High,Depot C,True,False,1.0,Recycle
CON-100820,Crate,Wood,19.74,3,9,Low,Safe,83.94,None,False,3.72,15.31,75.66,0.0,9.94,5.37,5.74,0.39,3.16,9.48,False,Low,Terminal E,False,False,1.0,Resell
CON-100821,Box,Plastic,6.89,1,0,,Minor Damage,89.96,None,False,0.63,3.76,15.29,1.49,6.72,3.83,2.52,0.14,7.16,21.49,True,Low,Depot C,True,True,1.0,Resell
CON-100822,Drum,Plastic,6.22,45,81,None,Safe,69.59,None,False,0.0,30.66,44.17,1.3,6.56,3.75,2.36,0.12,6.47,19.42,True,Low,Terminal E,True,True,1.0,Resell
CON-100823,Pallet,Wood,19.37,50,65,None,Safe,69.21,None,False,0.0,18.62,17.26,0.0,9.84,5.32,5.64,0.39,3.1,9.3,False,Low,Hub B,True,False,1.0,Resell
CON-100824,Pallet,Wood,17.04,22,63,High,Moderate Damage,58.29,None,True,24.89,20.06,31.45,0.0,9.26,3.54,5.06,0.34,2.73,8.18,False,Medium,Depot C,False,True,1.0,Repair
CON-100825,Pallet,Wood,18.41,6,6,None,Safe,85.7,None,False,0.0,10.24,48.48,0.0,9.6,5.21,5.4,0.37,2.95,8.84,False,Low,Hub B,True,True,1.0,Resell
CON-100826,Drum,Plastic,6.48,59,113,Medium,Moderate Damage,52.46,None,True,26.53,36.43,22.99,1.19,6.62,1.28,2.42,0.13,6.74,20.21,True,Medium,Hub B,True,True,1.0,Resell
CON-100827,Crate,Metal,32.76,28,64,None,Safe,76.79,Chemical,False,0.0,21.88,48.97,17.92,32.98,6.93,8.99,0.66,72.08,216.25,True,Medium,Warehouse A,True,False,1.0,Resell
CON-100828,Crate,Plastic,6.0,1,2,Low,Minor Damage,72.16,None,False,3.42,16.38,81.18,1.13,6.5,3.72,2.3,0.12,6.24,18.73,True,Low,Hub B,True,True,1.0,Resell
CON-100829,Pallet,Plastic,5.16,20,33,None,Safe,92.36,None,False,0.0,11.95,40.07,1.02,6.29,3.62,2.09,0.1,5.37,16.1,True,Low,Hub B,False,False,1.0,Resell
CON-100830,Box,Plastic,6.45,7,17,Low,Minor Damage,72.49,None,False,0.7,8.08,12.13,1.31,6.61,3.77,2.41,0.13,6.7,20.11,True,Low,Facility D,False,True,1.0,Resell
CON-100831,Drum,Plastic,6.65,20,35,High,Moderate Damage,74.89,None,True,52.93,25.27,92.9,1.3,6.66,2.3,2.46,0.13,6.92,20.75,True,Medium,Facility D,True,False,1.0,Resell
CON-100832,Pallet,Plastic,6.08,25,77,Critical,Unsafe,80.09,Organic,True,49.88,18.19,0.0,1.24,6.52,3.73,2.32,0.12,6.32,18.96,True,High,Hub B,False,True,1.0,Recycle
CON-100833,Crate,Wood,16.97,32,60,Low,Safe,61.33,Chemical,False,3.6,23.8,46.47,0.0,23.11,5.04,5.04,0.34,2.72,8.15,False,Medium,Depot C,True,True,1.0,Resell
CON-100834,Crate,Plastic,4.84,21,29,None,Safe,76.33,None,False,0.0,18.45,56.89,0.88,6.21,3.58,2.01,0.1,5.04,15.11,True,Low,Facility D,True,True,1.0,Resell
CON-100835,Pallet,Plastic,5.83,18,27,None,Safe,73.93,Organic,False,0.0,14.11,36.34,1.24,6.46,3.7,2.26,0.12,6.07,18.2,True,Low,Terminal E,False,True,1.0,Resell
CON-100836,Pallet,Wood,19.06,47,34,,Moderate Damage,80.52,None,True,11.8,13.82,20.89,0.0,9.76,2.79,5.56,0.38,3.05,9.15,False,Medium,Depot C,True,True,1.0,Resell
CON-100837,Tote,Plastic,7.19,40,81,High,Moderate Damage,62.97,None,True,18.53,19.65,15.94,1.36,6.8,2.36,2.6,0.14,7.48,22.43,True,Medium,Facility D,True,True,1.0,Resell
CON-100838,Tote,Plastic,6.98,44,59,None,Safe,75.98,None,False,0.0,15.5,15.98,1.37,6.75,3.84,2.55,0.14,7.26,21.79,True,Low,Hub B,True,True,1.0,Resell
CON-100839,Crate,Wood,17.77,2,5,None,Safe,97.09,None,False,0.0,12.94,74.31,0.0,9.44,5.13,5.24,0.36,2.84,8.53,False,Low,Terminal E,False,False,1.0,Resell
CON-100840,Tote,Plastic,5.94,36,19,None,Safe,86.61,Chemical,False,0.0,9.91,25.63,1.11,16.21,3.71,2.29,0.12,6.18,18.54,True,Medium,Facility D,True,False,1.0,Resell
CON-100841,Crate,Plastic,4.88,55,121,High,Moderate Damage,56.86,None,True,33.77,30.57,16.84,0.92,6.22,2.09,2.02,0.1,5.07,15.22,True,Medium,Terminal E,True,True,1.0,Resell
CON-100842,Drum,Metal,25.87,38,38,None,Safe,75.45,Organic,False,0.0,25.48,64.18,13.62,11.47,6.1,7.27,0.52,56.92,170.75,True,Low,Depot C,False,True,1.0,Resell
CON-100843,Drum,Metal,25.16,14,15,High,Moderate Damage,79.88,None,True,46.64,22.52,93.2,13.28,11.29,4.52,7.09,0.5,55.36,166.08,True,Medium,Facility D,False,True,1.0,Resell
CON-100844,Tote,Plastic,5.57,24,57,Medium,Moderate Damage,73.53,None,True,7.12,15.67,26.01,1.09,6.39,1.17,2.19,0.11,5.79,17.37,True,Medium,Facility D,True,True,1.0,Resell
CON-100845,Drum,Plastic,4.81,54,81,Low,Minor Damage,64.11,None,False,5.04,31.48,37.07,0.98,6.2,3.58,2.0,0.1,5.0,15.0,True,Low,Facility D,False,True,1.0,Resell
CON-100846,Pallet,Wood,20.88,33,115,Medium,Moderate Damage,48.64,None,True,9.0,26.7,21.23,0.0,10.22,3.01,6.02,0.42,3.34,10.02,False,Medium,Terminal E,False,True,1.0,Resell
CON-100847,Tote,Plastic,6.12,56,60,Low,Safe,74.27,None,False,1.79,15.86,13.37,1.22,6.53,3.73,2.33,0.12,6.37,19.11,True,Low,Hub B,True,True,1.0,Resell
CON-100848,Pallet,Plastic,5.9,44,101,None,Safe,55.9,None,False,0.0,24.22,19.59,1.18,6.48,3.71,2.28,0.12,6.14,18.41,True,Low,Warehouse A,True,True,1.0,Resell
CON-100849,Box,Cardboard,1.65,44,111,Critical,Unsafe,51.93,None,True,12.33,20.56,0.0,0.13,5.41,3.2,1.21,0.03,0.66,1.98,True,High,Terminal E,True,False,1.0,Recycle
CON-100850,Tote,Plastic,5.85,53,141,Critical,Unsafe,47.45,None,True,37.06,27.98,0.0,1.06,6.46,3.7,2.26,0.12,6.09,18.26,True,High,Facility D,False,True,1.0,Recycle
CON-100851,Box,Cardboard,1.71,49,145,Medium,Minor Damage,49.34,None,True,3.19,24.35,3.21,0.13,5.43,0.7,1.23,0.03,0.68,2.05,True,Medium,Hub B,False,True,1.0,Resell
CON-100852,Box,Plastic,6.96,32,88,Medium,Moderate Damage,72.13,None,True,2.8,15.23,7.85,1.38,6.74,1.33,2.54,0.14,7.24,21.71,True,Medium,Depot C,True,False,1.0,Resell
CON-100853,Tote,Plastic,4.86,57,91,Medium,Moderate Damage,60.39,None,True,8.69,21.04,9.54,0.99,6.22,1.08,2.02,0.1,5.06,15.17,True,Medium,Depot C,False,True,1.0,Resell
CON-100854,Pallet,Wood,20.86,55,90,Medium,Minor Damage,81.16,None,True,9.21,19.33,12.72,0.0,10.21,3.0,6.01,0.42,3.34,10.01,False,Medium,Terminal E,True,True,1.0,Resell
CON-100855,Tote,Plastic,5.94,58,58,Low,Minor Damage,69.08,None,False,2.0,16.44,12.37,1.19,6.49,3.71,2.29,0.12,6.18,18.55,True,Low,Facility D,False,True,1.0,Resell
CON-100856,Drum,Plastic,4.83,5,7,Medium,Moderate Damage,92.41,None,True,25.04,19.84,104.46,1.01,6.21,1.08,2.01,0.1,5.03,15.08,True,Medium,Warehouse A,True,True,1.0,Resell
CON-100857,Box,Cardboard,1.64,24,59,None,Safe,69.41,Hazardous,False,0.0,12.74,0.0,0.0,32.47,3.2,1.21,0.03,0.66,1.97,False,High,Terminal E,True,True,1.0,Dispose
CON-100858,Tote,Plastic,7.13,4,7,None,Safe,91.26,None,False,0.0,8.01,40.09,1.34,6.78,3.86,2.58,0.14,7.41,22.24,True,Low,Hub B,True,True,1.0,Resell
CON-100859,Crate,Metal,27.33,48,51,Critical,Unsafe,62.62,None,True,62.64,22.71,0.0,12.87,11.83,6.28,7.63,0.55,60.13,180.38,True,High,Hub B,False,True,1.0,Recycle
CON-100860,Box,Plastic,6.7,5,5,None,Safe,85.74,None,False,0.0,4.89,14.03,1.23,6.67,3.8,2.47,0.13,6.96,20.89,True,Low,Terminal E,True,False,1.0,Resell
CON-100861,Tote,Plastic,6.87,8,21,None,Safe,72.48,None,False,0.0,12.23,32.98,1.46,6.72,3.82,2.52,0.14,7.14,21.42,True,Low,Terminal E,False,True,1.0,Resell
CON-100862,Crate,Plastic,6.31,22,44,Low,Minor Damage,62.66,None,False,4.59,22.0,53.14,1.2,6.58,3.76,2.38,0.13,6.57,19.7,True,Low,Depot C,True,True,1.0,Resell
CON-100863,Pallet,Plastic,4.82,58,198,Medium,Moderate Damage,45.53,Hazardous,True,11.04,35.47,0.0,0.0,37.22,1.08,2.0,0.1,5.01,15.02,False,High,Depot C,True,True,1.0,Dispose
CON-100864,Tote,Plastic,5.26,7,19,Medium,Minor Damage,86.98,None,True,8.85,9.85,34.29,1.05,6.32,1.13,2.12,0.11,5.48,16.43,True,Medium,Depot C,True,False,1.0,Resell
CON-100865,Pallet,Plastic,6.69,55,53,Low,Safe,79.63,None,False,2.47,15.86,17.26,1.36,6.67,3.8,2.47,0.13,6.95,20.86,True,Low,Facility D,True,True,1.0,Resell
CON-100866,Crate,Plastic,5.15,22,58,Medium,Moderate Damage,74.91,None,True,15.32,21.56,52.33,1.01,6.29,1.12,2.09,0.1,5.35,16.06,True,Medium,Facility D,True,True,1.0,Resell
CON-100867,Drum,Plastic,4.85,46,50,None,Safe,81.16,Organic,False,0.0,25.83,51.46,0.93,6.21,3.58,2.01,0.1,5.04,15.12,True,Low,Facility D,True,False,1.0,Resell
CON-100868,Pallet,Plastic,6.86,7,5,Low,Safe,89.24,None,False,2.72,9.61,45.81,1.36,6.71,3.82,2.51,0.14,7.13,21.39,True,Low,Warehouse A,False,True,1.0,Resell
CON-100869,Tote,Plastic,4.94,4,9,None,Safe,82.06,None,False,0.0,9.59,37.21,0.95,6.24,3.59,2.04,0.1,5.14,15.42,True,Low,Facility D,True,True,1.0,Resell
CON-100870,Drum,Metal,34.49,38,53,High,Moderate Damage,72.54,None,True,50.28,27.42,60.92,17.4,13.62,5.64,9.42,0.69,75.87,227.62,True,Medium,Depot C,True,True,1.0,Resell
CON-100871,Crate,Plastic,6.97,29,79,High,Moderate Damage,78.68,None,True,35.44,23.1,43.88,1.35,6.74,2.34,2.54,0.14,7.25,21.75,True,Medium,Depot C,True,False,1.0,Resell
CON-100872,Box,Plastic,5.83,52,101,,Minor Damage,54.85,None,True,3.59,19.12,3.8,1.14,6.46,1.2,2.26,0.12,6.06,18.18,True,Medium,Terminal E,False,True,1.0,Resell
CON-100873,Crate,Metal,29.9,37,55,None,Safe,66.97,None,False,0.0,22.45,42.14,16.37,12.48,6.59,8.28,0.6,65.79,197.37,True,Low,Warehouse A,True,False,1.0,Resell
CON-100874,Drum,Metal,33.02,50,127,High,Unsafe,60.63,None,True,64.68,36.61,0.0,15.36,13.26,5.46,9.06,0.66,72.65,217.95,True,High,Depot C,True,True,1.0,Recycle
CON-100875,Crate,Plastic,6.07,45,122,Medium,Moderate Damage,48.92,None,True,14.68,31.86,24.0,1.24,6.52,1.23,2.32,0.12,6.31,18.93,True,Medium,Facility D,True,True,1.0,Resell
CON-100876,Crate,Wood,20.68,50,73,None,Safe,65.79,None,False,0.0,24.43,26.62,0.0,10.17,5.48,5.97,0.41,3.31,9.92,False,Low,Terminal E,True,False,1.0,Resell
CON-100877,Pallet,Plastic,5.24,2,4,High,Moderate Damage,75.82,None,True,26.59,11.53,48.99,1.01,6.31,2.13,2.11,0.1,5.45,16.34,True,Medium,Depot C,True,True,1.0,Resell
CON-100878,Crate,Wood,23.49,14,39,High,Moderate Damage,88.08,None,True,35.13,17.69,67.55,0.0,10.87,4.32,6.67,0.47,3.76,11.28,False,Medium,Facility D,True,True,1.0,Resell
CON-100879,Pallet,Plastic,4.92,29,49,None,Safe,67.07,None,False,0.0,17.34,31.15,0.91,6.23,3.59,2.03,0.1,5.11,15.34,True,Low,Hub B,True,True,1.0,Resell
CON-100880,Drum,Plastic,6.6,21,36,Low,Safe,63.25,None,False,5.66,27.11,91.33,1.26,6.65,3.79,2.45,0.13,6.86,20.59,True,Low,Warehouse A,False,True,0.82,Resell
CON-100881,Box,Plastic,5.66,20,60,None,Safe,59.62,None,False,0.0,14.31,10.51,1.07,6.42,3.68,2.22,0.11,5.89,17.67,True,Low,Warehouse A,False,True,0.89,Resell
CON-100882,Crate,Wood,17.13,16,16,None,Safe,92.96,None,False,0.0,14.66,60.19,0.0,9.28,5.06,5.08,0.34,2.74,8.22,False,Low,Facility D,True,True,1.0,Resell
CON-100883,Crate,Plastic,6.28,53,51,Medium,Minor Damage,,None,True,13.77,19.42,29.55,1.33,6.57,1.25,2.37,0.13,6.53,19.6,True,Medium,Hub B,True,True,1.0,Resell
CON-100884,Pallet,Plastic,5.77,24,77,Low,Minor Damage,65.94,None,False,2.03,20.31,27.44,1.04,6.44,3.69,2.24,0.12,6.0,18.0,True,Low,Facility D,True,True,1.0,Resell
CON-100885,Drum,Metal,25.9,1,1,Low,Safe,97.04,None,False,5.07,18.54,130.14,12.89,11.47,6.11,7.27,0.52,56.98,170.93,True,Low,Facility D,False,True,1.0,Resell
CON-100886,Box,Plastic,5.94,58,186,Critical,Unsafe,53.11,Chemical,True,15.08,27.88,0.0,1.23,16.21,3.71,2.29,0.12,6.18,18.54,True,High,Warehouse A,False,True,1.0,Recycle
CON-100887,Tote,Plastic,5.1,33,29,Medium,Minor Damage,87.43,None,True,6.7,10.78,22.43,1.0,6.28,1.11,2.08,0.1,5.31,15.92,True,Medium,Terminal E,True,True,1.0,Resell
CON-100888,Crate,Plastic,6.51,30,75,Medium,Moderate Damage,62.2,None,True,15.5,25.17,40.76,1.34,6.63,1.28,2.43,0.13,6.77,20.3,True,Medium,Terminal E,True,True,1.0,Resell
CON-100889,Pallet,Wood,17.14,3,9,None,Safe,93.34,None,False,0.0,9.4,45.91,0.0,9.29,5.06,5.09,0.34,2.74,8.23,False,Low,Terminal E,False,True,1.0,Resell
CON-100890,Tote,Plastic,5.89,14,26,None,Safe,78.42,Organic,False,0.0,11.84,29.85,1.13,6.47,3.71,2.27,0.12,6.12,18.36,True,Low,Terminal E,True,True,1.0,Resell
CON-100891,Crate,Plastic,6.65,30,74,Medium,Moderate Damage,62.3,None,True,17.8,25.05,42.07,1.31,6.66,1.3,2.46,0.13,6.92,20.76,True,Medium,Warehouse A,True,True,1.0,Resell
CON-100892,Box,Cardboard,1.53,19,16,Low,Minor Damage,87.59,Organic,False,0.9,5.71,11.52,0.11,5.38,3.18,1.18,0.03,0.61,1.84,True,Low,Terminal E,True,True,1.0,Resell
CON-100893,Tote,Plastic,5.14,44,51,Medium,Minor Damage,83.84,None,True,8.08,13.52,19.22,1.09,6.29,1.12,2.09,0.1,5.35,16.04,True,Medium,Terminal E,True,False,1.0,Resell
CON-100894,Tote,Plastic,5.7,7,17,None,Safe,71.3,None,False,0.0,12.0,37.64,1.06,6.42,3.68,2.22,0.11,5.93,17.78,True,Low,Terminal E,False,True,1.0,Resell
CON-100895,Drum,Plastic,5.74,34,116,Low,Minor Damage,62.76,None,False,7.05,35.19,47.62,1.03,6.43,3.69,2.23,0.11,5.96,17.89,True,Low,Depot C,True,True,1.0,Resell
CON-100896,Box,Cardboard,1.65,9,8,Low,Safe,75.46,None,False,0.89,6.73,14.23,0.13,5.41,3.2,1.21,0.03,0.66,1.98,True,Low,Hub B,False,True,1.0,Resell
CON-100897,Crate,Wood,17.81,18,16,None,Safe,93.1,None,False,0.0,14.64,66.06,0.0,9.45,5.14,5.25,0.36,2.85,8.55,False,Low,Hub B,True,True,1.0,Resell
CON-100898,Crate,Wood,21.09,34,48,Medium,,67.25,None,True,14.29,21.71,46.01,0.0,10.27,3.03,6.07,0.42,3.38,10.13,False,Medium,Facility D,True,True,1.0,Resell
CON-100899,Pallet,Wood,23.04,49,158,Low,Minor Damage,42.14,None,False,2.04,31.98,10.57,0.0,10.76,5.77,6.56,0.46,3.69,11.06,False,Low,Depot C,True,True,1.0,Resell
CON-100900,Drum,Plastic,5.34,7,5,High,Unsafe,91.76,None,True,53.88,19.74,0.0,1.11,6.33,2.14,2.13,0.11,5.55,16.66,True,High,Facility D,False,True,1.0,Recycle
CON-100901,Crate,Metal,32.79,58,72,Low,Minor Damage,73.01,None,False,4.77,23.25,23.57,15.03,13.2,6.93,9.0,0.66,72.14,216.41,True,Low,Warehouse A,False,True,1.0,Resell
CON-100902,Drum,Plastic,5.05,50,148,Medium,Moderate Damage,53.58,None,True,22.81,39.76,26.13,1.01,6.26,1.11,2.06,0.1,5.25,15.75,True,Medium,Facility D,True,False,1.0,Resell
CON-100903,Box,Cardboard,1.27,49,59,Medium,Moderate Damage,63.74,None,True,2.45,13.59,6.14,0.1,5.32,0.65,1.12,0.03,0.51,1.52,True,Medium,Facility D,False,False,1.0,Resell
CON-100904,Drum,Plastic,6.41,2,2,None,Safe,98.88,None,False,0.0,18.37,127.57,1.18,6.6,3.77,2.4,0.13,6.66,19.99,True,Low,Facility D,True,True,1.0,Resell
CON-100905,Crate,Plastic,7.14,16,21,Low,Safe,86.06,None,False,4.22,16.19,66.38,1.5,6.78,3.86,2.58,0.14,7.42,22.27,True,Low,Hub B,True,False,1.0,Resell
CON-100906,Crate,Metal,28.82,23,65,Low,Safe,61.66,None,False,3.73,24.25,54.85,14.74,12.2,6.46,8.0,0.58,63.39,190.18,True,Low,Hub B,True,True,1.0,Resell
CON-100907,Drum,Plastic,6.29,41,43,None,Safe,85.34,Chemical,False,0.0,24.5,64.79,1.25,16.43,3.76,2.37,0.13,6.54,19.63,True,Medium,Depot C,False,True,1.0,Resell
CON-100908,Crate,Wood,16.89,38,54,Low,Minor Damage,66.5,None,False,3.84,22.43,41.27,0.0,9.22,5.03,5.02,0.34,2.7,8.11,False,Low,Warehouse A,True,True,1.0,Resell
CON-100909,Drum,Plastic,5.15,22,46,Low,Minor Damage,86.81,None,False,6.83,24.58,80.67,1.08,6.29,3.62,2.09,0.1,5.36,16.07,True,Low,Depot C,True,True,1.0,Resell
CON-100910,Box,Cardboard,1.53,43,149,Medium,Minor Damage,55.37,None,True,3.58,23.85,4.35,0.12,5.38,0.68,1.18,0.03,0.61,1.83,True,Medium,Hub B,False,True,1.0,Resell
CON-100911,Box,Plastic,6.81,27,58,Medium,Minor Damage,76.03,None,True,3.1,11.65,9.85,1.4,6.7,1.32,2.5,0.14,7.08,21.25,True,Medium,Facility D,True,True,1.0,Resell
CON-100912,Crate,Plastic,6.96,60,72,Medium,Moderate Damage,83.29,None,True,14.86,21.71,21.27,1.48,6.74,1.34,2.54,0.14,7.24,21.72,True,Medium,Hub B,True,True,1.0,Resell
CON-100913,Tote,Plastic,6.08,7,20,None,Safe,74.4,Chemical,False,0.0,11.84,37.15,1.25,16.3,3.73,2.32,0.12,6.33,18.98,True,Medium,Terminal E,True,True,1.0,Resell
CON-100914,Drum,Plastic,5.99,28,19,Medium,Minor Damage,95.54,None,True,25.44,20.57,81.0,1.29,6.5,1.22,2.3,0.12,6.23,18.7,True,Medium,Facility D,True,True,1.0,Resell
CON-100915,Crate,Metal,27.02,58,155,Critical,Unsafe,56.08,None,True,58.03,34.09,0.0,13.23,11.76,6.24,7.56,0.54,59.45,178.36,True,High,Facility D,True,False,1.0,Recycle
CON-100916,Crate,Plastic,5.36,52,162,High,Unsafe,63.27,None,True,38.61,33.71,0.0,1.03,6.34,2.14,2.14,0.11,5.57,16.72,True,High,Warehouse A,True,True,1.0,Recycle
CON-100917,Box,Cardboard,1.52,47,46,Medium,Minor Damage,83.34,None,True,3.31,9.35,6.7,0.11,5.38,0.68,1.18,0.03,0.61,1.82,True,Medium,Hub B,True,True,1.0,Resell
CON-100918,Box,Plastic,6.18,44,73,None,Safe,73.96,None,False,0.0,13.46,6.18,1.32,6.54,3.74,2.34,0.12,6.42,19.27,True,Low,Hub B,True,True,1.0,Resell
CON-100919,Crate,Plastic,5.02,17,28,High,Moderate Damage,83.86,None,True,29.97,17.22,63.74,0.99,6.25,2.1,2.05,0.1,5.22,15.66,True,Medium,Warehouse A,True,True,1.0,Resell
CON-100920,Tote,Plastic,6.44,7,7,None,Safe,98.46,None,False,0.0,6.93,35.8,1.17,6.61,3.77,2.41,0.13,6.7,20.09,True,Low,Terminal E,True,True,1.0,Resell
CON-100921,Tote,Plastic,5.24,14,47,Low,Safe,64.44,None,False,2.08,16.03,33.17,1.06,6.31,3.63,2.11,0.1,5.45,16.34,True,Low,Facility D,True,False,1.0,Resell
CON-100922,Box,Cardboard,1.76,57,192,Critical,Unsafe,37.38,None,True,11.69,30.84,0.0,0.14,5.44,3.21,1.24,0.04,0.7,2.11,True,High,Hub B,True,True,1.0,Recycle
CON-100923,Tote,Plastic,7.19,59,89,None,Safe,54.34,None,False,0.0,21.75,9.37,1.41,6.8,3.86,2.6,0.14,7.48,22.44,True,Low,Facility D,True,False,1.0,Resell
CON-100924,Pallet,Wood,23.68,32,34,Medium,Moderate Damage,91.95,None,True,11.93,12.11,27.9,0.0,10.92,3.34,6.72,0.47,3.79,11.37,False,Medium,Facility D,True,False,1.0,Resell
CON-100925,Tote,Plastic,6.62,42,46,None,Safe,86.74,None,False,0.0,12.59,20.55,1.27,6.65,3.79,2.45,0.13,6.88,20.64,True,Low,Facility D,False,True,1.0,Resell
CON-100926,Drum,Metal,27.86,31,72,High,Unsafe,,None,True,49.4,29.6,0.0,14.44,11.96,4.84,7.76,0.56,61.29,183.86,True,High,Warehouse A,True,True,1.0,Recycle
CON-100927,Crate,Metal,32.97,37,78,High,Unsafe,62.22,None,True,29.48,25.47,0.0,15.84,13.24,5.46,9.04,0.66,72.54,217.63,True,High,Hub B,True,False,1.0,Recycle
CON-100928,Drum,Metal,30.1,44,114,High,Moderate Damage,74.24,None,True,62.47,33.26,43.43,15.69,12.53,5.11,8.33,0.6,66.23,198.69,True,Medium,Warehouse A,True,True,1.0,Resell
CON-100929,Box,Cardboard,1.75,14,44,Medium,Minor Damage,63.47,None,True,2.69,12.13,10.43,0.15,5.44,0.71,1.24,0.04,0.7,2.1,True,Medium,Depot C,True,True,1.0,Resell
CON-100930,Drum,Metal,25.87,39,48,Medium,Moderate Damage,63.94,None,True,24.68,28.21,60.73,13.88,11.47,3.6,7.27,0.52,56.92,170.75,True,Medium,Depot C,True,True,1.0,Recycle
CON-100931,Drum,Plastic,6.82,13,38,None,Safe,84.8,None,False,0.0,24.08,85.95,1.42,6.71,3.82,2.51,0.14,7.1,21.29,True,Low,Warehouse A,False,True,1.0,Resell
CON-100932,Box,Cardboard,1.3,51,100,Critical,Unsafe,63.89,Chemical,True,13.97,17.67,0.0,0.11,13.31,3.16,1.12,0.03,0.52,1.55,True,High,Facility D,True,False,1.0,Recycle
CON-100933,Tote,Plastic,5.06,8,13,None,Safe,68.89,None,False,0.0,11.97,36.15,1.01,6.27,3.61,2.07,0.1,5.26,15.79,True,Low,Hub B,True,True,1.0,Resell
CON-100934,Box,Plastic,5.24,49,126,Low,Safe,67.55,None,False,0.73,19.72,3.96,0.97,6.31,3.63,2.11,0.1,5.45,16.36,True,Low,Terminal E,True,False,1.0,Resell
CON-100935,Pallet,Plastic,4.91,1,3,Medium,Moderate Damage,73.62,None,True,8.7,11.76,46.75,0.97,6.23,1.09,2.03,0.1,5.1,15.3,True,Medium,Warehouse A,False,True,1.0,Resell
CON-100936,Box,Cardboard,1.31,13,19,Low,Minor Damage,95.44,None,False,0.85,4.83,12.33,0.11,5.33,3.16,1.13,0.03,0.52,1.57,True,Low,Depot C,True,True,1.0,Resell
CON-100937,Box,Cardboard,1.45,35,19,Medium,Minor Damage,74.48,None,True,2.45,7.98,8.85,0.12,5.36,0.67,1.16,0.03,0.58,1.74,True,Medium,Hub B,True,True,0.52,Manual_Review
CON-100938,Drum,Metal,34.28,49,116,High,Moderate Damage,76.21,None,True,53.49,33.17,35.52,17.39,13.57,5.61,9.37,0.69,75.42,226.27,True,Medium,Facility D,True,False,1.0,Resell
CON-100939,Pallet,Plastic,6.27,23,79,Low,Minor Damage,69.83,None,False,2.45,19.93,33.04,1.35,6.57,3.75,2.37,0.13,6.52,19.56,True,Low,Hub B,True,True,1.0,Resell
CON-100940,Drum,Plastic,6.92,24,65,Medium,Moderate Damage,62.84,Organic,True,23.62,30.07,70.22,1.44,6.73,1.33,2.53,0.14,7.19,21.58,True,Medium,Terminal E,True,True,1.0,Resell
CON-100941,Pallet,Plastic,5.81,27,50,Low,Minor Damage,76.68,None,False,2.36,16.0,30.8,1.12,6.45,3.7,2.25,0.12,6.04,18.13,True,Low,Facility D,True,False,1.0,Resell
CON-100942,Pallet,Wood,23.58,47,116,Low,Minor Damage,49.79,None,False,2.76,26.63,15.04,0.0,10.9,5.83,6.7,0.47,3.77,11.32,False,Low,Facility D,True,True,1.0,Resell
CON-100943,Box,Plastic,5.52,54,181,None,Safe,62.27,None,False,0.0,26.01,1.42,1.12,6.38,3.66,2.18,0.11,5.74,17.22,True,Low,Hub B,False,False,1.0,Resell
CON-100944,Box,Cardboard,1.43,43,43,Medium,Minor Damage,72.16,Hazardous,True,3.36,10.73,0.0,0.0,32.15,0.67,1.16,0.03,0.57,1.72,False,High,Hub B,False,True,1.0,Dispose
CON-100945,Pallet,Plastic,5.56,60,167,Low,Safe,46.31,None,False,2.09,32.25,5.29,1.0,6.39,3.67,2.19,0.11,5.78,17.34,True,Low,Warehouse A,True,True,1.0,Resell
CON-100946,Pallet,Wood,23.66,20,60,High,Unsafe,69.3,None,True,26.14,18.1,0.0,0.0,10.92,4.34,6.72,0.47,3.79,11.36,False,High,Facility D,False,True,1.0,Dispose
CON-100947,Crate,Plastic,5.04,36,35,Low,Safe,88.1,None,False,4.66,17.28,42.12,0.99,6.26,3.61,2.06,0.1,5.25,15.74,True,Low,Terminal E,False,True,1.0,Resell
CON-100948,Box,Cardboard,1.75,7,19,Low,Safe,69.79,None,False,0.74,8.68,13.31,0.15,5.44,3.21,1.24,0.03,0.7,2.09,True,Low,Terminal E,True,True,1.0,Resell
CON-100949,Box,Plastic,7.07,37,56,Low,Minor Damage,59.17,None,False,0.62,13.98,8.37,1.31,6.77,3.85,2.57,0.14,7.35,22.06,True,Low,Depot C,False,True,1.0,Resell
CON-100950,Pallet,Plastic,5.5,51,170,High,Moderate Damage,55.36,None,True,22.45,31.2,8.23,1.13,6.38,2.16,2.18,0.11,5.72,17.17,True,Medium,Terminal E,False,True,1.0,Resell
CON-100951,Tote,Plastic,7.16,58,188,High,Unsafe,52.84,None,True,19.08,31.87,0.0,1.49,6.79,2.36,2.59,0.14,7.44,22.33,True,High,Depot C,False,True,1.0,Recycle
CON-100952,Crate,Metal,35.94,43,80,Medium,Minor Damage,74.01,None,True,18.38,23.9,29.73,19.5,13.99,4.81,9.79,0.72,79.07,237.21,True,Medium,Warehouse A,True,True,1.0,Resell
CON-100953,Drum,Plastic,4.89,44,57,Critical,Unsafe,78.53,None,True,116.43,26.92,0.0,1.03,6.22,3.59,2.02,0.1,5.08,15.25,True,High,Facility D,True,True,1.0,Recycle
CON-100954,Crate,Metal,26.31,19,24,None,Safe,67.64,None,False,0.0,19.25,55.9,13.59,11.58,6.16,7.38,0.53,57.89,173.68,True,Low,Depot C,True,True,1.0,Resell
CON-100955,Box,Cardboard,1.24,24,16,None,Safe,73.43,Organic,False,0.0,7.83,11.71,0.09,5.31,3.15,1.11,0.02,0.5,1.49,True,Low,Warehouse A,True,False,1.0,Resell
CON-100956,Drum,Plastic,6.69,7,16,Critical,Unsafe,75.68,None,True,112.04,23.25,0.0,1.23,6.67,3.8,2.47,0.13,6.95,20.86,True,High,Warehouse A,True,True,1.0,Recycle
CON-100957,Pallet,Wood,16.4,6,9,Low,Safe,83.92,None,False,2.99,10.81,43.31,0.0,9.1,4.97,4.9,0.33,2.62,7.87,False,Low,Terminal E,True,True,1.0,Resell
CON-100958,Box,Plastic,5.24,1,0,Medium,Minor Damage,92.1,None,True,3.09,3.43,15.97,0.98,6.31,1.13,2.11,0.1,5.45,16.36,True,Medium,Warehouse A,True,True,1.0,Resell
CON-100959,Pallet,Wood,19.16,54,122,Medium,Moderate Damage,60.4,None,True,9.71,25.64,10.34,0.0,9.79,2.8,5.59,0.38,3.07,9.2,False,Medium,Depot C,True,False,0.86,Resell
CON-100960,Crate,Wood,16.52,5,9,Low,Safe,79.6,None,False,3.33,15.96,79.3,0.0,9.13,4.98,4.93,0.33,2.64,7.93,False,Low,Facility D,True,True,1.0,Resell
CON-100961,Crate,Metal,32.17,44,148,High,Unsafe,48.59,None,True,33.96,34.51,0.0,17.09,13.04,5.36,8.84,0.64,70.78,212.34,True,High,Depot C,False,True,1.0,Recycle
CON-100962,Crate,Metal,35.99,13,15,Medium,Minor Damage,95.72,None,True,15.78,14.14,65.22,17.86,14.0,4.82,9.8,0.72,79.18,237.53,True,Medium,Facility D,False,True,1.0,Resell
CON-100963,Drum,Plastic,7.08,56,51,Medium,Moderate Damage,78.36,None,True,20.63,26.35,43.56,1.38,6.77,1.35,2.57,0.14,7.36,22.09,True,Medium,Facility D,True,True,1.0,Resell
CON-100964,Box,Cardboard,1.43,10,13,Low,Safe,96.75,None,False,0.69,4.04,12.83,0.13,5.36,3.17,1.16,0.03,0.57,1.72,True,Low,Terminal E,True,True,1.0,Resell
CON-100965,Drum,Plastic,5.84,55,53,Medium,Minor Damage,78.8,None,True,28.35,26.48,38.03,1.22,6.46,1.2,2.26,0.12,6.08,18.23,True,Medium,Terminal E,True,True,1.0,Resell
CON-100966,Pallet,Plastic,5.98,20,47,Low,Minor Damage,71.69,None,False,2.43,16.45,36.6,1.11,6.49,3.72,2.29,0.12,6.22,18.65,True,Low,Hub B,True,True,1.0,Resell
CON-100967,Pallet,Plastic,6.16,31,21,Low,Minor Damage,84.7,None,False,2.94,11.9,30.75,1.28,6.54,3.74,2.34,0.12,6.4,19.21,True,Low,Depot C,False,True,1.0,Resell
CON-100968,Crate,Metal,26.33,9,30,None,Safe,72.76,None,False,0.0,19.09,69.49,13.99,11.58,6.16,7.38,0.53,57.93,173.79,True,Low,Hub B,False,False,1.0,Dispose
CON-100969,Box,Plastic,6.6,40,58,Medium,Moderate Damage,74.52,None,True,3.54,11.87,7.84,1.38,6.65,1.29,2.45,0.13,6.86,20.59,True,Medium,Warehouse A,False,True,1.0,Resell
CON-100970,Crate,Metal,25.72,55,155,Low,Minor Damage,61.6,None,False,3.72,33.26,11.5,13.69,11.43,6.09,7.23,0.51,56.58,169.73,True,Low,Facility D,True,True,1.0,Resell
CON-100971,Crate,Metal,34.6,13,38,Medium,Minor Damage,63.67,None,True,13.57,21.25,64.76,18.11,13.65,4.65,9.45,0.69,76.12,228.35,True,Medium,Hub B,True,True,1.0,Resell
CON-100972,Box,Plastic,5.43,10,13,Medium,Minor Damage,77.85,None,True,2.49,6.87,13.8,1.08,6.36,1.15,2.16,0.11,5.64,16.93,True,Medium,Hub B,False,True,1.0,Resell
CON-100973,Crate,Wood,23.5,30,39,Low,Minor Damage,83.66,None,False,3.72,18.35,50.62,0.0,10.87,5.82,6.67,0.47,3.76,11.28,False,Low,Warehouse A,True,True,1.0,Resell
CON-100974,Crate,Wood,18.52,47,76,Low,Safe,65.93,None,False,3.83,24.71,31.12,0.0,9.63,5.22,5.43,0.37,2.96,8.89,False,Low,Depot C,True,True,1.0,Resell
CON-100975,Box,Cardboard,1.63,46,41,None,Safe,63.99,None,False,0.0,11.75,6.38,0.12,5.41,3.2,1.21,0.03,0.65,1.96,True,Low,Hub B,True,True,1.0,Resell
CON-100976,Crate,Wood,19.3,49,34,Low,Minor Damage,76.85,None,False,4.23,18.87,35.53,0.0,9.83,5.32,5.63,0.39,3.09,9.26,False,Low,Facility D,True,False,1.0,Resell
CON-100977,Drum,Metal,25.38,59,183,Critical,Unsafe,56.22,Chemical,True,104.35,42.87,0.0,11.56,28.36,6.05,7.15,0.51,55.84,167.53,True,High,Hub B,False,True,1.0,Recycle
CON-100978,Pallet,Wood,23.64,9,18,Low,Minor Damage,84.77,None,False,2.4,11.58,44.87,0.0,10.91,5.84,6.71,0.47,3.78,11.34,False,Low,Terminal E,True,True,0.79,Manual_Review
CON-100979,Drum,Metal,24.48,38,23,Low,Safe,77.92,None,False,6.48,23.61,62.09,12.44,11.12,5.94,6.92,0.49,53.86,161.58,True,Low,Depot C,True,True,1.0,Resell
CON-100980,Tote,Plastic,5.44,24,48,None,Safe,65.36,None,False,0.0,16.0,27.91,1.03,6.36,3.65,2.16,0.11,5.66,16.97,True,Low,Hub B,True,True,1.0,Resell
CON-100981,Drum,Metal,29.35,42,105,High,Unsafe,,None,True,51.57,32.57,0.0,13.52,12.34,5.02,8.14,0.59,64.56,193.69,True,High,Hub B,True,False,1.0,Recycle
CON-100982,Crate,Metal,32.09,57,129,High,Unsafe,63.37,None,True,37.82,30.39,0.0,16.26,13.02,5.35,8.82,0.64,70.6,211.8,True,High,Depot C,True,False,0.5,Manual_Review
CON-100983,Pallet,Plastic,5.3,47,78,Low,Minor Damage,70.66,None,False,2.75,19.7,18.29,1.15,6.32,3.64,2.12,0.11,5.51,16.52,True,Low,Facility D,True,True,1.0,Resell
CON-100984,Box,Cardboard,1.57,55,29,None,Safe,66.3,None,False,0.0,10.21,5.65,0.12,5.39,3.19,1.19,0.03,0.63,1.89,True,Low,Terminal E,True,True,1.0,Resell
CON-100985,Pallet,Plastic,6.58,24,17,None,Safe,76.99,None,False,0.0,12.65,34.83,1.19,6.65,3.79,2.45,0.13,6.84,20.53,True,Low,Warehouse A,True,True,1.0,Resell
CON-100986,Pallet,Wood,23.36,48,161,Medium,Minor Damage,41.39,None,True,8.7,32.39,10.76,0.0,10.84,3.3,6.64,0.47,3.74,11.21,False,Medium,Warehouse A,True,True,1.0,Resell
CON-100987,Tote,Plastic,5.45,45,98,Low,Safe,58.46,Chemical,False,1.65,22.03,13.18,1.13,15.91,3.65,2.16,0.11,5.67,17.0,True,Medium,Warehouse A,True,True,1.0,Resell
CON-100988,Pallet,Wood,20.61,3,7,None,Safe,77.3,None,False,0.0,11.6,49.89,0.0,10.15,5.47,5.95,0.41,3.3,9.89,False,Low,Hub B,True,True,1.0,Resell
CON-100989,Pallet,Wood,21.52,52,26,Medium,Minor Damage,68.59,None,True,9.74,14.81,22.84,0.0,10.38,3.08,6.18,0.43,3.44,10.33,False,Medium,Facility D,True,True,1.0,Resell
CON-100990,Crate,Plastic,6.77,35,34,None,Safe,71.41,None,False,0.0,19.69,46.94,1.31,6.69,3.81,2.49,0.14,7.04,21.12,True,Low,Depot C,False,True,1.0,Resell
CON-100991,Crate,Plastic,5.15,44,121,,Moderate Damage,55.53,None,True,18.95,30.77,24.97,0.95,6.29,1.12,2.09,0.1,5.36,16.08,True,Medium,Depot C,True,True,1.0,Resell
CON-100992,Drum,Metal,34.68,22,44,None,,73.24,None,False,0.0,26.41,83.71,18.49,13.67,7.16,9.47,0.69,76.29,228.87,True,Low,Hub B,True,True,1.0,Resell
CON-100993,Drum,Metal,35.89,35,21,Medium,Minor Damage,78.54,None,True,24.48,23.32,69.38,19.53,13.97,4.81,9.77,0.72,78.95,236.85,True,Medium,Hub B,True,True,1.0,Resell
CON-100994,Crate,Metal,35.24,34,84,Medium,Moderate Damage,76.63,None,True,15.41,23.91,38.19,18.51,13.81,4.73,9.61,0.7,77.53,232.6,True,Medium,Warehouse A,True,True,1.0,Resell
CON-100995,Pallet,Wood,23.15,33,95,High,Unsafe,,None,True,26.55,20.5,0.0,0.0,10.79,4.28,6.59,0.46,3.7,11.11,False,High,Hub B,False,True,1.0,Dispose
CON-100996,Tote,Plastic,7.08,13,7,Low,Safe,89.73,None,False,2.26,8.24,32.23,1.47,6.77,3.85,2.57,0.14,7.37,22.1,True,Low,Warehouse A,True,True,1.0,Resell
CON-100997,Crate,Metal,28.84,45,103,High,Unsafe,67.77,None,True,34.97,27.13,0.0,14.68,12.21,4.96,8.01,0.58,63.44,190.32,True,High,Facility D,True,True,1.0,Recycle
CON-100998,Drum,Plastic,5.64,17,44,High,Unsafe,68.61,None,True,52.33,27.11,0.0,1.15,6.41,2.18,2.21,0.11,5.87,17.61,True,High,Depot C,False,True,1.0,Recycle
CON-100999,Drum,Metal,29.7,35,27,None,Safe,72.87,None,False,0.0,24.77,74.6,16.1,12.42,6.56,8.22,0.59,65.34,196.01,True,Low,Facility D,False,True,1.0,Resell
CON-101000,Box,Plastic,5.54,50,130,Medium,Moderate Damage,67.5,None,True,2.41,20.12,3.54,1.03,6.39,1.17,2.19,0.11,5.77,17.3,True,Medium,Warehouse A,False,True,1.0,Resell
CON-101001,Tote,Plastic,6.72,35,86,High,Moderate Damage,75.2,None,True,18.12,18.32,17.66,1.26,6.68,2.31,2.48,0.13,6.99,20.98,True,Medium,Facility D,True,True,1.0,Resell
CON-101002,Drum,Metal,32.24,54,39,None,Safe,77.61,None,False,0.0,25.26,41.31,17.01,13.06,6.87,8.86,0.64,70.93,212.8,True,Low,Hub B,False,True,1.0,Resell
CON-101003,Tote,Plastic,5.35,29,84,Medium,Minor Damage,80.15,None,True,8.77,17.38,20.12,1.17,6.34,1.14,2.14,0.11,5.56,16.69,True,Medium,Terminal E,True,True,1.0,Resell
CON-101004,Drum,Metal,32.5,58,149,Low,Safe,57.64,None,False,5.85,39.25,13.27,16.91,13.13,6.9,8.93,0.65,71.5,214.51,True,Low,Warehouse A,True,True,1.0,Resell
CON-101005,Crate,Plastic,5.76,59,72,None,Safe,81.97,None,False,0.0,21.9,19.84,1.17,6.44,3.69,2.24,0.12,5.99,17.98,True,Low,Hub B,False,False,1.0,Resell
CON-101006,Box,Cardboard,1.55,8,17,High,Moderate Damage,90.53,None,True,7.42,5.37,12.76,0.12,5.39,1.69,1.19,0.03,0.62,1.86,True,Medium,Depot C,True,False,1.0,Resell
CON-101007,Crate,Metal,30.37,20,62,Medium,Minor Damage,78.01,None,True,15.87,21.5,51.31,14.31,12.59,4.14,8.39,0.61,66.81,200.42,True,Medium,Facility D,False,True,1.0,Resell
CON-101008,Tote,Plastic,5.15,9,27,None,Safe,68.76,Organic,False,0.0,13.39,31.28,1.03,6.29,3.62,2.09,0.1,5.36,16.07,True,Low,Warehouse A,True,True,1.0,Resell
CON-101009,Crate,Wood,22.62,27,18,None,Safe,95.11,None,False,0.0,14.53,53.53,0.0,10.66,5.71,6.46,0.45,3.62,10.86,False,Low,Facility D,True,True,1.0,Resell
CON-101010,Drum,Plastic,6.26,56,65,Critical,Unsafe,72.62,None,True,102.39,28.61,0.0,1.23,6.56,3.75,2.36,0.13,6.51,19.52,True,High,Hub B,True,False,1.0,Recycle
CON-101011,Drum,Metal,29.19,2,3,High,Moderate Damage,78.27,None,True,59.9,21.56,123.36,13.25,12.3,5.0,8.1,0.58,64.22,192.67,True,Medium,Depot C,False,True,1.0,Resell
CON-101012,Crate,Plastic,6.81,39,57,Medium,Moderate Damage,62.94,None,True,15.92,23.26,39.44,1.43,6.7,1.32,2.5,0.14,7.08,21.24,True,Medium,Terminal E,True,True,1.0,Resell
CON-101013,Crate,Metal,30.2,41,28,Medium,Moderate Damage,66.38,Hazardous,True,16.6,19.84,0.0,0.0,75.31,4.12,8.35,0.6,66.45,199.35,False,High,Hub B,True,True,1.0,Dispose
CON-101014,Tote,Plastic,5.64,20,21,None,Safe,80.27,None,False,0.0,11.06,29.78,1.07,6.41,3.68,2.21,0.11,5.86,17.59,True,Low,Facility D,True,False,1.0,Resell
CON-101015,Crate,Wood,21.5,24,63,Low,Minor Damage,81.27,None,False,4.03,21.11,50.34,0.0,10.37,5.58,6.17,0.43,3.44,10.32,False,Low,Warehouse A,True,True,1.0,Resell
CON-101016,Crate,Wood,23.1,52,103,Medium,Minor Damage,67.65,Chemical,True,18.77,27.15,22.87,0.0,26.94,3.27,6.57,0.46,3.7,11.09,False,Medium,Facility D,True,True,1.0,Resell
CON-101017,Box,Plastic,6.75,26,13,Low,Safe,73.04,None,False,0.75,7.59,10.18,1.47,6.69,3.81,2.49,0.14,7.02,21.06,True,Low,Terminal E,True,False,1.0,Resell
CON-101018,Box,Plastic,6.31,32,73,None,Safe,72.28,None,False,0.0,13.71,7.71,1.17,6.58,3.76,2.38,0.13,6.56,19.68,True,Low,Warehouse A,True,True,1.0,Resell
CON-101019,Box,Plastic,5.11,7,22,None,Safe,89.45,None,False,0.0,6.03,14.33,1.03,6.28,3.61,2.08,0.1,5.31,15.93,True,Low,Warehouse A,True,True,1.0,Resell
CON-101020,Crate,Plastic,5.38,15,35,Medium,Moderate Damage,65.16,None,True,14.31,20.73,60.57,0.97,6.34,1.15,2.14,0.11,5.59,16.78,True,Medium,Terminal E,True,True,1.0,Resell
CON-101021,Drum,Metal,30.5,2,6,Low,Safe,81.66,None,False,7.14,21.35,118.81,16.19,12.63,6.66,8.43,0.61,67.1,201.3,True,Low,Warehouse A,True,True,1.0,Resell
CON-101022,Drum,Metal,34.7,59,68,High,Moderate Damage,86.3,None,True,52.6,26.85,34.01,18.6,13.68,5.66,9.48,0.69,76.35,229.04,True,Medium,Facility D,False,True,1.0,Resell
CON-101023,Drum,Plastic,5.86,48,151,Low,Minor Damage,69.11,None,False,5.29,37.73,27.55,1.21,6.47,3.7,2.27,0.12,6.1,18.29,True,Low,Facility D,True,True,0.7,Manual_Review
CON-101024,Drum,Plastic,6.26,24,22,Low,Safe,77.57,None,False,5.71,23.56,89.34,1.32,6.56,3.75,2.36,0.13,6.51,19.52,True,Low,Hub B,True,True,1.0,Resell
CON-101025,Crate,Wood,19.04,57,108,Medium,Minor Damage,57.81,None,True,16.93,29.13,17.34,0.0,9.76,2.78,5.56,0.38,3.05,9.14,False,Medium,Warehouse A,False,True,1.0,Resell
CON-101026,Drum,Metal,29.89,47,86,Low,Minor Damage,80.12,Chemical,False,5.35,29.58,40.85,14.55,31.18,6.59,8.27,0.6,65.76,197.28,True,Medium,Depot C,False,True,1.0,Resell
CON-101027,Tote,Plastic,6.83,25,39,Medium,Minor Damage,89.5,None,True,6.7,11.47,29.12,1.42,6.71,1.32,2.51,0.14,7.1,21.31,True,Medium,Warehouse A,True,True,1.0,Resell
CON-101028,Pallet,Plastic,5.14,28,37,Low,,85.73,None,False,2.52,13.34,31.08,0.97,6.28,3.62,2.08,0.1,5.35,16.04,True,Low,Warehouse A,True,False,1.0,Resell
CON-101029,Pallet,Plastic,6.12,28,89,Medium,Minor Damage,81.68,None,True,10.41,19.15,29.6,1.12,6.53,1.23,2.33,0.12,6.36,19.08,True,Medium,Warehouse A,True,True,1.0,Resell
CON-101030,Tote,Plastic,6.54,10,21,None,Safe,88.43,None,False,0.0,9.84,30.95,1.4,6.63,3.78,2.43,0.13,6.8,20.39,True,Low,Depot C,True,False,1.0,Resell
CON-101031,Pallet,Wood,16.39,10,30,Medium,Minor Damage,68.15,None,True,10.3,15.28,44.81,0.0,9.1,2.47,4.9,0.33,2.62,7.87,False,Medium,Depot C,False,True,1.0,Resell
CON-101032,Pallet,Wood,21.12,49,30,None,Safe,89.92,None,False,0.0,12.01,21.54,0.0,10.28,5.53,6.08,0.42,3.38,10.14,False,Low,Terminal E,False,True,1.0,Resell
CON-101033,Tote,Plastic,7.11,34,53,Low,Minor Damage,66.85,None,False,1.93,16.27,22.26,1.42,6.78,3.85,2.58,0.14,7.39,22.18,True,Low,Facility D,True,True,1.0,Resell
CON-101034,Crate,Plastic,5.08,58,100,Low,Minor Damage,71.01,None,False,3.98,26.35,15.92,1.07,6.27,3.61,2.07,0.1,5.28,15.84,True,Low,Hub B,False,True,1.0,Resell
CON-101035,Pallet,Plastic,5.75,10,5,Medium,Minor Damage,71.89,None,True,9.6,12.22,42.3,1.2,6.44,1.19,2.24,0.12,5.98,17.94,True,Medium,Depot C,True,True,1.0,Resell
CON-101036,Pallet,Wood,23.18,60,48,None,Safe,88.81,Organic,False,0.0,13.98,15.09,0.0,10.79,5.78,6.59,0.46,3.71,11.12,False,Low,Facility D,False,True,1.0,Resell
CON-101037,Tote,Plastic,4.9,56,170,Critical,Unsafe,55.43,Organic,True,39.74,29.69,0.0,0.91,6.22,3.59,2.02,0.1,5.09,15.28,True,High,Warehouse A,True,False,1.0,Recycle
CON-101038,Box,Cardboard,1.58,24,13,None,Safe,87.38,None,False,0.0,5.44,11.26,0.12,5.39,3.19,1.19,0.03,0.63,1.89,True,Low,Depot C,True,True,1.0,Resell
CON-101039,Box,Plastic,6.62,28,78,Critical,Unsafe,64.41,None,True,14.02,15.39,0.0,1.33,6.66,3.79,2.46,0.13,6.89,20.66,True,High,Hub B,False,True,1.0,Recycle
CON-101040,Drum,Plastic,5.15,49,159,None,Safe,49.69,None,False,0.0,41.45,22.01,0.97,6.29,3.62,2.09,0.1,5.35,16.05,True,Low,Warehouse A,True,True,1.0,Resell
CON-101041,Tote,Plastic,5.8,53,166,Medium,Moderate Damage,50.39,Organic,True,9.33,30.04,5.25,1.04,6.45,1.2,2.25,0.12,6.03,18.1,True,Medium,Warehouse A,True,True,1.0,Resell
CON-101042,Box,Cardboard,1.48,11,36,Low,Minor Damage,89.37,None,False,0.84,7.44,12.69,0.11,5.37,3.18,1.17,0.03,0.59,1.78,True,Low,Depot C,False,True,1.0,Resell
CON-101043,Crate,Metal,31.98,34,32,None,Safe,69.41,None,False,0.0,19.79,50.33,15.18,12.99,6.84,8.79,0.64,70.35,211.06,True,Low,Warehouse A,False,True,1.0,Resell
CON-101044,Crate,Plastic,7.13,26,17,Medium,Moderate Damage,72.55,None,True,18.07,17.82,53.74,1.44,6.78,1.36,2.58,0.14,7.42,22.26,True,Medium,Hub B,True,True,1.0,Resell
CON-101045,Tote,Plastic,5.79,26,45,Medium,Moderate Damage,82.03,Chemical,True,8.39,13.2,24.66,1.26,16.12,1.19,2.25,0.12,6.02,18.07,True,Medium,Warehouse A,True,True,1.0,Resell
CON-101046,Pallet,Plastic,5.94,2,3,None,Safe,95.85,None,False,0.0,8.42,46.13,1.28,6.48,3.71,2.28,0.12,6.17,18.52,True,Low,Facility D,False,False,1.0,Resell
CON-101047,Pallet,Plastic,5.38,52,51,Low,Safe,71.86,None,False,2.85,16.82,19.25,0.99,6.35,3.65,2.15,0.11,5.6,16.8,True,Low,Warehouse A,True,True,1.0,Resell
CON-101048,Box,Cardboard,1.8,1,1,Low,Safe,95.8,None,False,0.71,2.98,16.25,0.15,5.45,3.22,1.25,0.04,0.72,2.15,True,Low,Depot C,True,True,1.0,Resell
CON-101049,Box,Cardboard,1.8,6,20,Medium,Minor Damage,71.36,None,True,2.6,8.55,12.67,0.14,5.45,0.72,1.25,0.04,0.72,2.16,True,Medium,Facility D,True,True,1.0,Resell
CON-101050,Tote,Plastic,6.8,19,17,High,Unsafe,78.41,None,True,19.03,10.94,0.0,1.41,6.7,2.32,2.5,0.14,7.07,21.2,True,High,Warehouse A,False,False,1.0,Recycle
CON-101051,Crate,Wood,19.15,22,54,Low,Minor Damage,64.89,None,False,4.01,22.67,52.24,0.0,9.79,5.3,5.59,0.38,3.06,9.19,False,Low,Depot C,False,True,1.0,Resell
CON-101052,Crate,Metal,27.92,16,30,Medium,Minor Damage,92.9,None,True,18.4,16.07,56.89,12.98,11.98,3.85,7.78,0.56,61.42,184.27,True,Medium,Facility D,True,True,1.0,Resell
CON-101053,Crate,Metal,27.84,16,42,Medium,Moderate Damage,79.3,Organic,True,17.08,19.3,65.68,14.4,11.96,3.84,7.76,0.56,61.25,183.74,True,Medium,Terminal E,True,True,1.0,Resell
CON-101054,Crate,Wood,19.13,23,16,None,Safe,71.57,Hazardous,False,0.0,17.87,0.0,0.0,58.69,5.3,5.58,0.38,3.06,9.18,False,High,Facility D,True,True,1.0,Dispose
CON-101055,Drum,Plastic,5.88,53,78,None,Safe,64.65,None,False,0.0,31.1,41.13,1.23,6.47,3.71,2.27,0.12,6.11,18.34,True,Low,Hub B,True,True,1.0,Resell
CON-101056,Drum,Plastic,5.16,57,52,Low,Minor Damage,60.89,Organic,False,6.53,29.07,42.31,1.01,6.29,3.62,2.09,0.1,5.36,16.09,True,Low,Warehouse A,True,True,1.0,Resell
CON-101057,Box,Cardboard,1.49,53,180,High,Moderate Damage,57.67,None,True,7.18,26.6,1.59,0.12,5.37,1.68,1.17,0.03,0.6,1.79,True,Medium,Terminal E,True,False,1.0,Resell
CON-101058,Tote,Plastic,5.84,47,136,Medium,Moderate Damage,43.88,None,True,7.33,28.02,10.51,1.28,6.46,1.2,2.26,0.12,6.08,18.23,True,Medium,Facility D,True,True,1.0,Resell
CON-101059,Box,Plastic,6.79,27,88,None,Safe,54.71,Organic,False,0.0,17.84,8.87,1.28,6.7,3.81,2.5,0.14,7.06,21.19,True,Low,Depot C,True,True,1.0,Resell
CON-101060,Tote,Plastic,5.75,1,2,Medium,Minor Damage,92.95,None,True,7.16,7.26,41.98,1.04,6.44,1.19,2.24,0.11,5.98,17.93,True,Medium,Warehouse A,True,True,1.0,Resell
CON-101061,Drum,Metal,30.02,47,135,Critical,Unsafe,49.93,None,True,101.86,39.01,0.0,15.25,12.51,6.6,8.31,0.6,66.05,198.14,True,High,Terminal E,True,True,1.0,Recycle
CON-101062,Drum,Plastic,5.23,42,46,Critical,Unsafe,88.41,None,True,120.22,24.34,0.0,0.94,6.31,3.63,2.11,0.1,5.43,16.3,True,High,Hub B,True,True,1.0,Recycle
CON-101063,Crate,Plastic,5.19,28,31,Low,Safe,82.96,None,False,3.66,17.66,55.43,1.14,6.3,3.62,2.1,0.1,5.4,16.19,True,Low,Terminal E,True,True,1.0,Resell
CON-101064,Box,Cardboard,1.24,50,144,Critical,Unsafe,42.25,None,True,12.5,25.31,0.0,0.09,5.31,3.15,1.11,0.02,0.5,1.49,True,High,Terminal E,False,False,1.0,Recycle
CON-101065,Tote,Plastic,6.69,23,65,Low,Minor Damage,81.71,None,False,2.04,15.24,27.17,1.27,6.67,3.8,2.47,0.13,6.95,20.86,True,Low,Warehouse A,True,True,1.0,Resell
CON-101066,Tote,Plastic,5.95,60,166,High,Unsafe,65.91,None,True,20.11,27.71,0.0,1.17,6.49,2.21,2.29,0.12,6.19,18.56,True,High,Terminal E,False,True,1.0,Recycle
CON-101067,Tote,Plastic,6.66,48,124,High,Moderate Damage,50.16,Organic,True,20.02,25.88,11.82,1.35,6.66,2.3,2.46,0.13,6.92,20.77,True,Medium,Facility D,False,True,1.0,Resell
CON-101068,Box,Cardboard,1.47,1,2,None,Safe,69.97,None,False,0.0,6.95,16.07,0.12,5.37,3.18,1.17,0.03,0.59,1.77,True,Low,Facility D,True,True,1.0,Resell
CON-101069,Box,Cardboard,1.56,31,61,Low,Minor Damage,84.21,Organic,False,0.84,10.72,9.05,0.13,5.39,3.19,1.19,0.03,0.62,1.87,True,Low,Hub B,True,False,1.0,Resell
CON-101070,Box,Cardboard,1.76,43,145,High,Moderate Damage,50.12,None,True,8.1,24.23,4.47,0.13,5.44,1.71,1.24,0.04,0.71,2.12,True,Medium,Facility D,True,False,1.0,Resell
CON-101071,Crate,Plastic,4.85,19,28,Medium,Minor Damage,68.31,None,True,16.66,19.55,65.52,1.04,6.21,1.08,2.01,0.1,5.05,15.15,True,Medium,Depot C,True,True,1.0,Resell
CON-101072,Crate,Wood,17.46,14,31,Low,Safe,86.85,None,False,4.55,17.07,60.99,0.0,9.37,5.1,5.17,0.35,2.79,8.38,False,Low,Terminal E,True,False,1.0,Resell
CON-101073,Tote,Plastic,6.98,43,59,Medium,Moderate Damage,65.63,None,True,9.34,17.06,16.42,1.37,6.74,1.34,2.54,0.14,7.25,21.76,True,Medium,Depot C,True,True,1.0,Resell
CON-101074,Tote,Plastic,5.06,31,19,Low,Minor Damage,84.02,None,False,1.73,10.3,24.03,1.1,6.26,3.61,2.06,0.1,5.26,15.78,True,Low,Hub B,True,True,1.0,Resell
CON-101075,Tote,Plastic,6.31,2,3,None,Safe,94.32,None,False,0.0,7.15,42.52,1.35,6.58,3.76,2.38,0.13,6.57,19.7,True,Low,Terminal E,True,True,0.71,Manual_Review
CON-101076,Crate,Metal,33.54,50,151,High,Unsafe,53.37,None,True,31.84,34.09,0.0,17.33,13.38,5.52,9.18,0.67,73.78,221.34,True,High,Hub B,True,True,1.0,Recycle
CON-101077,Tote,Plastic,6.99,19,24,None,Safe,73.99,None,False,0.0,12.3,28.99,1.43,6.75,3.84,2.55,0.14,7.27,21.8,True,Low,Warehouse A,True,True,1.0,Resell
CON-101078,Pallet,Wood,22.52,38,32,None,Safe,89.63,None,False,0.0,12.26,25.24,0.0,10.63,5.7,6.43,0.45,3.6,10.81,False,Low,Hub B,True,True,1.0,Resell
CON-101079,Pallet,Plastic,7.1,37,18,Low,Safe,74.88,None,False,2.01,13.07,31.66,1.31,6.78,3.85,2.58,0.14,7.39,22.16,True,Low,Hub B,False,True,1.0,Resell
CON-101080,Box,Plastic,5.58,27,44,Low,Minor Damage,77.9,None,False,0.79,9.97,9.06,1.05,6.4,3.67,2.2,0.11,5.8,17.41,True,Low,Depot C,True,True,1.0,Resell
CON-101081,Drum,Metal,27.03,28,52,Low,Safe,66.16,None,False,6.6,28.28,78.85,13.58,11.76,6.24,7.56,0.54,59.46,178.37,True,Low,Hub B,False,True,1.0,Resell
CON-101082,Crate,Wood,19.41,1,1,Low,Safe,82.21,Chemical,False,4.23,14.77,76.63,0.0,24.63,5.33,5.65,0.39,3.11,9.32,False,Medium,Facility D,True,True,1.0,Resell
CON-101083,Crate,Wood,19.84,29,93,Medium,Minor Damage,57.97,None,True,15.26,27.6,43.14,0.0,9.96,2.88,5.76,0.4,3.17,9.52,False,Medium,Terminal E,True,True,1.0,Resell
CON-101084,Crate,Metal,25.19,56,138,High,Unsafe,50.01,None,True,36.97,33.3,0.0,13.56,11.3,4.52,7.1,0.5,55.41,166.23,True,High,Hub B,True,True,1.0,Recycle
CON-101085,Tote,Plastic,6.31,34,17,Low,Safe,86.78,None,False,2.04,9.68,25.99,1.28,6.58,3.76,2.38,0.13,6.56,19.67,True,Low,Warehouse A,False,True,1.0,Resell
CON-101086,Drum,Plastic,6.47,18,40,None,Safe,71.9,Organic,False,0.0,26.21,96.98,1.31,6.62,3.78,2.42,0.13,6.73,20.19,True,Low,Depot C,True,True,1.0,Resell
CON-101087,Pallet,Plastic,4.91,22,34,None,Safe,77.23,None,False,0.0,14.32,35.55,0.97,6.23,3.59,2.03,0.1,5.11,15.32,True,Low,Terminal E,True,True,1.0,Resell
CON-101088,Pallet,Plastic,6.88,14,26,None,Safe,91.72,None,False,0.0,11.34,44.36,1.39,6.72,3.83,2.52,0.14,7.15,21.46,True,Low,Hub B,True,True,1.0,Resell
CON-101089,Crate,Wood,23.35,27,23,Low,Minor Damage,76.11,None,False,4.63,17.88,58.99,0.0,10.84,5.8,6.64,0.47,3.74,11.21,False,Low,Warehouse A,True,True,1.0,Resell
CON-101090,Crate,Metal,30.44,41,135,Medium,Minor Damage,71.67,None,True,16.26,29.75,26.57,15.7,12.61,4.15,8.41,0.61,66.97,200.92,True,Medium,Warehouse A,False,True,1.0,Resell
CON-101091,Box,Cardboard,1.5,15,49,None,Safe,90.2,None,False,0.0,8.62,11.72,0.13,5.38,3.18,1.18,0.03,0.6,1.8,True,Low,Facility D,True,True,1.0,Resell
CON-101092,Tote,Plastic,6.4,13,13,Low,Safe,90.37,Chemical,False,1.74,8.74,30.69,1.36,16.5,3.77,2.4,0.13,6.66,19.97,True,Medium,Hub B,True,True,1.0,Resell
CON-101093,Pallet,Wood,16.25,47,152,Critical,Unsafe,58.6,None,True,46.94,28.91,0.0,0.0,9.06,4.95,4.86,0.33,2.6,7.8,False,High,Facility D,True,True,1.0,Dispose
CON-101094,Pallet,Plastic,5.71,11,17,Medium,Minor Damage,76.07,None,True,8.43,12.79,46.16,1.2,6.43,1.18,2.23,0.11,5.94,17.81,True,Medium,Hub B,True,True,1.0,Resell
CON-101095,Pallet,Plastic,6.51,46,99,Low,Minor Damage,53.61,Organic,False,3.0,24.36,15.93,1.31,6.63,3.78,2.43,0.13,6.77,20.32,True,Low,Terminal E,True,True,1.0,Resell
CON-101096,Drum,Plastic,5.56,39,44,Low,Safe,85.31,None,False,6.65,24.6,60.08,1.1,6.39,3.67,2.19,0.11,5.78,17.34,True,Low,Warehouse A,True,True,1.0,Resell
CON-101097,Tote,Plastic,6.14,26,83,None,Safe,81.82,None,False,0.0,17.03,21.49,1.32,6.54,3.74,2.34,0.12,6.39,19.17,True,Low,Hub B,True,True,1.0,Resell
CON-101098,Box,Cardboard,1.52,6,9,Low,Safe,90.41,Organic,False,0.64,4.59,13.37,0.11,5.38,3.18,1.18,0.03,0.61,1.83,True,Low,Facility D,False,True,1.0,Resell
CON-101099,Box,Cardboard,1.57,5,8,Low,Safe,76.27,None,False,0.65,6.61,13.51,0.12,5.39,3.19,1.19,0.03,0.63,1.89,True,Low,Depot C,True,True,1.0,Resell
CON-101100,Box,Cardboard,1.25,11,30,High,Moderate Damage,91.52,None,True,7.97,6.52,11.68,0.09,5.31,1.65,1.11,0.03,0.5,1.5,True,Medium,Terminal E,True,True,1.0,Resell
CON-101101,Tote,Plastic,6.53,23,33,Low,Safe,69.56,None,False,1.83,13.87,28.18,1.25,6.63,3.78,2.43,0.13,6.79,20.36,True,Low,Hub B,True,False,1.0,Resell
CON-101102,Tote,Plastic,5.49,34,109,High,Moderate Damage,73.68,Organic,True,16.48,20.85,18.83,1.12,6.37,2.16,2.17,0.11,5.71,17.13,True,Medium,Warehouse A,True,True,1.0,Resell
CON-101103,Drum,Metal,24.53,4,2,None,Safe,73.03,Organic,False,0.0,22.25,111.92,12.6,11.13,5.94,6.93,0.49,53.97,161.9,True,Low,Warehouse A,True,False,1.0,Resell
CON-101104,Drum,Metal,26.83,10,28,None,Safe,64.68,Organic,False,0.0,26.1,98.64,12.2,11.71,6.22,7.51,0.54,59.03,177.08,True,Low,Depot C,True,False,1.0,Resell
CON-101105,Box,Plastic,4.93,14,17,Medium,Moderate Damage,78.06,None,True,2.42,7.24,13.1,1.01,6.23,1.09,2.03,0.1,5.12,15.37,True,Medium,Terminal E,True,True,1.0,Resell
CON-101106,Box,Cardboard,1.72,17,51,None,Safe,63.09,Chemical,False,0.0,12.89,11.83,0.14,13.57,3.21,1.23,0.03,0.69,2.06,True,Medium,Depot C,True,True,1.0,Resell
CON-101107,Pallet,Wood,19.02,49,52,Medium,Minor Damage,77.61,None,True,10.69,16.06,19.25,0.0,9.76,2.78,5.56,0.38,3.04,9.13,False,Medium,Hub B,False,False,1.0,Resell
CON-101108,Tote,Plastic,5.78,11,6,Medium,Moderate Damage,76.11,None,True,8.71,10.18,32.52,1.24,6.44,1.19,2.24,0.12,6.01,18.03,True,Medium,Facility D,True,True,1.0,Resell
CON-101109,Box,Plastic,6.9,53,88,High,Unsafe,77.7,None,True,6.41,14.4,0.0,1.32,6.72,2.33,2.52,0.14,7.17,21.52,True,High,Warehouse A,True,True,1.0,Recycle
CON-101110,Crate,Plastic,6.1,12,16,Medium,Minor Damage,76.74,None,True,14.77,17.09,67.43,1.29,6.53,1.23,2.33,0.12,6.35,19.05,True,Medium,Depot C,True,True,1.0,Resell
CON-101111,Tote,Plastic,6.79,18,26,None,Safe,80.83,None,False,0.0,11.48,32.76,1.24,6.7,3.82,2.5,0.14,7.06,21.19,True,Low,Depot C,True,True,1.0,Resell
CON-101112,Crate,Wood,17.64,14,15,None,Safe,91.17,None,False,0.0,14.82,66.75,0.0,9.41,5.12,5.21,0.35,2.82,8.47,False,Low,Terminal E,True,True,1.0,Resell
CON-101113,Pallet,Wood,16.72,46,105,Medium,Moderate Damage,57.36,None,True,10.18,24.4,17.45,0.0,9.18,2.51,4.98,0.33,2.68,8.03,False,Medium,Terminal E,True,True,1.0,Resell
CON-101114,Pallet,Plastic,5.32,26,63,Low,Safe,86.22,None,False,2.03,15.87,30.13,0.97,6.33,3.64,2.13,0.11,5.53,16.6,True,Low,Warehouse A,False,True,1.0,Resell
CON-101115,Tote,Plastic,6.67,47,145,High,Moderate Damage,70.68,None,True,20.31,24.9,8.99,1.47,6.67,2.3,2.47,0.13,6.94,20.81,True,Medium,Warehouse A,True,True,1.0,Resell
CON-101116,Pallet,Wood,17.96,25,37,High,Unsafe,84.68,Organic,True,26.81,13.5,0.0,0.0,9.49,3.65,5.29,0.36,2.87,8.62,False,High,Warehouse A,False,True,1.0,Dispose
CON-101117,Pallet,Plastic,5.68,51,78,Medium,Minor Damage,82.11,None,True,11.23,17.98,17.05,1.22,6.42,1.18,2.22,0.11,5.91,17.73,True,Medium,Terminal E,True,True,1.0,Resell
CON-101118,Drum,Plastic,5.62,2,4,Medium,Moderate Damage,93.36,None,True,20.71,19.4,123.99,1.06,6.41,1.17,2.21,0.11,5.85,17.54,True,Medium,Terminal E,True,True,1.0,Resell
CON-101119,Crate,Plastic,4.98,17,56,None,Safe,84.9,None,False,0.0,19.87,57.85,1.08,6.25,3.6,2.05,0.1,5.18,15.55,True,Low,Warehouse A,True,True,1.0,Resell
CON-101120,Drum,Plastic,5.83,51,139,High,Moderate Damage,68.7,None,True,60.05,36.59,23.55,1.05,6.46,2.2,2.26,0.12,6.06,18.19,True,Medium,Warehouse A,True,True,1.0,Resell
CON-101121,Drum,Plastic,6.92,6,17,Low,Safe,85.01,Hazardous,False,4.97,21.95,0.0,0.0,40.38,3.83,2.53,0.14,7.2,21.6,False,High,Hub B,True,True,1.0,Dispose
CON-101122,Crate,Plastic,5.65,53,94,High,Moderate Damage,68.11,None,True,37.82,26.18,20.79,1.13,6.41,2.18,2.21,0.11,5.88,17.64,True,Medium,Terminal E,True,False,1.0,Resell
CON-101123,Crate,Plastic,6.6,3,2,None,Safe,72.71,None,False,0.0,16.29,69.63,1.33,6.65,3.79,2.45,0.13,6.86,20.59,True,Low,Facility D,True,True,1.0,Resell
CON-101124,Tote,Plastic,5.78,14,16,Low,Minor Damage,78.36,None,False,1.68,10.85,30.63,1.13,6.44,3.69,2.24,0.12,6.01,18.03,True,Low,Warehouse A,True,False,1.0,Resell
CON-101125,Box,Plastic,5.49,12,39,None,Safe,62.44,Organic,False,0.0,11.78,12.23,1.02,6.37,3.66,2.17,0.11,5.71,17.12,True,Low,Terminal E,False,False,1.0,Resell
CON-101126,Crate,Metal,31.7,49,112,High,Unsafe,74.91,None,True,30.89,26.96,0.0,16.75,12.93,5.3,8.73,0.63,69.74,209.23,True,High,Terminal E,False,False,1.0,Recycle
CON-101127,Crate,Metal,25.24,2,5,Medium,Moderate Damage,81.92,None,True,18.28,15.21,82.14,13.76,11.31,3.53,7.11,0.5,55.52,166.55,True,Medium,Hub B,True,True,1.0,Resell
CON-101128,Pallet,Plastic,6.67,50,170,Medium,Moderate Damage,49.08,None,True,8.22,32.14,8.74,1.37,6.67,1.3,2.47,0.13,6.94,20.82,True,Medium,Warehouse A,False,True,1.0,Resell
CON-101129,Drum,Metal,31.7,12,32,None,Safe,76.75,None,False,0.0,24.69,107.61,14.99,12.93,6.8,8.73,0.63,69.75,209.24,True,Low,Terminal E,True,True,1.0,Resell
CON-101130,Crate,Metal,26.93,34,31,Medium,Minor Damage,68.72,None,True,18.1,19.79,52.44,14.53,11.73,3.73,7.53,0.54,59.24,177.72,True,Medium,Facility D,True,True,1.0,Resell
CON-101131,Drum,Plastic,4.87,52,158,Critical,Unsafe,56.21,None,True,103.82,40.37,0.0,0.91,6.22,3.58,2.02,0.1,5.07,15.2,True,High,Depot C,True,False,1.0,Recycle
CON-101132,Drum,Plastic,5.78,5,16,Low,Safe,96.35,None,False,5.82,20.15,109.76,1.2,6.44,3.69,2.24,0.12,6.01,18.02,True,Low,Hub B,True,False,1.0,Resell
CON-101133,Box,Plastic,6.82,50,65,Medium,Minor Damage,79.78,None,True,2.77,11.78,5.88,1.37,6.71,1.32,2.51,0.14,7.1,21.29,True,Medium,Warehouse A,True,True,1.0,Resell
CON-101134,Box,Plastic,6.24,59,186,Medium,Minor Damage,32.85,None,True,3.58,30.92,1.39,1.22,6.56,1.25,2.36,0.12,6.49,19.47,True,Medium,Hub B,True,True,1.0,Resell
CON-101135,Crate,Wood,16.38,5,8,None,Safe,80.04,None,False,0.0,15.79,71.42,0.0,9.1,4.97,4.9,0.33,2.62,7.86,False,Low,Depot C,True,True,1.0,Resell
CON-101136,Pallet,Wood,22.97,29,70,Medium,Minor Damage,84.49,None,True,10.55,16.83,27.75,0.0,10.74,3.26,6.54,0.46,3.68,11.03,False,Medium,Depot C,True,True,1.0,Resell
CON-101137,Drum,Metal,24.7,29,91,Critical,Unsafe,58.91,None,True,86.91,33.26,0.0,11.45,11.17,5.96,6.97,0.49,54.34,163.01,True,High,Warehouse A,True,True,1.0,Recycle
CON-101138,Drum,Plastic,7.02,11,24,Medium,Minor Damage,72.13,None,True,23.01,24.58,96.26,1.41,6.75,1.34,2.55,0.14,7.3,21.89,True,Medium,Terminal E,True,True,1.0,Resell
CON-101139,Drum,Metal,25.07,9,30,Low,Minor Damage,83.26,None,False,5.29,23.51,110.78,13.58,11.27,6.01,7.07,0.5,55.15,165.46,True,Low,Facility D,True,True,1.0,Resell
CON-101140,Box,Cardboard,1.71,58,186,Medium,Minor Damage,60.44,None,True,2.86,26.78,1.4,0.13,5.43,0.71,1.23,0.03,0.68,2.05,True,Medium,Facility D,True,False,1.0,Resell
CON-101141,Drum,Plastic,6.11,23,37,Low,Safe,86.05,None,False,6.4,23.79,76.41,1.17,6.53,3.73,2.33,0.12,6.36,19.07,True,Low,Depot C,True,True,1.0,Resell
CON-101142,Pallet,Plastic,5.51,3,10,None,Safe,85.07,None,False,0.0,10.74,45.46,1.0,6.38,3.66,2.18,0.11,5.73,17.18,True,Low,Facility D,True,True,1.0,Resell
CON-101143,Tote,Plastic,7.03,58,109,Critical,Unsafe,58.18,None,True,29.74,23.17,0.0,1.27,6.76,3.84,2.56,0.14,7.31,21.92,True,High,Hub B,True,True,1.0,Recycle
CON-101144,Tote,Plastic,5.05,13,16,Low,Minor Damage,91.65,None,False,2.19,8.85,33.83,1.01,6.26,3.61,2.06,0.1,5.25,15.74,True,Low,Terminal E,False,True,1.0,Resell
CON-101145,Pallet,Wood,23.01,55,112,High,Unsafe,65.35,None,True,23.15,23.9,0.0,0.0,10.75,4.26,6.55,0.46,3.68,11.05,False,High,Facility D,True,True,1.0,Dispose
CON-101146,Tote,Plastic,5.77,60,209,Medium,Moderate Damage,43.85,None,True,9.15,35.32,3.65,1.15,6.44,1.19,2.24,0.12,6.0,17.99,True,Medium,Facility D,True,True,1.0,Dispose
CON-101147,Pallet,Wood,21.27,11,11,None,Safe,87.96,None,False,0.0,10.41,40.44,0.0,10.32,5.55,6.12,0.43,3.4,10.21,False,Low,Facility D,True,True,1.0,Resell
CON-101148,Drum,Metal,32.24,26,57,Low,Safe,72.91,None,False,5.22,27.76,79.18,17.67,13.06,6.87,8.86,0.64,70.93,212.79,True,Low,Hub B,True,False,1.0,Resell
CON-101149,Tote,Plastic,6.14,35,98,None,Safe,73.34,None,False,0.0,19.8,18.61,1.24,6.53,3.74,2.33,0.12,6.38,19.15,True,Low,Terminal E,True,True,1.0,Resell
CON-101150,Crate,Wood,23.61,45,121,High,Unsafe,46.55,None,True,38.76,32.12,0.0,0.0,10.9,4.33,6.7,0.47,3.78,11.33,False,High,Terminal E,True,True,1.0,Dispose
CON-101151,Tote,Plastic,6.83,40,81,Medium,Minor Damage,64.38,None,True,7.85,19.44,16.76,1.38,6.71,1.32,2.51,0.14,7.1,21.31,True,Medium,Facility D,True,True,1.0,Resell
CON-101152,Pallet,Plastic,5.87,31,33,High,Moderate Damage,92.61,None,True,20.47,11.91,31.92,1.24,6.47,2.2,2.27,0.12,6.11,18.33,True,Medium,Terminal E,True,True,1.0,Resell
CON-101153,Drum,Metal,34.28,37,120,Low,Minor Damage,54.44,None,False,6.8,36.83,43.56,16.53,13.57,7.11,9.37,0.69,75.43,226.28,True,Low,Terminal E,True,True,1.0,Resell
CON-101154,Tote,Plastic,6.44,1,1,None,Safe,79.33,None,False,0.0,9.2,41.83,1.25,6.61,3.77,2.41,0.13,6.69,20.08,True,Low,Depot C,True,True,1.0,Resell
CON-101155,Tote,Plastic,6.45,37,22,Low,Safe,90.56,Organic,False,1.74,9.62,25.31,1.35,6.61,3.77,2.41,0.13,6.7,20.11,True,Low,Depot C,True,True,1.0,Resell
CON-101156,Drum,Plastic,5.27,23,68,Medium,Moderate Damage,80.83,None,True,28.34,27.68,72.22,1.09,6.32,1.13,2.12,0.11,5.48,16.44,True,Medium,Terminal E,True,True,1.0,Resell
CON-101157,Pallet,Wood,18.72,11,14,Critical,Unsafe,91.6,None,True,46.28,10.16,0.0,0.0,9.68,5.25,5.48,0.37,3.0,8.99,False,High,Facility D,True,True,1.0,Dispose
CON-101158,Tote,Plastic,5.77,38,44,None,Safe,80.9,None,False,0.0,13.26,21.74,1.2,6.44,3.69,2.24,0.12,6.0,18.0,True,Low,Warehouse A,True,False,1.0,Resell
CON-101159,Crate,Plastic,4.86,42,82,Medium,Moderate Damage,54.91,None,True,16.38,26.96,36.27,0.88,6.22,1.08,2.02,0.1,5.06,15.17,True,Medium,Depot C,False,True,1.0,Resell
CON-101160,Pallet,Plastic,6.31,8,25,High,Moderate Damage,67.21,None,True,22.33,14.92,40.13,1.26,6.58,2.26,2.38,0.13,6.56,19.68,True,Medium,Warehouse A,True,False,1.0,Resell
CON-101161,Pallet,Plastic,6.7,6,18,Low,Safe,84.56,None,False,2.29,11.62,41.48,1.24,6.68,3.8,2.48,0.13,6.97,20.92,True,Low,Depot C,True,True,1.0,Resell
CON-101162,Tote,Plastic,6.76,31,83,High,Moderate Damage,76.26,Chemical,True,20.53,17.86,20.65,1.23,16.73,2.31,2.49,0.14,7.03,21.1,True,Medium,Terminal E,True,True,1.0,Resell
CON-101163,Box,Plastic,7.08,51,38,Medium,Moderate Damage,87.08,None,True,3.04,7.99,6.06,1.56,6.77,1.35,2.57,0.14,7.36,22.09,True,Medium,Terminal E,False,False,1.0,Resell
CON-101164,Pallet,Plastic,4.82,24,21,Low,Minor Damage,83.73,None,False,2.94,12.04,38.7,0.97,6.2,3.58,2.0,0.1,5.01,15.03,True,Low,Facility D,False,True,1.0,Resell
CON-101165,Tote,Plastic,6.7,29,61,Low,Minor Damage,78.84,None,False,1.99,15.27,21.96,1.3,6.68,3.8,2.48,0.13,6.97,20.91,True,Low,Depot C,True,False,1.0,Resell
CON-101166,Drum,Plastic,6.71,21,60,Medium,Moderate Damage,82.67,None,True,28.4,26.6,74.43,1.45,6.68,1.31,2.48,0.13,6.98,20.94,True,Medium,Warehouse A,False,True,0.87,Resell
CON-101167,Box,Cardboard,1.68,24,58,None,Safe,86.22,None,False,0.0,10.12,9.15,0.14,5.42,3.2,1.22,0.03,0.67,2.02,True,Low,Warehouse A,True,True,1.0,Refurbish
CON-101168,Drum,Metal,30.26,41,98,Medium,Minor Damage,59.94,None,True,21.93,33.81,45.24,15.19,12.57,4.13,8.37,0.61,66.58,199.73,True,Medium,Terminal E,False,True,1.0,Resell
CON-101169,Drum,Metal,30.0,55,141,Low,Safe,59.11,None,False,6.69,38.23,21.77,15.66,12.5,6.6,8.3,0.6,65.99,197.97,True,Low,Depot C,False,True,1.0,Resell
CON-101170,Tote,Plastic,7.01,19,21,Medium,Minor Damage,80.03,None,True,6.95,11.1,32.6,1.41,6.75,1.34,2.55,0.14,7.29,21.86,True,Medium,Warehouse A,True,True,1.0,Resell
CON-101171,Tote,Plastic,6.91,42,21,None,Safe,77.08,None,False,0.0,11.54,19.62,1.45,6.73,3.83,2.53,0.14,7.19,21.56,True,Low,Warehouse A,True,True,1.0,Resell
CON-101172,Tote,Plastic,5.63,35,34,High,Unsafe,81.08,None,True,19.19,12.24,0.0,1.05,6.41,2.18,2.21,0.11,5.85,17.56,True,High,Hub B,True,True,1.0,Recycle
CON-101173,Crate,Metal,35.68,36,85,Medium,Moderate Damage,78.93,None,True,16.46,23.66,35.0,16.17,13.92,4.78,9.72,0.71,78.5,235.49,True,Medium,Hub B,True,False,1.0,Resell
CON-101174,Drum,Plastic,6.96,36,44,Low,Safe,79.43,None,False,5.24,25.49,66.89,1.38,6.74,3.84,2.54,0.14,7.24,21.71,True,Low,Warehouse A,False,True,1.0,Resell
CON-101175,Pallet,Plastic,6.69,47,54,Medium,Minor Damage,60.5,Organic,True,9.3,18.83,22.9,1.25,6.67,1.3,2.47,0.13,6.96,20.87,True,Medium,Terminal E,True,True,1.0,Resell
CON-101176,Drum,Plastic,6.38,38,27,Low,Minor Damage,87.51,Organic,False,5.37,22.57,68.61,1.19,6.59,3.77,2.39,0.13,6.63,19.9,True,Low,Depot C,True,False,1.0,Resell
CON-101177,Crate,Metal,35.28,18,31,Medium,Moderate Damage,72.06,None,True,17.56,19.29,60.19,17.61,13.82,4.73,9.62,0.71,77.61,232.82,True,Medium,Hub B,False,True,1.0,Refurbish
CON-101178,Crate,Plastic,6.19,50,99,High,Moderate Damage,74.79,None,True,40.68,25.68,23.9,1.33,6.55,2.24,2.35,0.12,6.43,19.3,True,Medium,Facility D,True,True,1.0,Resell
CON-101179,Pallet,Wood,18.65,43,137,Medium,Moderate Damage,49.81,None,True,10.88,28.73,16.02,0.0,9.66,2.74,5.46,0.37,2.98,8.95,False,Medium,Hub B,False,True,1.0,Resell
CON-101180,Tote,Plastic,5.11,2,5,None,Safe,94.96,None,False,0.0,7.26,37.75,1.07,6.28,3.61,2.08,0.1,5.32,15.95,True,Low,Warehouse A,True,True,1.0,Resell
CON-101181,Tote,Plastic,6.26,44,138,Medium,Moderate Damage,61.92,None,True,8.77,25.51,10.7,1.3,6.56,1.25,2.36,0.13,6.51,19.52,True,Medium,Depot C,True,True,1.0,Resell
CON-101182,Box,Cardboard,1.32,18,61,Medium,Minor Damage,60.12,None,True,3.38,14.33,10.77,0.11,5.33,0.66,1.13,0.03,0.53,1.59,True,Medium,Terminal E,True,True,1.0,Resell
CON-101183,Pallet,Wood,22.98,37,118,Low,Safe,75.71,None,False,2.58,22.94,18.32,0.0,10.74,5.76,6.54,0.46,3.68,11.03,False,Low,Terminal E,True,True,1.0,Resell
CON-101184,Crate,Metal,34.41,33,35,None,Safe,65.65,None,False,0.0,20.65,48.73,18.9,13.6,7.13,9.4,0.69,75.71,227.13,True,Low,Warehouse A,True,False,1.0,Resell
CON-101185,Box,Cardboard,1.44,41,39,Low,Safe,88.73,None,False,0.86,7.84,7.15,0.12,5.36,3.17,1.16,0.03,0.58,1.73,True,Low,Facility D,False,True,1.0,Resell
CON-101186,Box,Cardboard,1.27,25,42,Low,Safe,64.2,None,False,0.79,11.82,9.07,0.09,5.32,3.15,1.12,0.03,0.51,1.52,True,Low,Hub B,True,False,1.0,Resell
CON-101187,Pallet,Wood,16.3,37,39,Low,Minor Damage,82.08,None,False,2.66,14.09,27.8,0.0,9.07,4.96,4.87,0.33,2.61,7.82,False,Low,Facility D,True,False,1.0,Resell
CON-101188,Crate,Wood,16.8,19,10,None,Safe,79.24,None,False,0.0,16.11,58.66,0.0,9.2,5.02,5.0,0.34,2.69,8.07,False,Low,Depot C,True,False,1.0,Resell
CON-101189,Pallet,Plastic,5.7,2,6,Low,Safe,77.78,None,False,2.97,11.43,47.11,1.19,6.43,3.68,2.23,0.11,5.93,17.79,True,Low,Warehouse A,True,True,1.0,Resell
CON-101190,Crate,Wood,22.23,38,75,High,Moderate Damage,61.71,Organic,True,35.33,25.24,35.56,0.0,10.56,4.17,6.36,0.44,3.56,10.67,False,Medium,Hub B,True,True,1.0,Resell
CON-101191,Crate,Metal,28.4,20,55,High,Moderate Damage,82.64,None,True,42.36,20.1,49.98,15.3,12.1,4.91,7.9,0.57,62.48,187.44,True,Medium,Hub B,True,True,1.0,Resell
CON-101192,Drum,Metal,28.34,11,21,None,Safe,87.46,None,False,0.0,21.98,94.97,14.51,12.09,6.4,7.89,0.57,62.35,187.06,True,Low,Facility D,True,True,1.0,Resell
CON-101193,Drum,Metal,25.56,56,75,Low,Safe,74.73,None,False,6.87,29.29,33.14,13.62,11.39,6.07,7.19,0.51,56.23,168.7,True,Low,Warehouse A,True,True,1.0,Resell
CON-101194,Box,Plastic,6.98,26,87,Medium,Moderate Damage,71.54,None,True,2.77,15.22,9.16,1.27,6.74,1.34,2.54,0.14,7.26,21.77,True,Medium,Facility D,True,True,1.0,Resell
CON-101195,Pallet,Plastic,5.95,7,6,None,Safe,84.95,None,False,0.0,10.36,41.34,1.08,6.49,3.71,2.29,0.12,6.19,18.57,True,Low,Warehouse A,True,False,1.0,Resell
CON-101196,Drum,Metal,25.2,26,34,Low,Safe,78.53,None,False,4.9,24.62,79.41,11.38,11.3,6.02,7.1,0.5,55.45,166.35,True,Low,Warehouse A,True,True,1.0,Resell
CON-101197,Box,Plastic,6.49,30,22,Medium,Minor Damage,83.34,None,True,2.46,6.95,9.06,1.35,6.62,1.28,2.42,0.13,6.75,20.25,True,Medium,Depot C,True,True,1.0,Resell
CON-101198,Tote,Plastic,5.98,13,37,None,Safe,89.17,None,False,0.0,11.32,29.91,1.08,6.5,3.72,2.3,0.12,6.22,18.66,True,Low,Facility D,True,True,1.0,Resell
CON-101199,Crate,Plastic,5.82,28,64,Medium,Moderate Damage,86.31,None,True,12.83,20.45,43.77,1.09,6.46,1.2,2.26,0.12,6.06,18.17,True,Medium,Hub B,False,True,1.0,Resell
CON-101200,Drum,Plastic,6.81,57,95,Low,Safe,78.63,None,False,6.06,30.71,29.29,1.45,6.7,3.82,2.5,0.14,7.08,21.25,True,Low,Facility D,True,True,1.0,Resell
CON-101201,Drum,Plastic,5.04,22,52,Medium,Minor Damage,66.95,None,True,19.69,28.16,85.91,1.03,6.26,1.1,2.06,0.1,5.24,15.73,True,Medium,Facility D,True,True,1.0,Resell
CON-101202,Crate,Metal,26.83,50,166,High,Moderate Damage,42.18,None,True,38.88,37.27,13.61,13.97,11.71,4.72,7.51,0.54,59.03,177.09,True,Medium,Depot C,True,True,1.0,Resell
CON-101203,Box,Plastic,6.68,3,3,None,Safe,75.17,None,False,0.0,6.28,13.87,1.42,6.67,3.8,2.47,0.13,6.95,20.85,True,Low,Facility D,False,False,1.0,Resell
CON-101204,Pallet,Wood,17.59,38,69,Critical,Unsafe,61.79,None,True,43.46,20.13,0.0,0.0,9.4,5.11,5.2,0.35,2.81,8.44,False,High,Depot C,True,True,1.0,Dispose
CON-101205,Box,Cardboard,1.33,19,63,Medium,Moderate Damage,73.0,None,True,2.68,12.6,9.78,0.1,5.33,0.66,1.13,0.03,0.53,1.6,True,Medium,Depot C,False,True,1.0,Resell
CON-101206,Tote,Plastic,6.2,59,49,Low,Minor Damage,65.99,None,False,2.26,16.0,11.4,1.18,6.55,3.74,2.35,0.12,6.45,19.34,True,Low,Facility D,True,True,1.0,Resell
CON-101207,Drum,Metal,25.27,27,17,Low,Safe,76.78,Chemical,False,6.31,23.18,86.18,13.04,28.29,6.03,7.12,0.51,55.59,166.77,True,Medium,Depot C,True,False,1.0,Resell
CON-101208,Pallet,Plastic,6.44,49,114,Medium,Moderate Damage,50.18,None,True,8.33,26.37,15.22,1.27,6.61,1.27,2.41,0.13,6.7,20.1,True,Medium,Warehouse A,True,False,1.0,Resell
CON-101209,Box,Plastic,6.95,20,42,None,Safe,68.87,None,False,0.0,11.12,10.64,1.49,6.74,3.83,2.54,0.14,7.22,21.67,True,Low,Depot C,True,False,1.0,Resell
CON-101210,Crate,Plastic,7.04,35,35,None,Safe,85.21,None,False,0.0,17.72,42.19,1.4,6.76,3.84,2.56,0.14,7.32,21.96,True,Low,Facility D,True,True,1.0,Resell
CON-101211,Box,Plastic,6.23,6,16,Medium,Minor Damage,68.78,None,True,3.0,8.53,13.65,1.32,6.56,1.25,2.36,0.12,6.48,19.44,True,Medium,Depot C,True,False,1.0,Resell
CON-101212,Tote,Plastic,5.91,49,82,Low,Minor Damage,63.66,Organic,False,1.63,19.65,12.59,1.15,6.48,3.71,2.28,0.12,6.15,18.45,True,Low,Warehouse A,True,True,1.0,Resell
CON-101213,Crate,Plastic,4.91,58,125,Low,Safe,69.69,Chemical,False,4.63,29.05,13.01,1.02,15.57,3.59,2.03,0.1,5.1,15.31,True,Medium,Terminal E,True,True,1.0,Resell
CON-101214,Drum,Plastic,5.24,41,26,None,Safe,73.74,Organic,False,0.0,24.54,61.76,1.07,6.31,3.63,2.11,0.1,5.45,16.34,True,Low,Facility D,True,True,1.0,Resell
CON-101215,Crate,Plastic,6.03,10,6,Low,Safe,94.21,None,False,3.82,13.47,68.74,1.12,6.51,3.72,2.31,0.12,6.27,18.81,True,Low,Depot C,True,True,1.0,Resell
CON-101216,Box,Cardboard,1.36,26,54,Critical,Unsafe,70.78,None,True,10.9,12.03,0.0,0.1,5.34,3.16,1.14,0.03,0.54,1.63,True,High,Facility D,True,False,1.0,Recycle
CON-101217,Tote,Plastic,5.82,40,119,Critical,Unsafe,67.2,None,True,38.48,22.82,0.0,1.18,6.45,3.7,2.25,0.12,6.05,18.16,True,High,Hub B,True,False,1.0,Recycle
CON-101218,Pallet,Wood,21.72,7,8,None,,76.81,None,False,0.0,11.78,49.31,0.0,10.43,5.61,6.23,0.43,3.47,10.42,False,Low,Depot C,True,True,1.0,Resell
CON-101219,Tote,Plastic,5.76,50,149,Medium,Minor Damage,42.9,None,True,9.46,29.47,7.85,1.21,6.44,1.19,2.24,0.12,5.99,17.98,True,Medium,Facility D,True,True,1.0,Resell
CON-101220,Crate,Metal,24.38,13,33,Low,Minor Damage,92.55,None,False,3.84,16.42,65.18,11.12,11.09,5.93,6.89,0.49,53.63,160.9,True,Low,Facility D,True,False,1.0,Resell
CON-101221,Tote,Plastic,6.11,59,158,High,Unsafe,54.55,None,True,15.1,28.62,0.0,1.12,6.53,2.23,2.33,0.12,6.36,19.07,True,High,Depot C,False,False,1.0,Recycle
CON-101222,Box,Cardboard,1.7,40,42,Low,Minor Damage,72.8,None,False,0.76,10.53,8.43,0.14,5.43,3.2,1.23,0.03,0.68,2.04,True,Low,Terminal E,True,False,1.0,Resell
CON-101223,Drum,Plastic,7.03,25,55,Low,Safe,79.18,None,False,7.15,26.62,78.16,1.49,6.76,3.84,2.56,0.14,7.31,21.94,True,Low,Warehouse A,True,True,1.0,Resell
CON-101224,Pallet,Wood,22.76,50,96,None,Safe,73.41,None,False,0.0,21.09,16.72,0.0,10.69,5.73,6.49,0.46,3.64,10.92,False,Low,Warehouse A,True,True,1.0,Resell
CON-101225,Box,Cardboard,1.7,35,96,Low,Minor Damage,74.59,Chemical,False,0.72,15.66,6.61,0.14,13.56,3.2,1.22,0.03,0.68,2.04,True,Medium,Hub B,True,False,1.0,Resell
CON-101226,Tote,Plastic,5.71,1,0,Low,Minor Damage,75.79,None,False,2.38,9.63,38.01,1.08,6.43,3.69,2.23,0.11,5.94,17.81,True,Low,Warehouse A,True,True,1.0,Resell
CON-101227,Crate,Metal,34.34,40,72,Medium,Moderate Damage,73.29,None,True,15.59,23.21,35.22,16.01,13.58,4.62,9.38,0.69,75.55,226.64,True,Medium,Depot C,True,True,1.0,Resell
CON-101228,Drum,Plastic,6.09,2,4,Low,Minor Damage,76.16,None,False,5.26,21.98,127.48,1.22,6.52,3.73,2.32,0.12,6.33,19.0,True,Low,Terminal E,True,True,1.0,Resell
CON-101229,Crate,Plastic,6.72,57,93,Medium,Minor Damage,55.77,None,True,15.48,27.93,18.29,1.4,6.68,1.31,2.48,0.13,6.99,20.96,True,Medium,Warehouse A,True,True,1.0,Resell
CON-101230,Crate,Wood,23.4,1,2,Critical,Unsafe,94.79,Organic,True,59.16,12.98,0.0,0.0,10.85,5.81,6.65,0.47,3.74,11.23,False,High,Depot C,True,True,1.0,Dispose
CON-101231,Drum,Plastic,5.55,9,25,Low,Safe,83.3,None,False,5.22,23.01,95.02,1.16,6.39,3.67,2.19,0.11,5.77,17.3,True,Low,Warehouse A,True,True,1.0,Resell
CON-101232,Crate,Metal,33.56,41,68,Medium,Minor Damage,86.22,None,True,16.24,20.87,39.26,15.47,13.39,4.53,9.19,0.67,73.84,221.51,True,Medium,Terminal E,False,True,1.0,Resell
CON-101233,Pallet,Wood,23.0,12,26,None,Safe,81.48,None,False,0.0,12.88,43.76,0.0,10.75,5.76,6.55,0.46,3.68,11.04,False,Low,Warehouse A,True,True,1.0,Resell
CON-101234,Crate,Wood,21.11,28,20,Low,Safe,68.41,None,False,4.05,18.74,49.54,0.0,10.28,5.53,6.08,0.42,3.38,10.13,False,Low,Hub B,False,True,1.0,Resell
CON-101235,Tote,Plastic,6.88,35,22,None,Safe,66.39,Chemical,False,0.0,13.24,24.9,1.34,16.8,3.83,2.52,0.14,7.15,21.46,True,Medium,Depot C,True,True,1.0,Resell
CON-101236,Pallet,Plastic,6.91,24,69,High,Unsafe,84.79,None,True,21.86,16.68,0.0,1.33,6.73,2.33,2.53,0.14,7.19,21.56,True,High,Depot C,True,True,1.0,Recycle
CON-101237,Pallet,Wood,22.76,5,4,Low,Safe,94.58,Organic,False,2.45,8.71,49.11,0.0,10.69,5.73,6.49,0.46,3.64,10.93,False,Low,Terminal E,False,False,1.0,Resell
CON-101238,Drum,Plastic,6.96,26,72,None,Safe,65.67,None,False,0.0,30.35,73.6,1.44,6.74,3.84,2.54,0.14,7.24,21.72,True,Low,Hub B,False,True,1.0,Resell
CON-101239,Tote,Plastic,6.44,53,38,None,Safe,81.79,None,False,0.0,12.53,14.22,1.3,6.61,3.77,2.41,0.13,6.7,20.11,True,Low,Warehouse A,False,True,1.0,Resell
CON-101240,Pallet,Wood,19.09,51,175,Medium,Moderate Damage,43.42,Organic,True,8.58,33.49,7.0,0.0,9.77,2.79,5.57,0.38,3.05,9.16,False,Medium,Terminal E,True,True,1.0,Resell
CON-101241,Box,Cardboard,1.71,56,145,Critical,Unsafe,55.56,None,True,12.22,23.42,0.0,0.14,5.43,3.21,1.23,0.03,0.69,2.06,True,High,Depot C,True,True,1.0,Recycle
CON-101242,Pallet,Plastic,5.41,59,148,Medium,Moderate Damage,62.55,Hazardous,True,11.3,27.92,0.0,0.0,38.11,1.15,2.15,0.11,5.63,16.88,False,High,Hub B,True,True,1.0,Dispose
CON-101243,Tote,Plastic,5.88,51,110,Medium,Minor Damage,58.75,Organic,True,9.31,23.19,11.13,1.23,6.47,1.21,2.27,0.12,6.12,18.35,True,Medium,Depot C,True,False,1.0,Resell
CON-101244,Tote,Plastic,6.9,48,79,Medium,Moderate Damage,54.55,None,True,8.88,20.72,14.56,1.49,6.72,1.33,2.52,0.14,7.17,21.52,True,Medium,Terminal E,True,True,1.0,Resell
CON-101245,Tote,Plastic,6.81,7,9,None,Safe,77.77,None,False,0.0,10.23,34.68,1.29,6.7,3.82,2.5,0.14,7.08,21.25,True,Low,Warehouse A,False,True,1.0,Resell
CON-101246,Pallet,Wood,20.74,11,22,Medium,Minor Damage,78.56,None,True,11.9,12.92,38.94,0.0,10.18,2.99,5.98,0.41,3.32,9.95,False,Medium,Terminal E,False,True,1.0,Resell
CON-101247,Tote,Plastic,7.16,34,105,Medium,Minor Damage,57.65,None,True,7.08,22.85,18.21,1.33,6.79,1.36,2.59,0.14,7.45,22.34,True,Medium,Warehouse A,True,True,1.0,Resell
CON-101248,Box,Cardboard,1.24,34,56,Medium,Moderate Damage,77.42,Organic,True,2.44,11.24,7.47,0.11,5.31,0.65,1.11,0.02,0.5,1.49,True,Medium,Terminal E,False,True,1.0,Resell
CON-101249,Crate,Wood,18.98,51,39,Critical,Unsafe,64.68,None,True,69.44,21.2,0.0,0.0,9.75,5.28,5.55,0.38,3.04,9.11,False,High,Depot C,True,True,1.0,Dispose
CON-101250,Box,Plastic,5.46,51,140,High,Moderate Damage,66.15,None,True,7.74,21.33,3.03,1.11,6.37,2.16,2.17,0.11,5.68,17.05,True,Medium,Warehouse A,True,True,1.0,Resell
CON-101251,Box,Plastic,6.8,26,84,Medium,Minor Damage,72.1,Chemical,True,3.53,14.84,9.12,1.48,16.75,1.32,2.5,0.14,7.08,21.23,True,Medium,Terminal E,False,True,1.0,Resell
CON-101252,Box,Plastic,5.84,58,145,Medium,Moderate Damage,62.94,None,True,3.49,22.31,1.78,1.14,6.46,1.2,2.26,0.12,6.07,18.22,True,Medium,Depot C,True,True,1.0,Resell
CON-101253,Pallet,Plastic,4.8,29,61,High,Moderate Damage,75.84,None,True,26.25,17.22,31.27,0.92,6.2,2.08,2.0,0.1,5.0,14.99,True,Medium,Terminal E,False,True,1.0,Dispose
CON-101254,Pallet,Plastic,5.81,13,17,Medium,Minor Damage,85.26,Organic,True,10.26,11.41,43.69,1.14,6.45,1.2,2.25,0.12,6.04,18.12,True,Medium,Facility D,False,True,1.0,Resell
CON-101255,Tote,Plastic,5.93,44,109,Low,Minor Damage,54.75,Organic,False,1.62,23.69,12.51,1.26,6.48,3.71,2.28,0.12,6.17,18.51,True,Low,Facility D,True,True,1.0,Resell
CON-101256,Drum,Plastic,4.86,39,47,Low,Safe,62.3,None,False,6.91,28.35,57.37,1.02,6.21,3.58,2.01,0.1,5.05,15.15,True,Low,Depot C,False,False,1.0,Resell
CON-101257,Pallet,Plastic,4.84,6,12,Low,Safe,74.77,Organic,False,2.57,12.48,50.2,1.05,6.21,3.58,2.01,0.1,5.03,15.09,True,Low,Warehouse A,False,True,1.0,Resell
CON-101258,Box,Plastic,5.97,19,49,None,Safe,75.55,None,False,0.0,10.82,10.43,1.12,6.49,3.72,2.29,0.12,6.21,18.62,True,Low,Warehouse A,True,False,1.0,Resell
CON-101259,Tote,Plastic,5.47,39,102,High,Unsafe,51.4,None,True,15.67,23.49,0.0,1.02,6.37,2.16,2.17,0.11,5.69,17.08,True,High,Facility D,True,False,1.0,Recycle
CON-101260,Drum,Metal,33.73,57,198,High,Unsafe,38.77,None,True,62.99,46.98,0.0,15.54,13.43,5.55,9.23,0.67,74.21,222.64,True,High,Terminal E,True,True,1.0,Recycle
CON-101261,Box,Plastic,5.84,33,29,None,Safe,90.41,None,False,0.0,6.59,9.86,1.17,6.46,3.7,2.26,0.12,6.08,18.23,True,Low,Warehouse A,True,True,1.0,Resell
CON-101262,Crate,Plastic,5.46,4,7,Medium,Minor Damage,73.78,None,True,18.33,16.63,72.33,1.2,6.37,1.16,2.17,0.11,5.68,17.04,True,Medium,Terminal E,True,False,1.0,Resell
CON-101263,Crate,Wood,16.47,32,65,Low,Safe,82.17,Chemical,False,3.92,21.17,41.9,0.0,22.79,4.98,4.92,0.33,2.63,7.9,False,Medium,Warehouse A,True,True,1.0,Resell
CON-101264,Tote,Plastic,4.81,5,3,None,Safe,71.11,Hazardous,False,0.0,10.63,0.0,0.0,37.22,3.58,2.0,0.1,5.01,15.02,False,High,Warehouse A,True,True,1.0,Dispose
CON-101265,Box,Cardboard,1.71,57,166,High,Moderate Damage,57.35,None,True,7.42,25.25,1.48,0.12,5.43,1.7,1.23,0.03,0.68,2.05,True,Medium,Depot C,True,True,1.0,Resell
CON-101266,Pallet,Wood,16.26,5,14,None,Safe,76.79,None,False,0.0,12.38,41.53,0.0,9.07,4.95,4.87,0.33,2.6,7.81,False,Low,Facility D,True,True,1.0,Resell
CON-101267,Crate,Metal,32.54,45,62,Medium,Minor Damage,63.68,None,True,15.44,23.65,34.23,16.45,13.13,4.4,8.93,0.65,71.58,214.74,True,Medium,Hub B,False,True,1.0,Resell
CON-101268,Drum,Metal,28.96,47,35,Medium,Minor Damage,63.68,None,True,22.18,26.95,51.91,14.59,12.24,3.98,8.04,0.58,63.71,191.14,True,Medium,Hub B,True,True,1.0,Resell
CON-101269,Crate,Metal,31.97,26,30,Medium,Minor Damage,91.94,None,True,14.17,16.21,58.67,17.2,12.99,4.34,8.79,0.64,70.33,210.99,True,Medium,Depot C,False,True,1.0,Resell
CON-101270,Pallet,Plastic,6.89,10,17,Low,Safe,84.43,None,False,2.55,11.54,41.33,1.25,6.72,3.83,2.52,0.14,7.17,21.5,True,Low,Facility D,False,True,1.0,Resell
CON-101271,Crate,Plastic,7.03,33,35,Medium,Moderate Damage,63.97,None,True,14.26,20.9,46.25,1.53,6.76,1.34,2.56,0.14,7.32,21.95,True,Medium,Depot C,False,True,1.0,Resell
CON-101272,Box,Plastic,6.76,60,79,None,Safe,72.4,None,False,0.0,14.29,3.59,1.31,6.69,3.81,2.49,0.14,7.03,21.09,True,Low,Warehouse A,True,True,1.0,Resell
CON-101273,Box,Cardboard,1.52,22,70,None,Safe,82.79,None,False,0.0,11.83,9.59,0.13,5.38,3.18,1.18,0.03,0.61,1.83,True,Low,Warehouse A,True,True,1.0,Resell
CON-101274,Box,Plastic,6.67,25,19,Low,Safe,91.93,None,False,0.81,5.36,11.33,1.32,6.67,3.8,2.47,0.13,6.94,20.81,True,Low,Facility D,True,True,1.0,Resell
CON-101275,Tote,Plastic,7.01,21,62,Low,Minor Damage,66.64,None,False,1.74,17.2,24.42,1.26,6.75,3.84,2.55,0.14,7.29,21.86,True,Low,Warehouse A,True,True,1.0,Resell
CON-101276,Tote,Plastic,6.89,4,2,Medium,Moderate Damage,76.81,Chemical,True,6.56,9.68,39.77,1.33,16.81,1.33,2.52,0.14,7.17,21.5,True,Medium,Depot C,True,True,1.0,Resell
CON-101277,Tote,Plastic,5.86,57,134,Low,Safe,60.06,Chemical,False,2.27,25.39,5.89,1.08,16.16,3.7,2.26,0.12,6.09,18.27,True,Medium,Facility D,True,True,1.0,Resell
CON-101278,Crate,Metal,32.92,44,70,Medium,Minor Damage,58.6,None,True,18.11,25.21,34.72,14.97,13.23,4.45,9.03,0.66,72.42,217.26,True,Medium,Facility D,True,False,1.0,Resell
CON-101279,Box,Cardboard,1.61,38,32,None,Safe,83.15,None,False,0.0,7.98,9.07,0.14,5.4,3.19,1.2,0.03,0.65,1.94,True,Low,Facility D,True,False,1.0,Resell
CON-101280,Crate,Wood,16.58,20,47,Medium,Minor Damage,61.94,None,True,14.96,22.41,62.02,0.0,9.14,2.49,4.94,0.33,2.65,7.96,False,Medium,Terminal E,True,False,1.0,Resell
CON-101281,Pallet,Plastic,6.45,22,20,None,Safe,84.36,None,False,0.0,11.85,33.55,1.27,6.61,3.77,2.41,0.13,6.7,20.11,True,Low,Facility D,True,True,1.0,Resell
CON-101282,Tote,Plastic,4.98,25,66,Medium,Moderate Damage,78.92,None,True,9.27,15.76,26.1,1.09,6.24,1.1,2.04,0.1,5.18,15.53,True,Medium,Terminal E,True,True,1.0,Resell
CON-101283,Pallet,Plastic,5.54,45,152,Medium,Moderate Damage,43.74,None,True,9.57,31.14,11.12,1.1,6.38,1.16,2.18,0.11,5.76,17.27,True,Medium,Hub B,True,True,0.56,Manual_Review
CON-101284,Crate,Wood,16.58,14,48,Medium,Moderate Damage,82.75,Organic,True,13.98,19.39,66.0,0.0,9.15,2.49,4.95,0.33,2.65,7.96,False,Medium,Warehouse A,False,False,1.0,Resell
CON-101285,Pallet,Wood,17.75,15,21,Low,Safe,93.71,Organic,False,2.03,10.54,42.32,0.0,9.44,5.13,5.24,0.36,2.84,8.52,False,Low,Warehouse A,False,True,1.0,Dispose
CON-101286,Tote,Plastic,5.38,10,31,None,Safe,91.15,None,False,0.0,10.43,32.8,1.02,6.35,3.65,2.15,0.11,5.6,16.8,True,Low,Hub B,True,True,1.0,Resell
CON-101287,Drum,Plastic,6.61,37,80,Low,Minor Damage,74.3,None,False,5.25,29.85,57.14,1.24,6.65,3.79,2.45,0.13,6.87,20.62,True,Low,Terminal E,False,True,1.0,Resell
CON-101288,Pallet,Plastic,6.41,57,59,Critical,Unsafe,61.66,None,True,40.29,19.15,0.0,1.29,6.6,3.77,2.4,0.13,6.67,20.0,True,High,Warehouse A,True,True,1.0,Recycle
CON-101289,Box,Cardboard,1.2,29,24,None,Safe,69.94,None,False,0.0,9.16,9.39,0.1,5.3,3.14,1.1,0.02,0.48,1.44,True,Low,Warehouse A,True,True,1.0,Resell
CON-101290,Box,Cardboard,1.24,59,190,Low,Safe,46.33,Organic,False,0.82,29.3,1.62,0.1,5.31,3.15,1.11,0.02,0.5,1.49,True,Low,Terminal E,True,True,1.0,Resell
CON-101291,Drum,Metal,30.43,22,47,Low,Safe,68.69,None,False,6.17,27.4,88.59,15.1,12.61,6.65,8.41,0.61,66.94,200.81,True,Low,Facility D,True,True,1.0,Resell
CON-101292,Box,Plastic,7.0,31,65,Medium,Minor Damage,84.98,None,True,3.13,11.0,9.2,1.3,6.75,1.34,2.55,0.14,7.28,21.84,True,Medium,Terminal E,False,True,1.0,Resell
CON-101293,Crate,Wood,21.26,33,30,None,Safe,89.12,None,False,0.0,16.63,44.45,0.0,10.31,5.55,6.11,0.43,3.4,10.2,False,Low,Terminal E,True,False,1.0,Resell
CON-101294,Pallet,Wood,21.3,10,6,None,Safe,90.48,None,False,0.0,9.53,44.29,0.0,10.32,5.56,6.12,0.43,3.41,10.22,False,Low,Depot C,True,True,1.0,Resell
CON-101295,Box,Cardboard,1.45,24,53,High,Moderate Damage,68.37,None,True,7.39,12.29,10.15,0.12,5.36,1.67,1.16,0.03,0.58,1.74,True,Medium,Hub B,True,True,1.0,Resell
CON-101296,Pallet,Wood,22.82,9,23,Low,Minor Damage,84.62,None,False,2.7,12.11,46.92,0.0,10.7,5.74,6.5,0.46,3.65,10.95,False,Low,Warehouse A,True,True,1.0,Resell
CON-101297,Pallet,Wood,19.34,57,36,None,,80.92,None,False,0.0,13.96,16.12,0.0,9.84,5.32,5.64,0.39,3.09,9.28,False,Low,Warehouse A,True,False,1.0,Resell
CON-101298,Drum,Plastic,5.65,58,130,Medium,Minor Damage,70.04,None,True,19.42,35.49,17.55,1.05,6.41,1.18,2.21,0.11,5.88,17.64,True,Medium,Terminal E,True,True,1.0,Resell
CON-101299,Box,Plastic,5.52,56,130,Medium,Minor Damage,56.54,None,True,2.66,21.77,2.95,1.2,6.38,1.16,2.18,0.11,5.74,17.21,True,Medium,Warehouse A,True,True,1.0,Resell
CON-101300,Crate,Wood,20.96,26,25,Low,Safe,70.96,None,False,3.39,18.86,51.92,0.0,10.24,5.52,6.04,0.42,3.35,10.06,False,Low,Facility D,True,False,1.0,Resell
CON-101301,Crate,Plastic,6.82,59,99,Medium,Minor Damage,68.71,None,True,18.75,26.59,17.64,1.25,6.7,1.32,2.5,0.14,7.09,21.28,True,Medium,Terminal E,False,True,1.0,Resell
CON-101302,Crate,Plastic,5.52,3,5,None,Safe,87.25,None,False,0.0,14.41,72.14,1.06,6.38,3.66,2.18,0.11,5.74,17.23,True,Low,Hub B,True,False,1.0,Dispose
CON-101303,Drum,Metal,29.44,9,27,None,Safe,90.56,None,False,0.0,22.12,110.57,13.6,12.36,6.53,8.16,0.59,64.78,194.33,True,Low,Depot C,True,True,1.0,Resell
CON-101304,Pallet,Plastic,7.06,36,93,Medium,Moderate Damage,61.19,None,True,10.06,22.62,20.89,1.42,6.76,1.35,2.56,0.14,7.34,22.02,True,Medium,Warehouse A,False,False,1.0,Resell
CON-101305,Tote,Plastic,5.15,16,42,Medium,Minor Damage,71.86,None,True,7.62,14.42,30.67,0.97,6.29,1.12,2.09,0.1,5.36,16.08,True,Medium,Terminal E,True,True,1.0,Resell
CON-101306,Crate,Plastic,7.14,12,38,None,Safe,81.46,None,False,0.0,18.58,60.92,1.35,6.78,3.86,2.58,0.14,7.42,22.27,True,Low,Hub B,True,True,1.0,Resell
CON-101307,Crate,Metal,30.35,26,15,None,Safe,85.91,None,False,0.0,15.61,56.42,15.87,12.59,6.64,8.39,0.61,66.77,200.3,True,Low,Terminal E,True,True,1.0,Resell
CON-101308,Tote,Plastic,6.53,58,188,Medium,Moderate Damage,33.99,None,True,7.17,34.7,3.89,1.27,6.63,1.28,2.43,0.13,6.79,20.38,True,Medium,Facility D,True,True,1.0,Resell
CON-101309,Tote,Plastic,7.11,5,8,Medium,Moderate Damage,94.61,None,True,7.31,7.61,34.95,1.29,6.78,1.35,2.58,0.14,7.39,22.18,True,Medium,Warehouse A,True,False,1.0,Resell
CON-101310,Box,Plastic,5.24,26,59,High,Unsafe,64.6,Organic,True,6.43,13.46,0.0,1.01,6.31,2.13,2.11,0.1,5.45,16.36,True,High,Facility D,True,True,1.0,Recycle
CON-101311,Pallet,Wood,19.63,18,16,Low,Minor Damage,73.49,Organic,False,2.12,13.08,40.1,0.0,9.91,5.36,5.71,0.39,3.14,9.42,False,Low,Hub B,False,True,1.0,Resell
CON-101312,Crate,Metal,30.53,13,16,None,Safe,68.57,Chemical,False,0.0,18.31,71.28,14.66,31.58,6.66,8.43,0.61,67.17,201.52,True,Medium,Depot C,True,True,1.0,Resell
CON-101313,Tote,Plastic,5.33,50,93,None,Safe,52.57,None,False,0.0,22.41,13.01,0.96,6.33,3.64,2.13,0.11,5.54,16.62,True,Low,Terminal E,True,True,1.0,Resell
CON-101314,Pallet,Wood,23.46,6,9,Low,Minor Damage,95.43,None,False,2.28,9.09,50.09,0.0,10.86,5.81,6.66,0.47,3.75,11.26,False,Low,Hub B,True,True,1.0,Resell
CON-101315,Pallet,Plastic,6.93,33,95,Medium,Moderate Damage,72.99,None,True,11.56,21.05,24.87,1.39,6.73,1.33,2.53,0.14,7.21,21.63,True,Medium,Warehouse A,False,True,1.0,Resell
CON-101316,Box,Plastic,6.71,57,155,None,Safe,62.32,None,False,0.0,23.4,1.78,1.33,6.68,3.81,2.48,0.13,6.98,20.94,True,Low,Terminal E,False,True,1.0,Resell
CON-101317,Pallet,Plastic,4.81,18,58,Medium,Minor Damage,60.65,None,True,9.43,19.2,36.11,0.89,6.2,1.08,2.0,0.1,5.0,15.0,True,Medium,Facility D,True,True,1.0,Resell
CON-101318,Tote,Plastic,4.89,59,56,Critical,Unsafe,,None,True,29.73,16.56,0.0,0.97,6.22,3.59,2.02,0.1,5.08,15.25,True,High,Hub B,True,True,0.62,Manual_Review
CON-101319,Tote,Plastic,6.65,14,39,High,Moderate Damage,77.37,None,True,14.65,13.29,29.18,1.23,6.66,2.3,2.46,0.13,6.91,20.74,True,Medium,Facility D,True,True,1.0,Resell
CON-101320,Drum,Metal,34.88,2,4,None,Safe,81.93,None,False,0.0,21.11,119.7,17.39,13.72,7.19,9.52,0.7,76.73,230.19,True,Low,Hub B,True,True,1.0,Resell
CON-101321,Crate,Metal,32.19,59,71,High,Moderate Damage,81.28,None,True,40.53,21.91,22.27,15.22,13.05,5.36,8.85,0.64,70.83,212.48,True,Medium,Terminal E,True,False,1.0,Resell
CON-101322,Crate,Plastic,6.85,45,116,None,Safe,53.34,None,False,0.0,30.6,24.04,1.29,6.71,3.82,2.51,0.14,7.12,21.36,True,Low,Facility D,True,False,1.0,Resell
CON-101323,Drum,Metal,34.89,36,123,Critical,Unsafe,60.06,None,True,101.91,36.29,0.0,19.05,13.72,7.19,9.52,0.7,76.76,230.27,True,High,Terminal E,True,True,1.0,Recycle
CON-101324,Box,Cardboard,1.49,10,16,Low,Minor Damage,77.46,None,False,0.89,7.23,14.2,0.11,5.37,3.18,1.17,0.03,0.6,1.79,True,Low,Terminal E,True,True,1.0,Resell
CON-101325,Drum,Plastic,6.08,17,48,None,Safe,84.39,None,False,0.0,25.14,87.07,1.16,6.52,3.73,2.32,0.12,6.33,18.98,True,Low,Hub B,True,True,1.0,Resell
CON-101326,Pallet,Wood,23.36,33,18,None,Safe,73.77,None,False,0.0,13.23,30.38,0.0,10.84,5.8,6.64,0.47,3.74,11.21,False,Low,Hub B,True,False,1.0,Resell
CON-101327,Tote,Plastic,6.52,43,149,High,Moderate Damage,64.84,None,True,17.32,26.17,11.88,1.27,6.63,2.28,2.43,0.13,6.78,20.35,True,Medium,Terminal E,True,True,1.0,Resell
CON-101328,Drum,Metal,34.0,41,117,High,Unsafe,50.67,Organic,True,61.67,37.1,0.0,15.69,13.5,5.58,9.3,0.68,74.79,224.38,True,High,Warehouse A,True,True,1.0,Recycle
CON-101329,Drum,Plastic,5.05,16,8,None,Safe,91.53,None,False,0.0,20.07,100.04,0.97,6.26,3.61,2.06,0.1,5.25,15.76,True,Low,Warehouse A,True,True,0.76,Manual_Review
CON-101330,Pallet,Plastic,5.22,43,28,Low,Minor Damage,74.48,Organic,False,2.83,14.13,24.31,1.04,6.3,3.63,2.1,0.1,5.43,16.28,True,Low,Depot C,False,True,1.0,Resell
CON-101331,Drum,Metal,28.34,17,37,None,Safe,64.5,None,False,0.0,27.03,93.62,13.8,12.08,6.4,7.88,0.57,62.34,187.03,True,Low,Facility D,True,True,1.0,Resell
CON-101332,Crate,Plastic,5.83,2,4,,Safe,81.91,None,False,4.78,15.11,75.83,1.19,6.46,3.7,2.26,0.12,6.06,18.18,True,Low,Facility D,False,True,1.0,Resell
CON-101333,Box,Cardboard,1.21,11,19,None,Safe,76.2,None,False,0.0,7.72,11.68,0.1,5.3,3.15,1.1,0.02,0.48,1.45,True,Low,Facility D,True,True,1.0,Resell
CON-101334,Crate,Wood,23.53,37,45,Medium,Moderate Damage,63.82,None,True,15.76,21.93,44.24,0.0,10.88,3.32,6.68,0.47,3.76,11.29,False,Medium,Terminal E,False,True,1.0,Resell
CON-101335,Drum,Metal,24.89,28,55,Medium,Moderate Damage,82.06,None,True,28.66,26.19,77.56,11.66,11.22,3.49,7.02,0.5,54.76,164.28,True,Medium,Facility D,False,True,1.0,Resell
CON-101336,Tote,Plastic,6.36,27,42,Medium,Minor Damage,63.38,None,True,9.28,15.69,26.8,1.32,6.59,1.26,2.39,0.13,6.61,19.83,True,Medium,Depot C,True,True,1.0,Resell
CON-101337,Drum,Plastic,5.54,2,6,Medium,Moderate Damage,93.35,None,True,19.64,19.6,107.44,1.02,6.39,1.16,2.19,0.11,5.76,17.29,True,Medium,Warehouse A,True,True,1.0,Resell
CON-101338,Drum,Plastic,7.18,37,89,Low,Minor Damage,67.8,None,False,4.8,31.73,56.53,1.41,6.8,3.86,2.6,0.14,7.47,22.41,True,Low,Terminal E,False,True,1.0,Resell
CON-101339,Drum,Plastic,5.76,37,68,None,Safe,58.7,None,False,0.0,31.0,63.84,1.06,6.44,3.69,2.24,0.12,5.99,17.98,True,Low,Hub B,False,True,1.0,Resell
CON-101340,Crate,Plastic,4.88,27,33,None,Safe,72.43,None,False,0.0,19.44,52.8,0.89,6.22,3.59,2.02,0.1,5.07,15.22,True,Low,Facility D,True,False,1.0,Resell
CON-101341,Drum,Plastic,4.99,57,137,,Safe,68.48,None,False,0.0,36.43,19.45,0.94,6.25,3.6,2.05,0.1,5.19,15.57,True,Low,Hub B,True,True,1.0,Resell
CON-101342,Pallet,Plastic,5.64,11,22,None,Safe,83.19,None,False,0.0,12.22,39.82,1.08,6.41,3.68,2.21,0.11,5.87,17.6,True,Low,Warehouse A,True,False,1.0,Resell
CON-101343,Tote,Plastic,6.27,23,75,None,Safe,65.28,None,False,0.0,18.71,23.55,1.37,6.57,3.75,2.37,0.13,6.52,19.56,True,Low,Depot C,True,True,1.0,Resell
CON-101344,Box,Plastic,6.27,26,57,Medium,Minor Damage,66.01,None,True,3.25,13.05,8.91,1.34,6.57,1.25,2.37,0.13,6.52,19.56,True,Medium,Depot C,False,True,1.0,Resell
CON-101345,Drum,Plastic,4.84,49,123,Medium,Minor Damage,71.02,None,True,22.35,34.65,28.81,0.95,6.21,1.08,2.01,0.1,5.03,15.1,True,Medium,Terminal E,False,True,1.0,Resell
CON-101346,Tote,Plastic,5.04,11,8,None,Safe,68.47,None,False,0.0,11.53,36.78,1.0,6.26,3.6,2.06,0.1,5.24,15.72,True,Low,Warehouse A,True,True,1.0,Resell
CON-101347,Drum,Plastic,5.52,55,113,Critical,Unsafe,68.79,None,True,98.44,33.98,0.0,1.07,6.38,3.66,2.18,0.11,5.74,17.23,True,High,Terminal E,True,True,1.0,Recycle
CON-101348,Box,Cardboard,1.38,37,66,Medium,Moderate Damage,75.35,None,True,3.27,12.55,6.82,0.1,5.35,0.67,1.15,0.03,0.55,1.66,True,Medium,Warehouse A,True,True,1.0,Resell
CON-101349,Box,Cardboard,1.67,14,37,Medium,Moderate Damage,82.6,None,True,2.83,8.56,11.54,0.14,5.42,0.7,1.22,0.03,0.67,2.0,True,Medium,Facility D,True,True,1.0,Resell
CON-101350,Drum,Metal,30.66,28,95,Medium,Minor Damage,53.32,Chemical,True,28.27,34.5,64.99,14.6,31.67,4.18,8.47,0.61,67.46,202.39,True,Medium,Depot C,True,True,1.0,Resell
CON-101351,Drum,Metal,25.02,15,49,None,Safe,88.76,None,False,0.0,24.59,84.91,13.48,11.25,6.0,7.05,0.5,55.03,165.1,True,Low,Hub B,False,True,1.0,Resell
CON-101352,Box,Cardboard,1.32,30,41,Medium,Moderate Damage,79.6,None,True,2.42,9.41,9.56,0.1,5.33,0.66,1.13,0.03,0.53,1.58,True,Medium,Facility D,False,False,1.0,Resell
CON-101353,Drum,Metal,24.39,51,163,Low,Minor Damage,46.08,None,False,6.17,42.39,21.24,11.66,11.1,5.93,6.9,0.49,53.66,160.99,True,Low,Terminal E,True,True,1.0,Resell
CON-101354,Drum,Plastic,6.93,5,9,None,Safe,68.39,None,False,0.0,23.64,107.41,1.48,6.73,3.83,2.53,0.14,7.21,21.63,True,Low,Warehouse A,True,True,1.0,Resell
CON-101355,Crate,Wood,17.31,53,115,High,Unsafe,64.34,None,True,35.26,28.85,0.0,0.0,9.33,3.58,5.13,0.35,2.77,8.31,False,High,Depot C,True,True,1.0,Dispose
CON-101356,Tote,Plastic,6.3,15,7,None,Safe,94.57,None,False,0.0,7.51,32.78,1.38,6.57,3.76,2.37,0.13,6.55,19.65,True,Low,Hub B,True,True,1.0,Resell
CON-101357,Crate,Plastic,5.92,5,13,None,,77.29,None,False,0.0,16.71,72.85,1.17,6.48,3.71,2.28,0.12,6.16,18.48,True,Low,Warehouse A,False,True,1.0,Resell
CON-101358,Tote,Plastic,6.6,21,26,Low,Safe,89.59,Chemical,False,1.77,10.16,30.36,1.21,16.63,3.79,2.45,0.13,6.87,20.6,True,Medium,Hub B,True,False,1.0,Resell
CON-101359,Drum,Metal,26.82,14,18,Medium,Minor Damage,95.0,None,True,23.6,20.55,99.67,14.61,11.7,3.72,7.5,0.54,59.0,177.01,True,Medium,Terminal E,True,True,1.0,Resell
CON-101360,Pallet,Wood,18.34,57,92,High,Unsafe,57.17,None,True,26.25,23.12,0.0,0.0,9.59,3.7,5.39,0.37,2.93,8.8,False,High,Depot C,False,True,1.0,Dispose
CON-101361,Drum,Plastic,5.57,17,29,Medium,Minor Damage,66.43,None,True,22.65,25.94,84.3,1.12,6.39,1.17,2.19,0.11,5.79,17.38,True,Medium,Terminal E,False,True,1.0,Resell
CON-101362,Pallet,Plastic,6.01,60,41,None,Safe,82.3,None,False,0.0,14.25,14.44,1.31,6.5,3.72,2.3,0.12,6.25,18.76,True,Low,Depot C,False,True,1.0,Resell
CON-101363,Crate,Metal,32.7,10,33,None,Safe,85.93,None,False,0.0,17.41,62.55,16.59,13.17,6.92,8.97,0.65,71.93,215.8,True,Low,Warehouse A,True,True,1.0,Resell
CON-101364,Box,Cardboard,1.52,33,20,None,Safe,66.52,None,False,0.0,9.27,9.55,0.13,5.38,3.18,1.18,0.03,0.61,1.82,True,Low,Terminal E,True,True,1.0,Resell
CON-101365,Drum,Plastic,6.46,52,124,High,Moderate Damage,57.25,None,True,55.9,36.81,27.02,1.32,6.62,2.28,2.42,0.13,6.72,20.17,True,Medium,Depot C,True,True,1.0,Resell
CON-101366,Box,Plastic,5.04,12,11,None,Safe,69.44,Chemical,False,0.0,7.93,13.51,0.96,15.65,3.61,2.06,0.1,5.25,15.74,True,Medium,Terminal E,False,True,1.0,Resell
CON-101367,Crate,Wood,17.15,25,25,High,Unsafe,74.45,None,True,41.46,18.33,0.0,0.0,9.29,3.56,5.09,0.34,2.74,8.23,False,High,Facility D,True,True,1.0,Dispose
CON-101368,Box,Cardboard,1.32,19,26,Critical,Unsafe,68.48,None,True,11.75,9.58,0.0,0.11,5.33,3.16,1.13,0.03,0.53,1.59,True,High,Facility D,True,True,1.0,Recycle
CON-101369,Box,Cardboard,1.21,24,56,Critical,Unsafe,65.82,None,True,10.56,12.98,0.0,0.1,5.3,3.14,1.1,0.02,0.48,1.45,True,High,Depot C,True,True,1.0,Recycle
CON-101370,Tote,Plastic,5.75,41,101,Medium,Minor Damage,51.37,None,True,7.41,23.39,15.82,1.09,6.44,1.19,2.24,0.12,5.98,17.95,True,Medium,Hub B,False,True,1.0,Resell
CON-101371,Pallet,Plastic,6.16,2,3,None,Safe,88.92,None,False,0.0,9.46,44.65,1.31,6.54,3.74,2.34,0.12,6.41,19.22,True,Low,Hub B,True,True,1.0,Resell
CON-101372,Pallet,Plastic,5.08,21,68,Medium,Moderate Damage,79.85,None,True,9.27,17.32,30.42,1.07,6.27,1.11,2.07,0.1,5.28,15.85,True,Medium,Terminal E,False,True,1.0,Resell
CON-101373,Pallet,Plastic,5.21,40,106,High,Moderate Damage,77.52,None,True,21.02,21.47,18.92,0.99,6.3,2.13,2.1,0.1,5.42,16.27,True,Medium,Terminal E,True,False,1.0,Resell
CON-101374,Box,Cardboard,1.59,49,149,High,Moderate Damage,62.02,None,True,7.7,22.85,3.2,0.13,5.4,1.69,1.2,0.03,0.64,1.91,True,Medium,Hub B,True,True,1.0,Resell
CON-101375,Pallet,Wood,18.98,19,38,None,Safe,71.06,None,False,0.0,15.64,36.98,0.0,9.74,5.28,5.54,0.38,3.04,9.11,False,Low,Facility D,False,False,1.0,Resell
CON-101376,Box,Cardboard,1.66,8,16,None,Safe,80.11,None,False,0.0,6.83,12.14,0.13,5.41,3.2,1.21,0.03,0.66,1.99,True,Low,Depot C,True,True,1.0,Resell
CON-101377,Tote,Plastic,5.86,34,66,High,Unsafe,71.18,None,True,21.31,16.92,0.0,1.2,6.47,2.2,2.27,0.12,6.1,18.29,True,High,Depot C,False,True,1.0,Recycle
CON-101378,Box,Plastic,6.54,14,19,Low,Safe,92.85,Organic,False,0.88,5.22,11.44,1.39,6.63,3.78,2.43,0.13,6.8,20.4,True,Low,Hub B,True,True,1.0,Resell
CON-101379,Box,Cardboard,1.37,40,50,Medium,Minor Damage,66.12,None,True,3.28,12.33,6.92,0.12,5.34,0.66,1.14,0.03,0.55,1.64,True,Medium,Terminal E,True,True,1.0,Resell
CON-101380,Pallet,Plastic,6.21,39,133,Low,Minor Damage,56.14,None,False,2.65,27.38,17.29,1.25,6.55,3.75,2.35,0.12,6.46,19.38,True,Low,Hub B,True,False,0.59,Manual_Review
CON-101381,Drum,Plastic,5.78,48,123,High,Moderate Damage,54.21,None,True,50.71,37.17,30.0,1.09,6.45,2.19,2.25,0.12,6.01,18.04,True,Medium,Hub B,True,True,1.0,Resell
CON-101382,Box,Cardboard,1.39,3,4,None,Safe,91.1,Chemical,False,0.0,3.99,15.54,0.12,13.37,3.17,1.15,0.03,0.56,1.67,True,Medium,Terminal E,True,True,1.0,Resell
CON-101383,Drum,Metal,31.92,37,103,Medium,Minor Damage,77.61,None,True,25.9,31.66,49.84,14.89,12.98,4.33,8.78,0.64,70.22,210.67,True,Medium,Facility D,False,True,1.0,Resell
CON-101384,Tote,Plastic,6.92,33,76,Medium,Moderate Damage,64.6,None,True,7.05,18.91,22.31,1.47,6.73,1.33,2.53,0.14,7.19,21.58,True,Medium,Facility D,True,False,1.0,Resell
CON-101385,Tote,Plastic,5.22,30,24,None,Safe,78.64,None,False,0.0,11.6,28.51,0.96,6.31,3.63,2.11,0.1,5.43,16.3,True,Low,Warehouse A,True,True,1.0,Resell
CON-101386,Pallet,Wood,21.74,10,7,Medium,Minor Damage,88.12,None,True,10.95,9.98,41.53,0.0,10.43,3.11,6.23,0.43,3.48,10.43,False,Medium,Warehouse A,False,True,1.0,Resell
CON-101387,Box,Plastic,7.09,31,61,Medium,Minor Damage,68.28,None,True,3.15,13.11,8.39,1.38,6.77,1.35,2.57,0.14,7.37,22.11,True,Medium,Terminal E,True,True,1.0,Resell
CON-101388,Tote,Plastic,6.86,53,68,None,Safe,67.76,None,False,0.0,17.64,13.27,1.36,6.71,3.82,2.51,0.14,7.13,21.39,True,Low,Facility D,True,True,1.0,Resell
CON-101389,Crate,Metal,29.03,55,115,Medium,Minor Damage,60.77,None,True,17.03,29.38,16.89,13.58,12.26,3.98,8.06,0.58,63.86,191.58,True,Medium,Warehouse A,True,True,1.0,Resell
CON-101390,Drum,Plastic,6.63,40,124,None,Safe,71.05,None,False,0.0,34.74,41.8,1.28,6.66,3.8,2.46,0.13,6.9,20.69,True,Low,Terminal E,True,True,1.0,Resell
CON-101391,Drum,Metal,33.17,48,66,Critical,Unsafe,69.42,None,True,99.76,29.19,0.0,17.01,13.29,6.98,9.09,0.66,72.97,218.91,True,High,Hub B,False,True,1.0,Recycle
CON-101392,Crate,Wood,22.12,37,87,High,Unsafe,81.95,None,True,40.06,23.41,0.0,0.0,10.53,4.15,6.33,0.44,3.54,10.62,False,High,Facility D,True,True,1.0,Dispose
CON-101393,Crate,Metal,31.41,37,50,High,Unsafe,87.74,None,True,40.36,18.84,0.0,16.66,12.85,5.27,8.65,0.63,69.11,207.33,True,High,Depot C,True,True,1.0,Recycle
CON-101394,Crate,Plastic,6.05,41,62,Critical,Unsafe,65.61,Hazardous,True,68.9,23.36,0.0,0.0,39.07,3.73,2.31,0.12,6.29,18.86,False,High,Facility D,True,False,1.0,Dispose
CON-101395,Crate,Plastic,5.56,51,118,High,Unsafe,50.12,Hazardous,True,31.26,31.28,0.0,0.0,38.34,2.17,2.19,0.11,5.78,17.34,False,High,Warehouse A,True,True,1.0,Dispose
CON-101396,Drum,Metal,28.76,19,41,Low,Safe,91.26,None,False,5.45,23.41,88.14,15.34,12.19,6.45,7.99,0.58,63.27,189.82,True,Low,Depot C,True,True,0.85,Resell
CON-101397,Pallet,Wood,18.64,20,50,Low,Safe,71.43,None,False,2.26,16.78,36.66,0.0,9.66,5.24,5.46,0.37,2.98,8.95,False,Low,Warehouse A,True,True,1.0,Resell
CON-101398,Pallet,Plastic,6.69,59,31,None,Safe,87.41,None,False,0.0,12.49,18.03,1.4,6.67,3.8,2.47,0.13,6.96,20.88,True,Low,Facility D,True,False,1.0,Resell
CON-101399,Crate,Metal,26.44,59,200,Critical,Unsafe,48.38,None,True,61.5,39.74,0.0,13.39,11.61,6.17,7.41,0.53,58.17,174.5,True,High,Facility D,True,True,1.0,Recycle
CON-101400,Box,Plastic,6.99,59,32,Medium,Minor Damage,77.68,Organic,True,3.45,8.8,4.84,1.48,6.75,1.34,2.55,0.14,7.27,21.82,True,Medium,Warehouse A,True,True,1.0,Resell
CON-101401,Box,Cardboard,1.34,59,81,High,Unsafe,79.85,Chemical,True,5.52,13.37,0.0,0.11,13.34,1.66,1.13,0.03,0.54,1.61,True,High,Depot C,False,False,1.0,Recycle
CON-101402,Drum,Plastic,5.2,3,4,Low,Safe,95.7,Chemical,False,6.27,19.05,124.91,1.03,15.75,3.62,2.1,0.1,5.4,16.21,True,Medium,Facility D,True,True,1.0,Resell
CON-101403,Pallet,Wood,17.0,1,1,Medium,Minor Damage,71.84,None,True,9.18,11.82,50.86,0.0,9.25,2.54,5.05,0.34,2.72,8.16,False,Medium,Warehouse A,True,True,1.0,Resell
CON-101404,Crate,Metal,27.46,51,75,Medium,Minor Damage,66.98,None,True,13.42,24.45,26.25,14.62,11.87,3.8,7.67,0.55,60.42,181.26,True,Medium,Hub B,True,True,0.83,Resell
CON-101405,Crate,Plastic,6.55,14,11,None,Safe,97.7,None,False,0.0,13.44,63.68,1.21,6.64,3.79,2.44,0.13,6.81,20.43,True,Low,Hub B,True,True,1.0,Resell
CON-101406,Pallet,Wood,21.07,30,59,Medium,Moderate Damage,65.03,None,True,10.18,18.65,29.31,0.0,10.27,3.03,6.07,0.42,3.37,10.11,False,Medium,Hub B,True,False,1.0,Resell
CON-101407,Tote,Plastic,5.21,38,95,Medium,Minor Damage,60.56,None,True,8.68,21.42,16.67,1.0,6.3,1.13,2.1,0.1,5.42,16.26,True,Medium,Facility D,True,False,1.0,Resell
CON-101408,Box,Plastic,4.96,22,71,Medium,Minor Damage,74.9,None,True,2.71,13.11,9.76,0.98,6.24,1.1,2.04,0.1,5.16,15.47,True,Medium,Depot C,False,True,1.0,Resell
CON-101409,Crate,Wood,18.38,56,116,None,Safe,73.44,None,False,0.0,27.58,17.6,0.0,9.6,5.21,5.4,0.37,2.94,8.82,False,Low,Facility D,True,True,1.0,Resell
CON-101410,Tote,Plastic,5.28,19,57,High,Moderate Damage,87.5,None,True,18.08,13.57,26.34,0.96,6.32,2.13,2.12,0.11,5.49,16.47,True,Medium,Hub B,True,False,1.0,Resell
CON-101411,Box,Cardboard,1.34,42,86,Medium,Minor Damage,69.99,None,True,2.97,15.35,5.55,0.11,5.34,0.66,1.14,0.03,0.54,1.61,True,Medium,Hub B,True,True,1.0,Resell
CON-101412,Drum,Metal,24.12,53,114,Medium,Minor Damage,67.72,None,True,20.94,34.24,26.5,11.93,11.03,3.39,6.83,0.48,53.05,159.16,True,Medium,Depot C,False,True,1.0,Resell
CON-101413,Crate,Metal,26.72,52,151,High,Moderate Damage,66.75,None,True,30.35,32.09,14.42,13.16,11.68,4.71,7.48,0.53,58.78,176.33,True,Medium,Facility D,True,True,1.0,Resell
CON-101414,Box,Plastic,5.86,25,82,Medium,Moderate Damage,65.93,None,True,2.77,15.56,8.03,1.1,6.47,1.2,2.27,0.12,6.1,18.29,True,Medium,Facility D,True,False,1.0,Resell
CON-101415,Drum,Plastic,5.43,58,88,Medium,Minor Damage,61.72,None,True,24.31,32.54,27.01,1.1,6.36,1.15,2.16,0.11,5.65,16.94,True,Medium,Facility D,True,False,0.86,Resell
CON-101416,Crate,Wood,16.76,6,12,None,Safe,77.69,None,False,0.0,16.55,70.21,0.0,9.19,5.01,4.99,0.34,2.68,8.05,False,Low,Depot C,True,True,1.0,Resell
CON-101417,Tote,Plastic,6.29,58,175,Medium,Moderate Damage,47.51,Organic,True,8.2,31.37,3.95,1.35,6.57,1.25,2.37,0.13,6.54,19.61,True,Medium,Facility D,True,False,1.0,Resell
CON-101418,Tote,Plastic,6.82,4,4,Critical,Unsafe,85.97,None,True,37.14,8.5,0.0,1.39,6.71,3.82,2.51,0.14,7.1,21.29,True,High,Warehouse A,True,True,1.0,Recycle
CON-101419,Pallet,Plastic,6.96,30,16,Medium,Moderate Damage,74.28,None,True,11.66,12.96,33.59,1.33,6.74,1.33,2.54,0.14,7.24,21.71,True,Medium,Depot C,True,True,1.0,Resell
CON-101420,Drum,Metal,30.28,26,89,Low,Safe,79.71,None,False,6.33,29.94,70.49,14.26,12.57,6.63,8.37,0.61,66.61,199.83,True,Low,Terminal E,True,True,1.0,Resell
CON-101421,Box,Cardboard,1.57,32,96,High,Moderate Damage,72.55,Chemical,True,6.96,15.97,7.93,0.13,13.48,1.69,1.19,0.03,0.63,1.88,True,Medium,Warehouse A,True,True,1.0,Resell
CON-101422,Crate,Plastic,5.15,56,99,Medium,Moderate Damage,62.64,None,True,17.85,27.5,18.28,0.95,6.29,1.12,2.09,0.1,5.36,16.08,True,Medium,Depot C,True,True,1.0,Refurbish
CON-101423,Pallet,Wood,21.39,2,5,Medium,Minor Damage,95.34,None,True,10.34,8.7,45.99,0.0,10.35,3.07,6.15,0.43,3.42,10.27,False,Medium,Warehouse A,True,False,1.0,Resell
CON-101424,Drum,Plastic,5.12,56,80,Medium,Minor Damage,76.7,None,True,24.71,29.5,33.11,1.06,6.28,1.11,2.08,0.1,5.33,15.98,True,Medium,Depot C,True,False,1.0,Resell
CON-101425,Crate,Wood,23.03,20,22,Low,Minor Damage,89.4,None,False,3.75,15.79,55.27,0.0,10.76,5.76,6.56,0.46,3.69,11.06,False,Low,Terminal E,False,True,1.0,Resell
CON-101426,Drum,Metal,26.6,23,46,None,Safe,73.75,Organic,False,0.0,26.54,76.62,12.62,11.65,6.19,7.45,0.53,58.53,175.59,True,Low,Terminal E,True,True,1.0,Resell
CON-101427,Drum,Metal,28.4,19,35,None,Safe,90.42,None,False,0.0,22.94,85.86,13.88,12.1,6.41,7.9,0.57,62.48,187.44,True,Low,Facility D,True,False,1.0,Resell
CON-101428,Crate,Wood,16.81,19,23,None,Safe,75.6,None,False,0.0,17.96,65.26,0.0,9.2,5.02,5.0,0.34,2.69,8.07,False,Low,Hub B,False,True,1.0,Resell
CON-101429,Pallet,Plastic,7.19,42,68,None,Safe,76.11,None,False,0.0,17.88,21.09,1.35,6.8,3.86,2.6,0.14,7.48,22.44,True,Low,Warehouse A,False,True,1.0,Resell
CON-101430,Drum,Metal,24.42,7,16,Medium,Moderate Damage,68.03,None,True,27.76,24.4,103.95,11.81,11.1,3.43,6.9,0.49,53.72,161.17,True,Medium,Depot C,False,True,1.0,Resell
CON-101431,Box,Cardboard,1.31,36,77,Critical,Unsafe,69.89,None,True,11.55,14.47,0.0,0.1,5.33,3.16,1.13,0.03,0.53,1.58,True,High,Hub B,False,True,1.0,Recycle
CON-101432,Tote,Plastic,5.43,17,42,Low,Minor Damage,88.12,None,False,1.78,11.98,31.36,1.05,6.36,3.65,2.16,0.11,5.65,16.95,True,Low,Hub B,True,False,1.0,Resell
CON-101433,Drum,Plastic,5.77,45,124,Medium,Minor Damage,58.11,None,True,24.35,36.68,33.87,1.24,6.44,1.19,2.24,0.12,6.0,17.99,True,Medium,Terminal E,False,True,1.0,Resell
CON-101434,Crate,Wood,22.85,16,47,None,Safe,74.47,None,False,0.0,20.53,64.37,0.0,10.71,5.74,6.51,0.46,3.66,10.97,False,Low,Hub B,False,True,1.0,Resell
CON-101435,Box,Plastic,6.73,36,124,Critical,Unsafe,52.47,Chemical,True,14.39,21.78,0.0,1.42,16.71,3.81,2.48,0.13,7.0,21.01,True,High,Warehouse A,True,True,1.0,Recycle
CON-101436,Tote,Plastic,6.02,14,30,Medium,Moderate Damage,74.44,None,True,8.04,12.83,31.1,1.26,6.5,1.22,2.3,0.12,6.26,18.77,True,Medium,Hub B,False,True,1.0,Resell
CON-101437,Crate,Wood,17.86,1,2,Medium,Minor Damage,71.34,None,True,16.08,16.5,76.5,0.0,9.47,2.64,5.27,0.36,2.86,8.57,False,Medium,Facility D,True,True,1.0,Resell
CON-101438,Crate,Plastic,6.69,3,9,Low,Safe,78.54,None,False,4.59,16.12,71.14,1.44,6.67,3.8,2.47,0.13,6.96,20.87,True,Low,Terminal E,True,True,1.0,Resell
CON-101439,Crate,Plastic,4.96,4,10,Low,Minor Damage,77.32,None,False,3.64,16.4,80.3,1.0,6.24,3.6,2.04,0.1,5.16,15.47,True,Low,Hub B,True,True,1.0,Resell
CON-101440,Tote,Plastic,4.94,31,81,Low,Minor Damage,80.84,Organic,False,1.72,16.97,21.69,1.04,6.24,3.59,2.04,0.1,5.14,15.42,True,Low,Terminal E,False,True,1.0,Resell
CON-101441,Drum,Metal,32.93,17,52,Low,Minor Damage,83.46,None,False,4.99,25.68,81.5,16.45,13.23,6.95,9.03,0.66,72.45,217.36,True,Low,Depot C,True,True,1.0,Resell
CON-101442,Pallet,Wood,19.35,7,14,None,Safe,96.14,Chemical,False,0.0,9.48,43.35,0.0,24.6,5.32,5.64,0.39,3.1,9.29,False,Medium,Terminal E,False,True,1.0,Resell
CON-101443,Drum,Metal,25.79,26,47,Low,Safe,88.92,None,False,6.67,24.36,84.19,11.69,11.45,6.1,7.25,0.52,56.74,170.23,True,Low,Depot C,True,True,1.0,Resell
CON-101444,Pallet,Wood,20.57,13,22,Medium,Minor Damage,95.3,None,True,10.42,10.4,41.01,0.0,10.14,2.97,5.94,0.41,3.29,9.87,False,Medium,Warehouse A,True,True,1.0,Resell
CON-101445,Tote,Plastic,4.86,30,34,None,Safe,,None,False,0.0,10.82,26.56,0.88,6.22,3.58,2.02,0.1,5.06,15.17,True,Low,Facility D,True,True,1.0,Resell
CON-101446,Drum,Metal,32.92,31,97,High,Unsafe,65.73,None,True,43.74,32.84,0.0,17.52,13.23,5.45,9.03,0.66,72.42,217.26,True,High,Depot C,True,True,1.0,Recycle
CON-101447,Drum,Metal,30.83,36,105,Low,Safe,64.78,Organic,False,5.42,33.78,46.5,14.63,12.71,6.7,8.51,0.62,67.83,203.5,True,Low,Warehouse A,True,True,1.0,Resell
CON-101448,Pallet,Wood,18.88,6,14,Low,Safe,92.88,None,False,2.91,9.97,42.69,0.0,9.72,5.27,5.52,0.38,3.02,9.06,False,Low,Depot C,True,True,1.0,Resell
CON-101449,Box,Plastic,5.53,53,97,Medium,Moderate Damage,54.1,None,True,2.43,18.83,4.04,1.15,6.38,1.16,2.18,0.11,5.75,17.26,True,Medium,Facility D,True,True,1.0,Resell
CON-101450,Drum,Plastic,4.99,30,69,None,Safe,64.59,None,False,0.0,30.21,61.02,1.09,6.25,3.6,2.05,0.1,5.19,15.57,True,Low,Hub B,True,True,1.0,Resell
CON-101451,Tote,Plastic,5.07,3,2,None,Safe,82.35,None,False,0.0,8.85,35.63,1.11,6.27,3.61,2.07,0.1,5.27,15.81,True,Low,Terminal E,True,True,1.0,Resell
CON-101452,Drum,Plastic,6.56,52,109,Medium,,70.54,None,True,26.8,33.32,31.79,1.42,6.64,1.29,2.44,0.13,6.82,20.46,True,Medium,Terminal E,False,True,1.0,Resell
CON-101453,Box,Cardboard,1.5,18,25,High,Unsafe,94.29,None,True,6.58,5.61,0.0,0.12,5.38,1.68,1.18,0.03,0.6,1.8,True,High,Warehouse A,True,False,1.0,Recycle
CON-101454,Crate,Metal,34.16,9,6,None,Safe,97.49,None,False,0.0,12.98,70.46,17.89,13.54,7.1,9.34,0.68,75.14,225.43,True,Low,Terminal E,True,True,1.0,Resell
CON-101455,Pallet,Wood,22.28,15,20,None,Safe,80.7,None,False,0.0,12.39,38.64,0.0,10.57,5.67,6.37,0.45,3.57,10.7,False,Low,Warehouse A,True,True,1.0,Resell
CON-101456,Drum,Plastic,5.46,12,11,Medium,Minor Damage,92.75,Chemical,True,21.11,20.19,113.21,1.14,15.91,1.16,2.16,0.11,5.68,17.03,True,Medium,Hub B,True,True,1.0,Repair
CON-101457,Pallet,Wood,16.49,2,4,None,Safe,91.74,None,False,0.0,9.14,46.58,0.0,9.12,4.98,4.92,0.33,2.64,7.91,False,Low,Facility D,False,True,1.0,Resell
CON-101458,Box,Cardboard,1.27,8,13,Medium,Minor Damage,96.71,None,True,3.42,4.04,14.63,0.1,5.32,0.65,1.12,0.03,0.51,1.53,True,Medium,Hub B,True,True,1.0,Resell
CON-101459,Drum,Plastic,6.58,40,25,Low,Safe,78.75,None,False,5.52,23.69,69.08,1.44,6.64,3.79,2.44,0.13,6.84,20.52,True,Low,Warehouse A,False,True,1.0,Resell
CON-101460,Box,Cardboard,1.21,39,114,Medium,Moderate Damage,56.67,None,True,2.54,20.15,5.44,0.09,5.3,0.65,1.1,0.02,0.49,1.46,True,Medium,Hub B,False,True,1.0,Resell
CON-101461,Box,Plastic,5.02,39,84,,Unsafe,62.37,None,True,5.78,16.29,0.0,1.02,6.26,2.1,2.06,0.1,5.22,15.67,True,High,Depot C,True,True,1.0,Recycle
CON-101462,Crate,Metal,24.14,24,26,None,Safe,86.47,Organic,False,0.0,16.63,55.63,11.94,11.04,5.9,6.84,0.48,53.12,159.35,True,Low,Facility D,True,True,1.0,Resell
CON-101463,Drum,Plastic,5.86,46,30,Medium,Minor Damage,77.48,Hazardous,True,25.38,24.38,0.0,0.0,38.79,1.2,2.26,0.12,6.09,18.28,False,High,Warehouse A,True,False,1.0,Dispose
CON-101464,Tote,Plastic,7.01,42,49,Medium,Moderate Damage,72.31,None,True,9.5,15.05,20.31,1.3,6.75,1.34,2.55,0.14,7.29,21.87,True,Medium,Facility D,True,True,1.0,Resell
CON-101465,Box,Plastic,5.43,21,67,Medium,Moderate Damage,79.78,None,True,3.16,11.98,10.65,1.02,6.36,1.15,2.16,0.11,5.65,16.94,True,Medium,Depot C,True,True,1.0,Resell
CON-101466,Box,Plastic,5.01,40,31,None,Safe,77.25,None,False,0.0,8.76,7.8,1.01,6.25,3.6,2.05,0.1,5.21,15.63,True,Low,Facility D,True,True,1.0,Resell
CON-101467,Crate,Metal,24.21,43,133,High,Unsafe,69.97,None,True,35.49,29.8,0.0,11.32,11.05,4.41,6.85,0.48,53.27,159.82,True,High,Warehouse A,True,True,1.0,Recycle
CON-101468,Box,Cardboard,1.28,16,33,Medium,Moderate Damage,90.8,None,True,3.45,6.93,10.66,0.11,5.32,0.65,1.12,0.03,0.51,1.53,True,Medium,Hub B,True,False,1.0,Resell
CON-101469,Drum,Metal,28.21,9,5,High,Unsafe,70.6,None,True,43.45,22.91,0.0,14.77,12.05,4.89,7.85,0.56,62.06,186.19,True,High,Facility D,True,True,1.0,Recycle
CON-101470,Crate,Plastic,5.72,3,10,None,Safe,78.35,None,False,0.0,16.25,81.99,1.25,6.43,3.69,2.23,0.11,5.95,17.84,True,Low,Facility D,True,True,1.0,Resell
CON-101471,Box,Cardboard,1.4,1,1,None,Safe,70.88,None,False,0.0,6.72,14.25,0.12,5.35,3.17,1.15,0.03,0.56,1.68,True,Low,Depot C,True,True,1.0,Resell
CON-101472,Drum,Plastic,6.08,11,36,Medium,Minor Damage,70.32,None,True,23.6,26.05,90.82,1.33,6.52,1.23,2.32,0.12,6.33,18.98,True,Medium,Facility D,False,True,1.0,Resell
CON-101473,Drum,Plastic,7.04,51,86,Medium,Minor Damage,57.12,None,True,19.94,33.03,36.45,1.53,6.76,1.34,2.56,0.14,7.32,21.95,True,Medium,Facility D,False,False,1.0,Resell
CON-101474,Crate,Metal,27.52,30,89,Low,Safe,64.85,Chemical,False,3.78,26.17,42.92,12.49,29.7,6.3,7.68,0.55,60.55,181.64,True,Medium,Warehouse A,True,False,1.0,Resell
CON-101475,Pallet,Wood,17.88,56,73,High,Moderate Damage,76.17,None,True,21.77,18.37,14.13,0.0,9.47,3.65,5.27,0.36,2.86,8.58,False,Medium,Facility D,True,True,1.0,Resell
CON-101476,Drum,Plastic,6.25,49,76,Medium,Moderate Damage,77.1,None,True,19.37,29.04,45.41,1.23,6.56,1.25,2.36,0.13,6.5,19.5,True,Medium,Depot C,True,True,1.0,Resell
CON-101477,Tote,Plastic,6.66,35,75,High,Moderate Damage,71.09,None,True,19.21,17.84,18.01,1.26,6.66,2.3,2.46,0.13,6.92,20.77,True,Medium,Hub B,True,False,1.0,Resell
CON-101478,Tote,Plastic,6.54,34,69,Medium,Moderate Damage,70.09,Organic,True,7.7,17.39,22.94,1.4,6.63,1.28,2.43,0.13,6.8,20.4,True,Medium,Warehouse A,True,True,1.0,Resell
CON-101479,Pallet,Wood,17.29,57,91,Low,Safe,62.1,None,False,2.8,22.28,11.85,0.0,9.32,5.07,5.12,0.35,2.77,8.3,False,Low,Hub B,True,True,1.0,Resell
CON-101480,Crate,Metal,32.93,34,60,Low,Safe,73.1,None,False,4.37,22.04,39.75,17.69,13.23,6.95,9.03,0.66,72.44,217.32,True,Low,Facility D,True,True,1.0,Resell
CON-101481,Pallet,Wood,20.76,36,107,Medium,Minor Damage,76.19,Chemical,True,8.13,21.77,22.61,0.0,25.47,2.99,5.99,0.42,3.32,9.96,False,Medium,Warehouse A,True,True,1.0,Resell
CON-101482,Box,Cardboard,1.26,45,89,High,Moderate Damage,64.51,None,True,7.16,16.47,5.54,0.1,5.32,1.65,1.12,0.03,0.51,1.52,True,Medium,Warehouse A,False,True,1.0,Resell
CON-101483,Tote,Plastic,6.53,17,13,Medium,Moderate Damage,72.04,None,True,9.03,11.49,33.04,1.26,6.63,1.28,2.43,0.13,6.79,20.38,True,Medium,Depot C,True,True,1.0,Resell
CON-101484,Crate,Wood,18.7,11,28,High,Moderate Damage,80.22,None,True,36.41,17.77,62.27,0.0,9.68,3.74,5.48,0.37,2.99,8.98,False,Medium,Facility D,True,True,1.0,Resell
CON-101485,Box,Cardboard,1.48,27,22,None,Safe,79.02,None,False,0.0,7.6,10.31,0.13,5.37,3.18,1.17,0.03,0.59,1.78,True,Low,Facility D,True,True,1.0,Resell
CON-101486,Tote,Plastic,5.4,32,90,High,Moderate Damage,67.45,None,True,14.69,19.88,21.35,1.16,6.35,2.15,2.15,0.11,5.62,16.86,True,Medium,Terminal E,True,True,1.0,Resell
CON-101487,Box,Plastic,6.68,30,93,Low,Safe,80.96,None,False,0.8,14.41,7.94,1.28,6.67,3.8,2.47,0.13,6.95,20.85,True,Low,Hub B,True,True,1.0,Resell
CON-101488,Box,Plastic,6.2,51,177,High,Unsafe,48.06,None,True,6.1,27.74,0.0,1.28,6.55,2.24,2.35,0.12,6.45,19.36,True,High,Warehouse A,False,True,1.0,Recycle
CON-101489,Crate,Wood,19.5,45,38,Medium,Moderate Damage,71.49,Chemical,True,18.84,20.08,41.25,0.0,24.68,2.84,5.67,0.39,3.12,9.36,False,Medium,Warehouse A,True,True,1.0,Resell
CON-101490,Crate,Wood,19.11,1,1,Low,Safe,93.27,None,False,4.77,13.11,76.89,0.0,9.78,5.29,5.58,0.38,3.06,9.17,False,Low,Terminal E,True,True,1.0,Resell
CON-101491,Box,Cardboard,1.55,19,40,Medium,Moderate Damage,76.9,None,True,2.41,9.72,10.34,0.13,5.39,0.69,1.19,0.03,0.62,1.86,True,Medium,Facility D,True,True,1.0,Resell
CON-101492,Pallet,Wood,18.95,5,8,Low,Minor Damage,75.49,Chemical,False,2.99,11.98,48.7,0.0,24.34,5.27,5.54,0.38,3.03,9.09,False,Medium,Depot C,False,True,1.0,Resell
CON-101493,Tote,Plastic,5.36,36,27,None,Safe,84.82,None,False,0.0,10.98,24.94,1.15,6.34,3.64,2.14,0.11,5.57,16.72,True,Low,Depot C,False,True,1.0,Resell
CON-101494,Drum,Plastic,6.85,8,11,Medium,Minor Damage,81.25,Organic,True,26.54,21.91,103.9,1.47,6.71,1.32,2.51,0.14,7.13,21.38,True,Medium,Hub B,True,True,1.0,Resell
CON-101495,Box,Cardboard,1.34,24,67,Low,Minor Damage,71.4,None,False,0.68,13.24,9.09,0.1,5.34,3.16,1.14,0.03,0.54,1.61,True,Low,Warehouse A,False,True,1.0,Resell
CON-101496,Pallet,Plastic,6.69,28,77,Medium,Moderate Damage,61.45,None,True,9.85,20.98,27.86,1.24,6.67,1.3,2.47,0.13,6.96,20.87,True,Medium,Depot C,True,True,1.0,Resell
CON-101497,Box,Plastic,5.09,25,72,None,Safe,69.65,Organic,False,0.0,14.0,9.35,0.96,6.27,3.61,2.07,0.1,5.3,15.89,True,Low,Warehouse A,True,True,1.0,Resell
CON-101498,Pallet,Wood,22.21,57,104,Low,Safe,53.98,None,False,2.32,24.8,11.11,0.0,10.55,5.67,6.35,0.44,3.55,10.66,False,Low,Facility D,True,True,1.0,Resell
CON-101499,Crate,Plastic,6.65,26,66,Low,Minor Damage,57.36,Organic,False,3.5,25.0,52.47,1.33,6.66,3.8,2.46,0.13,6.92,20.75,True,Low,Depot C,True,True,1.0,Resell
CON-101500,Box,Plastic,6.37,25,63,Medium,Minor Damage,73.05,None,True,3.4,12.59,8.55,1.2,6.59,1.26,2.39,0.13,6.62,19.86,True,Medium,Depot C,True,False,1.0,Resell
CON-101501,Drum,Metal,28.3,9,10,None,Safe,76.34,None,False,0.0,22.55,113.97,14.45,12.07,6.4,7.87,0.57,62.25,186.76,True,Low,Facility D,True,True,1.0,Resell
CON-101502,Drum,Metal,26.12,45,67,Medium,Moderate Damage,63.28,None,True,22.53,30.21,47.52,11.82,11.53,3.63,7.33,0.52,57.46,172.37,True,Medium,Terminal E,True,True,1.0,Resell
CON-101503,Box,Plastic,6.23,29,51,High,Unsafe,66.5,None,True,7.24,12.37,0.0,1.31,6.56,2.25,2.36,0.12,6.48,19.44,True,High,Facility D,False,True,1.0,Recycle
CON-101504,Tote,Plastic,6.0,22,33,Low,Safe,80.31,None,False,2.16,12.25,26.14,1.09,6.5,3.72,2.3,0.12,6.24,18.72,True,Low,Terminal E,True,True,1.0,Resell
CON-101505,Drum,Metal,29.47,14,14,Low,Safe,91.94,None,False,5.96,20.61,102.7,13.57,12.37,6.54,8.17,0.59,64.82,194.47,True,Low,Warehouse A,False,True,1.0,Resell
CON-101506,Tote,Plastic,7.12,7,12,None,Safe,74.22,None,False,0.0,11.07,33.76,1.53,6.78,3.85,2.58,0.14,7.41,22.23,True,Low,Depot C,True,True,1.0,Resell
CON-101507,Tote,Plastic,4.88,12,39,Low,Minor Damage,63.54,None,False,2.07,15.37,28.92,1.04,6.22,3.59,2.02,0.1,5.07,15.22,True,Low,Hub B,True,True,1.0,Resell
CON-101508,Tote,Plastic,5.03,57,74,Medium,Moderate Damage,77.14,None,True,6.59,16.83,12.02,1.02,6.26,1.1,2.06,0.1,5.23,15.69,True,Medium,Warehouse A,False,True,1.0,Resell
CON-101509,Pallet,Wood,19.2,13,23,None,Safe,68.75,None,False,0.0,14.49,42.73,0.0,9.8,5.3,5.6,0.38,3.07,9.22,False,Low,Warehouse A,True,False,1.0,Resell
CON-101510,Drum,Metal,27.05,18,29,None,Safe,68.62,None,False,0.0,25.61,98.08,13.36,11.76,6.25,7.56,0.54,59.5,178.5,True,Low,Terminal E,True,True,1.0,Resell
CON-101511,Tote,Plastic,6.1,37,22,Low,Minor Damage,72.91,None,False,1.65,12.26,22.62,1.31,6.52,3.73,2.32,0.12,6.34,19.02,True,Low,Terminal E,True,True,1.0,Resell
CON-101512,Tote,Plastic,5.11,45,43,None,Safe,85.99,None,False,0.0,12.4,19.9,0.95,6.28,3.61,2.08,0.1,5.31,15.93,True,Low,Terminal E,True,True,1.0,Resell
CON-101513,Crate,Metal,33.81,4,3,High,Unsafe,77.84,None,True,38.1,15.62,0.0,18.0,13.45,5.56,9.25,0.68,74.37,223.11,True,High,Facility D,True,False,1.0,Recycle
CON-101514,Crate,Wood,20.7,17,40,Low,Minor Damage,91.3,None,False,4.01,17.31,62.67,0.0,10.18,5.48,5.98,0.41,3.31,9.94,False,Low,Terminal E,False,True,1.0,Resell
CON-101515,Drum,Plastic,6.61,55,171,Low,Safe,64.46,None,False,6.52,40.43,11.69,1.22,6.65,3.79,2.45,0.13,6.87,20.62,True,Low,Hub B,True,True,1.0,Resell
CON-101516,Crate,Plastic,6.92,16,37,Medium,Moderate Damage,84.83,None,True,13.02,17.98,62.17,1.31,6.73,1.33,2.53,0.14,7.19,21.58,True,Medium,Hub B,True,True,1.0,Resell
CON-101517,Pallet,Wood,18.86,3,2,None,Safe,72.42,None,False,0.0,11.84,51.25,0.0,9.72,5.26,5.52,0.38,3.02,9.05,False,Low,Depot C,True,True,1.0,Resell
CON-101518,Crate,Plastic,5.59,46,117,Medium,Minor Damage,69.82,Hazardous,True,16.03,28.23,0.0,0.0,38.38,1.17,2.2,0.11,5.81,17.44,False,High,Terminal E,True,True,1.0,Dispose
CON-101519,Pallet,Wood,23.0,19,57,None,Safe,61.03,None,False,0.0,19.05,35.44,0.0,10.75,5.76,6.55,0.46,3.68,11.04,False,Low,Hub B,True,False,0.73,Manual_Review
CON-101520,Tote,Plastic,5.09,54,183,Low,Minor Damage,40.82,Chemical,False,2.3,33.18,3.67,0.93,15.68,3.61,2.07,0.1,5.3,15.89,True,Medium,Depot C,False,True,1.0,Resell
CON-101521,Tote,Plastic,7.08,8,7,None,Safe,86.56,None,False,0.0,8.72,33.16,1.41,6.77,3.85,2.57,0.14,7.37,22.1,True,Low,Terminal E,True,True,1.0,Resell
CON-101522,Drum,Metal,31.14,56,73,Medium,Minor Damage,68.41,None,True,22.48,30.04,38.11,17.09,12.79,4.24,8.59,0.62,68.52,205.55,True,Medium,Warehouse A,True,True,1.0,Resell
CON-101523,Pallet,Wood,19.85,15,40,Low,Safe,63.68,None,False,2.27,16.95,41.23,0.0,9.96,5.38,5.76,0.4,3.18,9.53,False,Low,Depot C,True,False,1.0,Resell
CON-101524,Drum,Metal,34.77,10,26,None,Safe,91.19,None,False,0.0,21.92,108.04,16.44,13.69,7.17,9.49,0.7,76.49,229.47,True,Low,Warehouse A,True,False,1.0,Resell
CON-101525,Pallet,Plastic,4.95,11,28,None,Safe,83.79,None,False,0.0,12.73,39.45,0.96,6.24,3.59,2.04,0.1,5.14,15.43,True,Low,Warehouse A,True,True,1.0,Resell
CON-101526,Pallet,Wood,20.66,7,9,None,Safe,82.68,None,False,0.0,11.0,45.07,0.0,10.16,5.48,5.96,0.41,3.3,9.91,False,Low,Terminal E,False,True,1.0,Resell
CON-101527,Pallet,Plastic,6.46,17,52,Medium,Minor Damage,,Chemical,True,8.95,18.63,36.31,1.37,16.54,1.28,2.42,0.13,6.72,20.16,True,Medium,Depot C,True,False,1.0,Resell
CON-101528,Box,Plastic,6.65,31,61,Medium,Moderate Damage,73.02,None,True,3.09,12.4,8.32,1.45,6.66,1.3,2.46,0.13,6.92,20.75,True,Medium,Hub B,True,False,1.0,Resell
CON-101529,Crate,Wood,18.86,40,133,Low,Safe,63.19,Chemical,False,4.26,30.82,27.88,0.0,24.29,5.26,5.52,0.38,3.02,9.05,False,Medium,Facility D,True,True,1.0,Resell
CON-101530,Tote,Plastic,6.56,34,36,None,,63.62,None,False,0.0,15.06,22.68,1.3,6.64,3.79,2.44,0.13,6.83,20.48,True,Low,Facility D,True,True,1.0,Dispose
CON-101531,Crate,Plastic,5.96,43,96,Medium,Minor Damage,69.93,None,True,18.32,26.11,32.8,1.22,6.49,1.21,2.29,0.12,6.2,18.59,True,Medium,Depot C,True,True,1.0,Resell
CON-101532,Tote,Plastic,5.21,56,86,Medium,Minor Damage,66.8,None,True,8.95,19.58,10.4,1.13,6.3,1.13,2.1,0.1,5.42,16.27,True,Medium,Facility D,True,True,1.0,Resell
CON-101533,Pallet,Plastic,6.91,42,22,None,Safe,71.81,Chemical,False,0.0,13.93,25.44,1.32,16.82,3.83,2.53,0.14,7.19,21.57,True,Medium,Depot C,True,False,0.51,Manual_Review
CON-101534,Drum,Plastic,5.21,45,82,Low,Safe,71.3,None,False,7.0,30.5,41.69,1.12,6.3,3.63,2.1,0.1,5.42,16.25,True,Low,Warehouse A,True,True,1.0,Resell
CON-101535,Crate,Metal,24.47,46,54,Medium,Minor Damage,87.7,None,True,16.48,19.24,36.36,11.61,11.12,3.44,6.92,0.49,53.84,161.52,True,Medium,Hub B,True,True,1.0,Resell
CON-101536,Box,Cardboard,1.77,15,24,None,Safe,74.36,None,False,0.0,8.5,11.84,0.13,5.44,3.21,1.24,0.04,0.71,2.12,True,Low,Terminal E,True,True,1.0,Resell
CON-101537,Drum,Plastic,5.76,60,153,High,Unsafe,44.47,Organic,True,64.27,41.63,0.0,1.24,6.44,2.19,2.24,0.12,5.99,17.97,True,High,Facility D,True,True,1.0,Recycle
CON-101538,Crate,Wood,16.12,21,24,High,,89.2,None,True,35.2,16.02,58.45,0.0,9.03,3.43,4.83,0.32,2.58,7.74,False,Medium,Facility D,True,True,1.0,Resell
CON-101539,Pallet,Plastic,5.08,42,139,Low,Minor Damage,63.71,Chemical,False,2.44,26.84,13.87,0.94,15.67,3.61,2.07,0.1,5.28,15.83,True,Medium,Hub B,True,True,1.0,Resell
CON-101540,Crate,Wood,23.32,13,24,Medium,Moderate Damage,81.1,Organic,True,16.15,17.23,70.95,0.0,10.83,3.3,6.63,0.47,3.73,11.2,False,Medium,Facility D,False,True,1.0,Resell
CON-101541,Crate,Metal,27.51,40,136,Medium,Moderate Damage,46.4,None,True,15.83,33.64,27.86,14.74,11.88,3.8,7.68,0.55,60.52,181.55,True,Medium,Warehouse A,False,True,1.0,Resell
CON-101542,Drum,Metal,26.07,45,47,Medium,Minor Damage,81.99,None,True,22.15,25.4,51.65,13.74,11.52,3.63,7.32,0.52,57.35,172.06,True,Medium,Warehouse A,False,True,1.0,Resell
CON-101543,Crate,Wood,20.01,25,55,Medium,Moderate Damage,71.89,None,True,13.86,21.72,56.29,0.0,10.0,2.9,5.8,0.4,3.2,9.6,False,Medium,Depot C,True,True,1.0,Resell
CON-101544,Drum,Metal,27.37,30,30,Low,Minor Damage,71.98,None,False,6.37,25.2,73.21,15.0,11.84,6.28,7.64,0.55,60.22,180.65,True,Low,Warehouse A,True,True,1.0,Resell
CON-101545,Crate,Plastic,6.58,18,18,Low,Minor Damage,74.62,Chemical,False,4.45,17.61,59.39,1.34,16.61,3.79,2.45,0.13,6.84,20.53,True,Medium,Warehouse A,True,True,1.0,Resell
CON-101546,Drum,Metal,27.66,55,134,Medium,Moderate Damage,51.09,None,True,23.57,38.74,20.94,15.09,11.91,3.82,7.71,0.55,60.84,182.53,True,Medium,Terminal E,True,True,1.0,Resell
CON-101547,Drum,Metal,30.51,29,87,Low,Minor Damage,56.25,None,False,5.79,33.26,61.19,15.15,12.63,6.66,8.43,0.61,67.11,201.34,True,Low,Facility D,True,True,1.0,Resell
CON-101548,Box,Plastic,6.38,57,147,Critical,Unsafe,46.11,None,True,13.11,25.03,0.0,1.39,6.6,3.77,2.4,0.13,6.64,19.91,True,High,Hub B,False,True,1.0,Recycle
CON-101549,Pallet,Wood,16.09,34,48,None,Safe,69.47,None,False,0.0,16.88,29.04,0.0,9.02,4.93,4.82,0.32,2.57,7.72,False,Low,Terminal E,False,True,1.0,Resell
CON-101550,Drum,Plastic,4.88,58,35,None,Safe,79.67,None,False,0.0,24.55,45.48,0.99,6.22,3.59,2.02,0.1,5.08,15.23,True,Low,Hub B,True,True,1.0,Resell
CON-101551,Pallet,Wood,22.54,31,80,High,Moderate Damage,67.56,None,True,24.61,20.37,24.57,0.0,10.63,4.2,6.43,0.45,3.61,10.82,False,Medium,Facility D,False,True,1.0,Resell
CON-101552,Box,Cardboard,1.66,29,58,Low,Minor Damage,78.53,None,False,0.7,11.27,8.91,0.14,5.42,3.2,1.22,0.03,0.67,2.0,True,Low,Warehouse A,False,True,1.0,Resell
CON-101553,Pallet,Plastic,6.43,11,28,Medium,Moderate Damage,64.78,None,True,11.38,15.58,37.73,1.36,6.61,1.27,2.41,0.13,6.69,20.07,True,Medium,Depot C,True,True,1.0,Resell
CON-101554,Box,Plastic,4.94,42,128,High,Unsafe,51.45,None,True,6.87,22.33,0.0,0.97,6.24,2.09,2.04,0.1,5.14,15.42,True,High,Facility D,True,True,1.0,Recycle
CON-101555,Pallet,Wood,22.1,26,72,Medium,Minor Damage,71.36,None,True,10.32,19.0,32.44,0.0,10.53,3.15,6.33,0.44,3.54,10.61,False,Medium,Hub B,True,False,1.0,Resell
CON-101556,Drum,Metal,30.74,27,70,Medium,Minor Damage,62.82,None,True,20.07,30.58,67.02,16.1,12.69,4.19,8.49,0.61,67.63,202.9,True,Medium,Warehouse A,False,True,1.0,Resell
CON-101557,Tote,Plastic,5.18,14,37,None,Safe,63.43,Organic,False,0.0,15.19,28.84,1.09,6.29,3.62,2.09,0.1,5.39,16.16,True,Low,Depot C,True,False,1.0,Resell
CON-101558,Crate,Metal,31.33,27,49,Medium,Moderate Damage,72.24,None,True,14.98,21.06,46.15,15.78,12.83,4.26,8.63,0.63,68.92,206.75,True,Medium,Hub B,True,True,1.0,Resell
CON-101559,Pallet,Plastic,5.36,59,120,Medium,Moderate Damage,56.24,None,True,8.22,26.06,8.07,1.0,6.34,1.14,2.14,0.11,5.57,16.71,True,Medium,Warehouse A,False,False,1.0,Resell
CON-101560,Box,Plastic,6.32,42,55,Low,Safe,68.67,None,False,0.79,12.45,6.83,1.28,6.58,3.76,2.38,0.13,6.57,19.72,True,Low,Warehouse A,True,True,1.0,Resell
CON-101561,Tote,Plastic,6.96,42,85,None,Safe,82.96,None,False,0.0,17.06,17.84,1.47,6.74,3.84,2.54,0.14,7.24,21.72,True,Low,Warehouse A,False,True,1.0,Resell
CON-101562,Drum,Plastic,4.9,57,36,Medium,Minor Damage,77.4,None,True,24.17,24.99,43.3,1.06,6.23,1.09,2.03,0.1,5.1,15.29,True,Medium,Warehouse A,False,True,1.0,Resell
CON-101563,Tote,Plastic,6.12,42,130,High,Unsafe,49.01,None,True,16.75,26.65,0.0,1.33,6.53,2.23,2.33,0.12,6.37,19.1,True,High,Warehouse A,False,True,1.0,Recycle
CON-101564,Tote,Plastic,7.08,12,29,High,Unsafe,75.26,None,True,17.42,12.61,0.0,1.28,6.77,2.35,2.57,0.14,7.37,22.1,True,High,Terminal E,True,False,1.0,Recycle
CON-101565,Drum,Metal,26.06,31,53,High,Moderate Damage,88.93,None,True,46.08,24.96,63.54,11.77,11.51,4.63,7.31,0.52,57.33,171.98,True,Medium,Terminal E,True,True,1.0,Resell
CON-101566,Pallet,Plastic,5.27,58,182,Critical,Unsafe,55.52,None,True,44.11,32.37,0.0,1.08,6.32,3.63,2.12,0.11,5.48,16.43,True,High,Hub B,True,True,1.0,Recycle
CON-101567,Drum,Metal,24.97,1,2,None,Safe,75.28,None,False,0.0,21.91,128.51,11.59,11.24,6.0,7.04,0.5,54.94,164.83,True,Low,Hub B,True,True,1.0,Resell
CON-101568,Pallet,Wood,19.67,16,8,Medium,Moderate Damage,81.3,None,True,11.27,11.1,40.42,0.0,9.92,2.86,5.72,0.39,3.15,9.44,False,Medium,Warehouse A,True,False,1.0,Resell
CON-101569,Box,Cardboard,1.75,19,23,Low,Minor Damage,91.41,None,False,0.81,5.84,12.07,0.13,5.44,3.21,1.24,0.04,0.7,2.1,True,Low,Depot C,True,True,1.0,Resell
CON-101570,Tote,Plastic,6.7,50,166,Medium,Minor Damage,37.67,Organic,True,9.05,31.95,7.22,1.28,6.67,1.3,2.47,0.13,6.96,20.89,True,Medium,Terminal E,True,True,1.0,Resell
CON-101571,Drum,Plastic,5.4,24,31,Low,Minor Damage,81.47,None,False,7.11,23.88,92.12,1.02,6.35,3.65,2.15,0.11,5.61,16.84,True,Low,Warehouse A,False,True,1.0,Resell
CON-101572,Tote,Plastic,5.48,5,4,None,Safe,82.19,None,False,0.0,9.07,37.56,1.19,6.37,3.66,2.17,0.11,5.7,17.1,True,Low,Hub B,True,True,1.0,Resell
CON-101573,Tote,Plastic,5.24,27,59,High,Moderate Damage,87.87,None,True,14.92,13.72,24.07,1.04,6.31,2.13,2.11,0.1,5.45,16.36,True,Medium,Terminal E,False,True,1.0,Resell
CON-101574,Tote,Plastic,6.21,48,110,High,Moderate Damage,71.54,None,True,19.69,21.27,12.6,1.33,6.55,2.25,2.35,0.12,6.46,19.38,True,Medium,Facility D,False,True,1.0,Resell
CON-101575,Drum,Metal,27.61,16,20,Low,Safe,94.53,None,False,6.74,20.82,104.59,14.9,11.9,6.31,7.7,0.55,60.75,182.25,True,Low,Hub B,True,True,1.0,Resell
CON-101576,Pallet,Wood,17.24,9,15,Medium,Minor Damage,96.87,None,True,9.19,9.47,40.19,0.0,9.31,2.57,5.11,0.34,2.76,8.27,False,Medium,Facility D,False,True,1.0,Resell
CON-101577,Box,Plastic,6.58,43,50,Low,Safe,63.88,None,False,0.77,12.67,7.38,1.24,6.64,3.79,2.44,0.13,6.84,20.53,True,Low,Warehouse A,True,True,1.0,Resell
CON-101578,Crate,Wood,23.21,54,115,Critical,Unsafe,76.0,None,True,66.23,27.1,0.0,0.0,10.8,5.79,6.6,0.46,3.71,11.14,False,High,Depot C,False,True,1.0,Dispose
CON-101579,Pallet,Plastic,6.98,22,51,High,Moderate Damage,88.13,None,True,21.03,14.38,31.75,1.32,6.75,2.34,2.55,0.14,7.26,21.78,True,Medium,Terminal E,False,True,1.0,Resell
CON-101580,Box,Plastic,6.14,40,68,Medium,Minor Damage,66.93,None,True,2.88,14.01,7.46,1.14,6.54,1.24,2.34,0.12,6.39,19.16,True,Medium,Warehouse A,True,True,1.0,Resell
CON-101581,Box,Plastic,6.28,27,21,None,Safe,78.64,None,False,0.0,7.55,11.31,1.17,6.57,3.75,2.37,0.13,6.53,19.59,True,Low,Depot C,True,True,1.0,Resell
CON-101582,Drum,Plastic,5.09,11,15,None,Safe,77.3,None,False,0.0,22.9,102.83,1.04,6.27,3.61,2.07,0.1,5.29,15.88,True,Low,Facility D,True,True,1.0,Resell
CON-101583,Pallet,Wood,16.59,23,15,High,Unsafe,94.42,None,True,23.97,9.84,0.0,0.0,9.15,3.49,4.95,0.33,2.65,7.96,False,High,Warehouse A,True,True,1.0,Dispose
CON-101584,Tote,Plastic,6.22,34,66,High,Moderate Damage,73.01,None,True,19.67,16.65,19.81,1.32,6.55,2.25,2.35,0.12,6.47,19.4,True,Medium,Depot C,True,True,1.0,Resell
CON-101585,Crate,Plastic,5.84,29,79,Medium,Moderate Damage,58.22,None,True,14.82,26.17,46.58,1.07,6.46,1.2,2.26,0.12,6.07,18.21,True,Medium,Warehouse A,False,True,1.0,Resell
CON-101586,Tote,Plastic,6.69,41,24,None,Safe,92.51,None,False,0.0,9.52,22.53,1.46,6.67,3.8,2.47,0.13,6.95,20.86,True,Low,Hub B,True,True,1.0,Resell
CON-101587,Crate,Wood,20.84,5,10,None,Safe,82.73,None,False,0.0,15.59,72.08,0.0,10.21,5.5,6.01,0.42,3.33,10.0,False,Low,Terminal E,True,True,1.0,Resell
CON-101588,Crate,Plastic,6.52,40,67,Medium,Moderate Damage,79.13,Organic,True,18.7,21.83,38.52,1.19,6.63,1.28,2.43,0.13,6.78,20.35,True,Medium,Facility D,False,True,1.0,Repair
CON-101589,Box,Plastic,5.57,20,17,Medium,Moderate Damage,67.06,None,True,2.7,8.89,12.63,1.21,6.39,1.17,2.19,0.11,5.79,17.36,True,Medium,Terminal E,True,True,1.0,Resell
CON-101590,Pallet,Plastic,5.74,11,30,None,Safe,86.84,None,False,0.0,12.47,40.44,1.22,6.44,3.69,2.24,0.11,5.97,17.92,True,Low,Terminal E,False,True,1.0,Resell
CON-101591,Box,Plastic,6.08,1,0,None,Safe,95.28,None,False,0.0,2.96,15.44,1.12,6.52,3.73,2.32,0.12,6.33,18.98,True,Low,Facility D,True,True,1.0,Resell
CON-101592,Pallet,Wood,18.74,27,24,Low,Safe,67.22,None,False,2.47,14.82,34.82,0.0,9.69,5.25,5.49,0.37,3.0,9.0,False,Low,Depot C,True,False,1.0,Resell
CON-101593,Drum,Plastic,4.9,47,159,Medium,Moderate Damage,38.43,None,True,20.81,43.14,23.11,1.07,6.23,1.09,2.03,0.1,5.1,15.29,True,Medium,Warehouse A,True,False,1.0,Resell
CON-101594,Crate,Wood,16.63,13,33,Medium,Minor Damage,69.08,None,True,13.42,19.94,62.76,0.0,9.16,2.5,4.96,0.33,2.66,7.98,False,Medium,Terminal E,True,False,1.0,Resell
CON-101595,Pallet,Plastic,5.38,43,36,None,Safe,91.83,Organic,False,0.0,12.33,27.36,1.14,6.34,3.65,2.14,0.11,5.59,16.78,True,Low,Hub B,True,True,1.0,Resell
CON-101596,Drum,Metal,29.71,18,28,High,,85.51,None,True,63.91,22.97,0.0,13.54,12.43,5.07,8.23,0.59,65.37,196.1,True,High,Terminal E,True,True,1.0,Recycle
CON-101597,Box,Plastic,5.74,5,14,None,Safe,75.32,None,False,0.0,7.35,14.04,1.13,6.43,3.69,2.23,0.11,5.97,17.9,True,Low,Facility D,False,True,1.0,Resell
CON-101598,Pallet,Plastic,6.49,37,60,High,Moderate Damage,77.1,Organic,True,19.24,16.93,27.93,1.27,6.62,2.28,2.42,0.13,6.75,20.24,True,Medium,Terminal E,True,True,1.0,Resell
CON-101599,Tote,Plastic,4.81,59,98,None,Safe,78.95,None,False,0.0,18.96,9.29,0.88,6.2,3.58,2.0,0.1,5.01,15.02,True,Low,Hub B,True,True,1.0,Resell
CON-101600,Box,Plastic,4.91,47,98,Medium,Minor Damage,60.99,None,True,3.4,17.9,4.94,1.01,6.23,1.09,2.03,0.1,5.1,15.31,True,Medium,Terminal E,True,True,1.0,Resell
CON-101601,Tote,Plastic,7.17,4,11,None,Safe,78.63,Organic,False,0.0,10.31,34.84,1.33,6.79,3.86,2.59,0.14,7.46,22.38,True,Low,Terminal E,True,True,1.0,Resell
CON-101602,Drum,Plastic,6.16,45,103,High,Moderate Damage,53.68,None,True,61.01,35.25,41.89,1.35,6.54,2.24,2.34,0.12,6.41,19.23,True,Medium,Warehouse A,True,False,1.0,Resell
CON-101603,Pallet,Plastic,5.64,53,177,Critical,Unsafe,44.75,None,True,38.65,33.49,0.0,1.16,6.41,3.68,2.21,0.11,5.86,17.59,True,High,Hub B,True,True,1.0,Recycle
CON-101604,Tote,Plastic,6.46,60,89,Medium,Minor Damage,78.47,None,True,8.2,18.13,8.02,1.35,6.62,1.28,2.42,0.13,6.72,20.17,True,Medium,Terminal E,False,True,1.0,Resell
CON-101605,Crate,Plastic,6.63,26,89,Low,Safe,56.19,None,False,4.3,27.47,45.83,1.23,6.66,3.8,2.46,0.13,6.89,20.68,True,Low,Facility D,False,True,1.0,Resell
CON-101606,Box,Cardboard,1.78,27,21,None,Safe,70.59,None,False,0.0,8.76,9.93,0.14,5.45,3.21,1.25,0.04,0.71,2.14,True,Low,Facility D,True,True,1.0,Resell
CON-101607,Drum,Plastic,4.84,13,20,None,Safe,85.02,None,False,0.0,22.25,96.91,0.88,6.21,3.58,2.01,0.1,5.03,15.1,True,Low,Hub B,True,True,1.0,Resell
CON-101608,Box,Plastic,5.99,7,10,None,Safe,87.59,None,False,0.0,5.11,13.49,1.09,6.5,3.72,2.3,0.12,6.23,18.7,True,Low,Hub B,True,True,1.0,Resell
CON-101609,Tote,Plastic,5.54,37,47,Medium,Moderate Damage,61.54,None,True,7.57,16.47,22.43,1.02,6.38,1.16,2.18,0.11,5.76,17.28,True,Medium,Depot C,False,False,1.0,Resell
CON-101610,Box,Cardboard,1.66,60,124,Medium,Moderate Damage,62.16,None,True,2.76,20.33,2.39,0.14,5.41,0.7,1.21,0.03,0.66,1.99,True,Medium,Terminal E,True,True,1.0,Resell
CON-101611,Tote,Plastic,5.27,21,55,None,Safe,81.08,None,False,0.0,14.34,28.13,1.05,6.32,3.63,2.12,0.11,5.48,16.43,True,Low,Terminal E,True,True,1.0,Resell
CON-101612,Pallet,Wood,23.95,45,87,Low,Minor Damage,58.56,Organic,False,2.27,22.42,17.25,0.0,10.99,5.87,6.79,0.48,3.83,11.5,False,Low,Warehouse A,True,False,1.0,Resell
CON-101613,Crate,Plastic,5.97,14,14,None,Safe,76.49,None,False,0.0,16.93,67.94,1.19,6.49,3.72,2.29,0.12,6.21,18.64,True,Low,Hub B,True,False,1.0,Resell
CON-101614,Crate,Wood,17.49,36,117,Low,Minor Damage,69.4,None,False,3.83,28.29,30.3,0.0,9.37,5.1,5.17,0.35,2.8,8.39,False,Low,Facility D,False,False,1.0,Resell
CON-101615,Crate,Wood,19.51,59,71,Medium,Minor Damage,79.08,None,True,14.96,22.24,21.59,0.0,9.88,2.84,5.68,0.39,3.12,9.37,False,Medium,Hub B,True,True,1.0,Resell
CON-101616,Tote,Plastic,5.4,1,0,None,Safe,93.16,None,False,0.0,7.03,41.96,1.08,6.35,3.65,2.15,0.11,5.62,16.86,True,Low,Depot C,True,True,1.0,Resell
CON-101617,Box,Cardboard,1.73,1,2,None,Safe,89.66,None,False,0.0,4.0,14.26,0.13,5.43,3.21,1.23,0.03,0.69,2.08,True,Low,Depot C,True,True,1.0,Resell
CON-101618,Drum,Plastic,5.85,45,104,Medium,Minor Damage,73.15,Chemical,True,20.39,32.43,44.81,1.05,16.15,1.2,2.26,0.12,6.08,18.24,True,Medium,Facility D,True,True,1.0,Resell
CON-101619,Drum,Metal,34.96,32,59,Medium,Moderate Damage,81.65,None,True,23.18,26.65,73.36,18.27,13.74,4.7,9.54,0.7,76.92,230.76,True,Medium,Warehouse A,False,True,1.0,Resell
CON-101620,Box,Plastic,4.81,36,57,Medium,Minor Damage,77.25,None,True,3.14,11.36,7.16,0.9,6.2,1.08,2.0,0.1,5.0,15.0,True,Medium,Terminal E,True,True,1.0,Resell
CON-101621,Box,Plastic,6.7,20,53,Medium,Minor Damage,62.47,None,True,3.21,13.18,9.93,1.44,6.67,1.3,2.47,0.13,6.97,20.9,True,Medium,Facility D,True,False,1.0,Resell
CON-101622,Pallet,Plastic,6.17,1,3,Medium,Moderate Damage,74.49,None,True,8.16,11.63,44.42,1.28,6.54,1.24,2.34,0.12,6.41,19.24,True,Medium,Hub B,True,True,1.0,Resell
CON-101623,Drum,Metal,27.39,29,37,Low,Minor Damage,73.23,None,False,6.05,25.72,71.88,12.92,11.85,6.29,7.65,0.55,60.26,180.79,True,Low,Terminal E,False,False,1.0,Resell
CON-101624,Tote,Plastic,5.42,59,154,Critical,Unsafe,68.17,None,True,39.29,26.17,0.0,1.15,6.35,3.65,2.15,0.11,5.64,16.91,True,High,Warehouse A,True,False,1.0,Recycle
CON-101625,Pallet,Wood,22.59,50,155,Medium,Moderate Damage,62.51,None,True,8.89,28.62,8.8,0.0,10.65,3.21,6.45,0.45,3.61,10.84,False,Medium,Terminal E,True,True,1.0,Resell
CON-101626,Tote,Plastic,6.39,59,47,Low,Minor Damage,73.73,None,False,1.8,14.64,12.23,1.15,6.6,3.77,2.4,0.13,6.64,19.92,True,Low,Warehouse A,True,True,1.0,Resell
CON-101627,Pallet,Wood,23.28,53,120,Medium,Moderate Damage,47.83,None,True,11.31,27.33,11.04,0.0,10.82,3.29,6.62,0.47,3.72,11.17,False,Medium,Hub B,True,True,1.0,Resell
CON-101628,Drum,Metal,34.17,50,100,Medium,Minor Damage,52.73,None,True,23.52,35.09,33.33,17.57,13.54,4.6,9.34,0.68,75.17,225.5,True,Medium,Facility D,True,True,1.0,Resell
CON-101629,Crate,Wood,19.1,4,6,None,Safe,69.18,Organic,False,0.0,17.22,71.29,0.0,9.78,5.29,5.58,0.38,3.06,9.17,False,Low,Depot C,True,True,1.0,Resell
CON-101630,Tote,Plastic,5.74,49,124,Medium,Moderate Damage,54.6,None,True,8.22,25.21,10.74,1.22,6.43,1.19,2.23,0.11,5.97,17.91,True,Medium,Hub B,True,True,1.0,Resell
CON-101631,Drum,Metal,26.42,52,44,Low,Safe,73.98,None,False,5.0,26.3,43.66,12.95,11.6,6.17,7.4,0.53,58.12,174.35,True,Low,Warehouse A,True,True,1.0,Resell
CON-101632,Drum,Plastic,7.08,22,43,Medium,Moderate Damage,81.73,None,True,22.64,25.04,87.47,1.41,6.77,1.35,2.57,0.14,7.37,22.1,True,Medium,Warehouse A,True,True,1.0,Resell
CON-101633,Box,Cardboard,1.43,29,43,Low,Minor Damage,67.15,None,False,0.69,11.48,10.03,0.1,5.36,3.17,1.16,0.03,0.57,1.72,True,Low,Warehouse A,False,True,1.0,Resell
CON-101634,Pallet,Wood,23.13,56,78,Medium,Minor Damage,61.3,None,True,9.89,21.1,14.45,0.0,10.78,3.28,6.58,0.46,3.7,11.1,False,Medium,Depot C,True,True,1.0,Resell
CON-101635,Pallet,Plastic,6.99,28,15,None,Safe,71.91,None,False,0.0,13.21,36.71,1.5,6.75,3.84,2.55,0.14,7.27,21.81,True,Low,Warehouse A,False,True,1.0,Resell
CON-101636,Box,Plastic,6.74,18,17,Medium,Minor Damage,81.22,None,True,2.61,6.77,11.58,1.43,6.69,1.31,2.49,0.13,7.01,21.04,True,Medium,Depot C,True,False,1.0,Resell
CON-101637,Box,Plastic,6.59,14,18,Medium,Minor Damage,78.88,None,True,2.48,7.22,12.2,1.35,6.65,1.29,2.45,0.13,6.86,20.57,True,Medium,Terminal E,False,False,1.0,Resell
CON-101638,Crate,Plastic,7.18,36,47,Medium,Minor Damage,79.72,None,True,16.17,19.74,44.64,1.38,6.79,1.36,2.59,0.14,7.46,22.39,True,Medium,Warehouse A,False,True,1.0,Resell
CON-101639,Drum,Plastic,7.17,1,2,None,Safe,80.39,None,False,0.0,21.14,129.05,1.46,6.79,3.86,2.59,0.14,7.46,22.37,True,Low,Warehouse A,True,False,1.0,Resell
CON-101640,Box,Cardboard,1.59,28,14,Low,Minor Damage,89.09,None,False,0.84,5.29,10.69,0.12,5.4,3.19,1.2,0.03,0.64,1.91,True,Low,Hub B,True,True,1.0,Resell
CON-101641,Pallet,Plastic,6.05,40,120,Critical,Unsafe,61.94,Organic,True,36.61,25.21,0.0,1.14,6.51,3.73,2.31,0.12,6.29,18.87,True,High,Terminal E,False,True,1.0,Recycle
CON-101642,Tote,Plastic,5.9,40,63,Medium,Minor Damage,67.71,None,True,9.28,17.14,17.32,1.24,6.48,1.21,2.28,0.12,6.14,18.42,True,Medium,Terminal E,True,True,0.71,Manual_Review
CON-101643,Pallet,Plastic,6.69,34,106,Medium,Moderate Damage,75.62,None,True,8.98,21.76,22.04,1.41,6.67,1.3,2.47,0.13,6.96,20.87,True,Medium,Hub B,False,True,1.0,Resell
CON-101644,Tote,Plastic,6.52,49,65,High,Unsafe,74.4,None,True,21.08,16.34,0.0,1.23,6.63,2.28,2.43,0.13,6.78,20.34,True,High,Facility D,True,True,1.0,Recycle
CON-101645,Pallet,Wood,21.26,42,136,Low,Safe,61.65,Organic,False,2.53,26.85,16.88,0.0,10.31,5.55,6.11,0.43,3.4,10.2,False,Low,Warehouse A,False,False,1.0,Resell
CON-101646,Pallet,Plastic,6.78,53,80,Low,Minor Damage,71.57,None,False,2.84,19.76,15.65,1.47,6.69,3.81,2.49,0.14,7.05,21.14,True,Low,Hub B,True,True,1.0,Resell
CON-101647,Drum,Metal,29.4,33,110,Critical,Unsafe,48.58,None,True,90.9,36.71,0.0,15.23,12.35,6.53,8.15,0.59,64.69,194.06,True,High,Terminal E,True,True,1.0,Recycle
CON-101648,Drum,Plastic,6.78,56,162,High,Unsafe,65.93,None,True,49.26,39.31,0.0,1.35,6.69,2.31,2.49,0.14,7.05,21.15,True,High,Facility D,True,True,1.0,Recycle
CON-101649,Drum,Plastic,5.99,21,23,None,Safe,65.74,None,False,0.0,25.44,96.04,1.21,6.5,3.72,2.3,0.12,6.23,18.69,True,Low,Terminal E,True,True,1.0,Resell
CON-101650,Box,Plastic,6.2,21,41,Low,Safe,75.07,Hazardous,False,0.75,10.09,0.0,0.0,39.3,3.74,2.35,0.12,6.45,19.34,False,High,Terminal E,False,True,1.0,Dispose
CON-101651,Tote,Plastic,6.01,36,73,Medium,Moderate Damage,79.24,None,True,6.9,16.41,17.87,1.09,6.5,1.22,2.3,0.12,6.25,18.76,True,Medium,Facility D,False,True,1.0,Resell
CON-101652,Box,Cardboard,1.27,41,117,Medium,Minor Damage,57.64,None,True,2.51,20.3,5.16,0.11,5.32,0.65,1.12,0.03,0.51,1.52,True,Medium,Terminal E,True,True,1.0,Resell
CON-101653,Tote,Plastic,6.83,51,142,Medium,Minor Damage,47.14,None,True,9.05,28.13,7.46,1.23,6.71,1.32,2.51,0.14,7.11,21.32,True,Medium,Facility D,False,False,1.0,Resell
CON-101654,Drum,Metal,26.63,50,47,None,Safe,78.97,None,False,0.0,25.85,49.76,12.6,11.66,6.2,7.46,0.53,58.59,175.78,True,Low,Depot C,False,True,1.0,Resell
CON-101655,Box,Cardboard,1.63,3,5,Medium,Moderate Damage,85.19,None,True,3.43,4.97,14.73,0.14,5.41,0.7,1.21,0.03,0.65,1.95,True,Medium,Hub B,True,True,1.0,Resell
CON-101656,Drum,Plastic,5.37,7,19,Medium,Minor Damage,93.2,None,True,25.27,20.92,103.39,1.11,6.34,1.14,2.14,0.11,5.58,16.74,True,Medium,Depot C,False,True,1.0,Resell
CON-101657,Tote,Plastic,6.28,44,137,Medium,Minor Damage,,None,True,7.3,26.13,11.92,1.14,6.57,1.25,2.37,0.13,6.53,19.6,True,Medium,Depot C,True,True,1.0,Resell
CON-101658,Crate,Plastic,7.08,42,136,Medium,Minor Damage,50.22,None,True,19.06,33.07,26.79,1.5,6.77,1.35,2.57,0.14,7.37,22.1,True,Medium,Warehouse A,True,True,1.0,Resell
CON-101659,Crate,Metal,33.0,53,175,High,Moderate Damage,42.69,None,True,35.11,38.1,9.76,17.73,13.25,5.46,9.05,0.66,72.6,217.8,True,Medium,Terminal E,False,False,1.0,Resell
CON-101660,Pallet,Plastic,6.73,41,53,Medium,Moderate Damage,74.03,None,True,11.91,16.7,23.05,1.37,6.68,1.31,2.48,0.13,7.0,21.0,True,Medium,Depot C,True,True,1.0,Resell
CON-101661,Drum,Plastic,6.75,5,8,Medium,Minor Damage,80.01,None,True,26.48,21.8,111.63,1.35,6.69,1.31,2.49,0.14,7.02,21.07,True,Medium,Hub B,True,True,1.0,Resell
CON-101662,Drum,Metal,31.22,46,115,High,Unsafe,69.99,None,True,63.97,34.0,0.0,16.46,12.8,5.25,8.6,0.62,68.68,206.03,True,High,Hub B,True,True,1.0,Recycle
CON-101663,Box,Plastic,6.14,59,154,High,Unsafe,49.92,None,True,6.01,25.16,0.0,1.15,6.54,2.24,2.34,0.12,6.39,19.16,True,High,Warehouse A,False,True,1.0,Recycle
CON-101664,Crate,Metal,32.87,35,43,None,Safe,67.49,None,False,0.0,21.18,40.82,16.32,13.22,6.94,9.02,0.66,72.31,216.92,True,Low,Hub B,True,True,1.0,Resell
CON-101665,Crate,Plastic,5.22,8,12,Low,Minor Damage,81.26,None,False,4.67,16.01,73.83,1.04,6.31,3.63,2.11,0.1,5.43,16.3,True,Low,Terminal E,True,True,1.0,Resell
CON-101666,Pallet,Wood,16.62,43,33,None,Safe,74.03,None,False,0.0,14.69,27.43,0.0,9.15,4.99,4.95,0.33,2.66,7.98,False,Low,Warehouse A,True,True,1.0,Resell
CON-101667,Drum,Metal,32.46,17,50,Medium,Minor Damage,69.18,None,True,21.96,27.62,93.05,17.0,13.12,4.4,8.92,0.65,71.42,214.25,True,Medium,Hub B,True,False,1.0,Resell
CON-101668,Pallet,Wood,22.17,2,5,High,Unsafe,70.15,None,True,26.72,12.48,0.0,0.0,10.54,4.16,6.34,0.44,3.55,10.64,False,High,Warehouse A,False,True,1.0,Dispose
CON-101669,Pallet,Plastic,5.71,30,26,Low,Minor Damage,65.1,None,False,2.95,15.33,31.84,1.03,6.43,3.68,2.23,0.11,5.93,17.8,True,Low,Depot C,False,True,1.0,Resell
CON-101670,Box,Cardboard,1.68,54,47,Medium,Minor Damage,82.54,None,True,2.45,9.57,5.59,0.14,5.42,0.7,1.22,0.03,0.67,2.01,True,Medium,Hub B,False,True,1.0,Resell
CON-101671,Drum,Plastic,6.28,2,1,Low,Minor Damage,81.37,None,False,6.33,20.89,113.31,1.2,6.57,3.75,2.37,0.13,6.53,19.6,True,Low,Facility D,True,True,1.0,Resell
CON-101672,Pallet,Wood,22.21,23,15,Low,Minor Damage,71.46,None,False,2.43,13.28,40.02,0.0,10.55,5.67,6.35,0.44,3.55,10.66,False,Low,Depot C,True,True,1.0,Resell
CON-101673,Drum,Metal,29.88,9,14,None,Safe,80.17,None,False,0.0,22.37,111.82,14.51,12.47,6.59,8.27,0.6,65.73,197.18,True,Low,Facility D,True,True,1.0,Resell
CON-101674,Pallet,Plastic,6.44,25,76,Low,Minor Damage,60.44,None,False,2.04,21.03,28.7,1.22,6.61,3.77,2.41,0.13,6.7,20.11,True,Low,Terminal E,True,True,1.0,Resell
CON-101675,Crate,Plastic,4.95,47,161,Medium,Moderate Damage,44.42,None,True,14.44,36.44,18.06,1.0,6.24,1.09,2.04,0.1,5.15,15.45,True,Medium,Facility D,True,True,1.0,Resell
CON-101676,Tote,Plastic,5.52,49,59,High,Moderate Damage,86.22,None,True,16.39,13.97,17.01,1.16,6.38,2.16,2.18,0.11,5.74,17.23,True,Medium,Warehouse A,True,True,1.0,Resell
CON-101677,Pallet,Plastic,5.02,17,44,None,Safe,75.42,None,False,0.0,15.59,36.85,1.07,6.26,3.6,2.06,0.1,5.22,15.67,True,Low,Hub B,True,True,1.0,Resell
CON-101678,Tote,Plastic,5.48,29,57,Medium,Moderate Damage,75.85,None,True,6.57,15.32,23.91,1.1,6.37,1.16,2.17,0.11,5.7,17.11,True,Medium,Depot C,True,True,1.0,Resell
CON-101679,Drum,Metal,25.03,14,31,Medium,Moderate Damage,91.04,None,True,21.4,22.44,87.43,12.47,11.26,3.5,7.06,0.5,55.06,165.19,True,Medium,Facility D,True,True,1.0,Dispose
CON-101680,Box,Plastic,5.03,40,100,High,Unsafe,67.3,None,True,7.45,17.15,0.0,1.07,6.26,2.1,2.06,0.1,5.23,15.7,True,High,Facility D,True,True,1.0,Recycle
CON-101681,Tote,Plastic,5.39,52,138,High,Unsafe,44.14,None,True,19.75,28.18,0.0,0.97,6.35,2.15,2.15,0.11,5.6,16.81,True,High,Warehouse A,True,True,1.0,Recycle
CON-101682,Pallet,Plastic,6.9,42,108,Critical,Unsafe,51.1,None,True,39.55,25.63,0.0,1.47,6.72,3.83,2.52,0.14,7.17,21.52,True,High,Hub B,True,True,1.0,Recycle
CON-101683,Pallet,Wood,19.23,31,18,None,Safe,94.14,None,False,0.0,10.18,31.52,0.0,9.81,5.31,5.61,0.38,3.08,9.23,False,Low,Terminal E,True,True,1.0,Resell
CON-101684,Drum,Metal,26.47,48,98,Low,Safe,76.33,None,False,4.89,31.35,36.05,14.54,11.62,6.18,7.42,0.53,58.23,174.7,True,Low,Hub B,True,True,1.0,Resell
CON-101685,Drum,Metal,31.86,7,23,None,Safe,69.89,None,False,0.0,24.82,97.89,15.0,12.97,6.82,8.77,0.64,70.09,210.28,True,Low,Terminal E,True,True,1.0,Resell
CON-101686,Pallet,Wood,18.91,34,55,Low,Safe,65.1,None,False,2.73,18.23,25.62,0.0,9.73,5.27,5.53,0.38,3.03,9.08,False,Low,Depot C,True,True,1.0,Resell
CON-101687,Pallet,Plastic,5.25,26,36,Medium,Moderate Damage,74.52,None,True,8.02,14.92,32.92,1.0,6.31,1.13,2.11,0.1,5.46,16.37,True,Medium,Terminal E,False,True,1.0,Resell
CON-101688,Box,Plastic,5.39,49,91,High,Unsafe,63.05,None,True,6.05,16.89,0.0,1.11,6.35,2.15,2.15,0.11,5.61,16.83,True,High,Terminal E,True,True,1.0,Recycle
CON-101689,Pallet,Plastic,5.77,50,38,None,Safe,62.48,None,False,0.0,16.93,23.24,1.13,6.44,3.69,2.24,0.12,6.0,18.01,True,Low,Depot C,True,True,1.0,Resell
CON-101690,Pallet,Plastic,6.69,56,135,Medium,Minor Damage,54.41,None,True,9.2,27.84,8.36,1.28,6.67,1.3,2.47,0.13,6.96,20.87,True,Medium,Depot C,True,True,1.0,Resell
CON-101691,Crate,Wood,18.31,29,82,None,Safe,55.89,None,False,0.0,26.82,42.75,0.0,9.58,5.2,5.38,0.37,2.93,8.79,False,Low,Depot C,True,True,1.0,Resell
CON-101692,Drum,Metal,33.14,57,159,None,Safe,45.76,Organic,False,0.0,42.04,12.51,15.59,13.29,6.98,9.09,0.66,72.91,218.74,True,Low,Facility D,False,False,1.0,Resell
CON-101693,Drum,Metal,25.88,30,92,Low,Minor Damage,53.07,None,False,6.11,34.24,64.95,12.23,11.47,6.11,7.27,0.52,56.94,170.81,True,Low,Depot C,True,True,1.0,Resell
CON-101694,Drum,Metal,32.03,2,3,None,Safe,87.6,None,False,0.0,20.16,117.78,15.36,13.01,6.84,8.81,0.64,70.46,211.37,True,Low,Facility D,True,False,1.0,Resell
CON-101695,Tote,Plastic,5.8,23,70,Low,Safe,82.95,Organic,False,2.01,15.56,27.2,1.09,6.45,3.7,2.25,0.12,6.03,18.09,True,Low,Facility D,True,True,1.0,Resell
CON-101696,Pallet,Plastic,5.11,4,7,Medium,Minor Damage,75.35,None,True,11.77,11.9,49.89,0.98,6.28,1.11,2.08,0.1,5.32,15.96,True,Medium,Terminal E,False,True,1.0,Resell
CON-101697,Box,Cardboard,1.43,18,39,High,Moderate Damage,88.25,Hazardous,True,6.17,7.91,0.0,0.0,32.15,1.67,1.16,0.03,0.57,1.72,False,High,Hub B,True,True,1.0,Dispose
CON-101698,Crate,Metal,27.34,10,27,Medium,Minor Damage,82.94,None,True,15.0,17.26,70.42,13.41,11.83,3.78,7.63,0.55,60.14,180.42,True,Medium,Hub B,True,True,1.0,Resell
CON-101699,Tote,Plastic,4.83,26,77,Low,Minor Damage,69.43,None,False,2.39,18.29,24.21,0.89,6.21,3.58,2.01,0.1,5.02,15.06,True,Low,Facility D,False,True,1.0,Resell
CON-101700,Drum,Plastic,7.17,2,3,None,Safe,92.85,None,False,0.0,19.37,110.35,1.32,6.79,3.86,2.59,0.14,7.46,22.39,True,Low,Warehouse A,False,True,1.0,Resell
CON-101701,Tote,Plastic,5.07,50,132,Critical,Unsafe,51.66,None,True,37.46,26.45,0.0,0.95,6.27,3.61,2.07,0.1,5.28,15.83,True,High,Hub B,True,True,1.0,Recycle
CON-101702,Drum,Plastic,6.38,14,47,Medium,Moderate Damage,74.6,None,True,19.64,26.51,84.57,1.29,6.59,1.27,2.39,0.13,6.63,19.89,True,Medium,Depot C,True,True,1.0,Resell
CON-101703,Drum,Metal,24.45,17,54,High,Moderate Damage,86.09,Hazardous,True,49.31,25.49,0.0,0.0,66.68,4.43,6.91,0.49,53.8,161.39,False,High,Terminal E,True,True,1.0,Dispose
CON-101704,Crate,Metal,34.79,11,34,None,Safe,88.68,None,False,0.0,17.1,66.57,18.72,13.7,7.17,9.5,0.7,76.53,229.6,True,Low,Facility D,True,True,1.0,Resell
CON-101705,Box,Cardboard,1.35,10,8,Low,Safe,90.67,None,False,0.88,4.45,14.31,0.1,5.34,3.16,1.14,0.03,0.54,1.62,True,Low,Depot C,True,True,1.0,Resell
CON-101706,Drum,Metal,32.34,37,127,None,Safe,60.03,None,False,0.0,36.7,49.08,16.47,13.09,6.88,8.89,0.65,71.16,213.47,True,Low,Hub B,False,True,1.0,Resell
CON-101707,Box,Cardboard,1.67,8,8,Medium,Minor Damage,74.92,None,True,3.22,6.81,12.47,0.15,5.42,0.7,1.22,0.03,0.67,2.01,True,Medium,Warehouse A,True,True,1.0,Resell
CON-101708,Box,Cardboard,1.78,34,73,Low,Safe,76.72,None,False,0.85,13.04,7.12,0.14,5.45,3.21,1.25,0.04,0.71,2.14,True,Low,Depot C,True,True,1.0,Resell
CON-101709,Box,Cardboard,1.78,31,94,Low,Minor Damage,66.47,None,False,0.73,16.68,7.22,0.15,5.45,3.21,1.25,0.04,0.71,2.14,True,Low,Hub B,True,True,1.0,Resell
CON-101710,Tote,Plastic,6.38,25,21,Medium,Moderate Damage,90.72,None,True,6.78,9.49,29.12,1.22,6.59,1.27,2.39,0.13,6.63,19.9,True,Medium,Warehouse A,True,True,1.0,Resell
CON-101711,Crate,Wood,19.29,43,77,High,Moderate Damage,72.94,None,True,32.45,23.76,32.66,0.0,9.82,3.81,5.62,0.39,3.09,9.26,False,Medium,Depot C,True,True,1.0,Resell
CON-101712,Drum,Plastic,6.94,1,0,Medium,Moderate Damage,91.51,None,True,19.82,19.27,124.04,1.45,6.74,1.33,2.54,0.14,7.22,21.67,True,Medium,Terminal E,True,False,1.0,Resell
CON-101713,Drum,Plastic,6.25,33,72,Medium,Minor Damage,56.17,None,True,20.22,31.78,57.19,1.37,6.56,1.25,2.36,0.13,6.5,19.5,True,Medium,Depot C,False,True,1.0,Resell
CON-101714,Drum,Metal,28.39,50,100,High,Moderate Damage,54.45,None,True,56.98,34.83,33.73,13.02,12.1,4.91,7.9,0.57,62.45,187.36,True,Medium,Hub B,False,True,1.0,Resell
CON-101715,Drum,Plastic,4.86,25,78,Medium,Moderate Damage,83.72,Hazardous,True,22.02,28.24,0.0,0.0,37.29,1.08,2.02,0.1,5.06,15.17,False,High,Depot C,True,True,0.83,Dispose
CON-101716,Tote,Plastic,6.87,17,10,Medium,Moderate Damage,74.66,None,True,6.42,10.8,29.82,1.5,6.72,1.32,2.52,0.14,7.14,21.42,True,Medium,Facility D,False,False,1.0,Resell
CON-101717,Box,Plastic,5.13,10,5,Medium,Moderate Damage,93.94,None,True,2.53,3.66,13.35,0.99,6.28,1.12,2.08,0.1,5.33,15.99,True,Medium,Hub B,True,True,1.0,Resell
CON-101718,Pallet,Wood,18.27,35,46,None,Safe,64.81,None,False,0.0,17.38,28.05,0.0,9.57,5.19,5.37,0.37,2.92,8.77,False,Low,Depot C,True,True,0.54,Manual_Review
CON-101719,Tote,Plastic,5.89,52,44,High,Unsafe,64.5,Organic,True,15.23,15.72,0.0,1.12,6.47,2.21,2.27,0.12,6.12,18.36,True,High,Warehouse A,True,True,1.0,Recycle
CON-101720,Drum,Metal,25.98,42,87,Low,Safe,54.89,None,False,7.03,33.47,43.92,12.44,11.49,6.12,7.29,0.52,57.15,171.45,True,Low,Depot C,False,False,1.0,Resell
CON-101721,Drum,Metal,24.35,60,127,Medium,Minor Damage,73.89,Hazardous,True,25.17,34.62,0.0,0.0,66.53,3.42,6.89,0.49,53.57,160.71,False,High,Depot C,True,True,1.0,Dispose
CON-101722,Crate,Wood,22.29,33,91,Critical,Unsafe,53.9,None,True,67.17,28.01,0.0,0.0,10.57,5.68,6.37,0.45,3.57,10.7,False,High,Facility D,False,True,1.0,Dispose
CON-101723,Pallet,Wood,17.4,42,85,High,Moderate Damage,82.32,None,True,21.1,18.65,19.36,0.0,9.35,3.59,5.15,0.35,2.78,8.35,False,Medium,Terminal E,True,True,1.0,Resell
CON-101724,Box,Cardboard,1.26,53,131,High,Unsafe,66.28,None,True,6.05,20.41,0.0,0.11,5.31,1.65,1.11,0.03,0.5,1.51,True,High,Terminal E,True,True,1.0,Recycle
CON-101725,Tote,Plastic,7.1,59,116,Medium,Moderate Damage,59.03,None,True,8.86,23.75,6.84,1.43,6.77,1.35,2.57,0.14,7.38,22.15,True,Medium,Depot C,True,False,1.0,Recycle
CON-101726,Tote,Plastic,6.16,4,10,Low,Minor Damage,71.18,None,False,2.24,11.32,37.75,1.21,6.54,3.74,2.34,0.12,6.41,19.22,True,Low,Facility D,True,True,1.0,Resell
CON-101727,Pallet,Wood,19.62,18,29,High,Moderate Damage,91.71,None,True,22.0,11.64,36.72,0.0,9.9,3.85,5.7,0.39,3.14,9.42,False,Medium,Warehouse A,True,True,1.0,Resell
CON-101728,Tote,Plastic,5.14,15,36,Low,Minor Damage,86.97,None,False,2.09,11.56,32.51,0.96,6.28,3.62,2.08,0.1,5.34,16.02,True,Low,Terminal E,False,True,1.0,Resell
CON-101729,Drum,Metal,27.88,57,167,High,Unsafe,46.34,None,True,46.24,42.75,0.0,13.24,11.97,4.85,7.77,0.56,61.33,183.99,True,High,Hub B,True,False,0.51,Manual_Review
CON-101730,Box,Plastic,6.5,20,16,None,Safe,86.54,None,False,0.0,5.87,12.54,1.27,6.63,3.78,2.43,0.13,6.76,20.29,True,Low,Warehouse A,True,False,1.0,Resell
CON-101731,Tote,Plastic,5.72,54,107,High,Unsafe,78.15,None,True,17.06,19.98,0.0,1.04,6.43,2.19,2.23,0.11,5.95,17.85,True,High,Hub B,True,True,1.0,Recycle
CON-101732,Crate,Metal,31.2,23,24,None,Safe,69.75,None,False,0.0,18.94,55.71,15.72,12.8,6.74,8.6,0.62,68.63,205.9,True,Low,Hub B,False,True,1.0,Resell
CON-101733,Pallet,Plastic,5.74,58,182,Medium,Minor Damage,50.32,None,True,9.18,33.15,4.6,1.07,6.44,1.19,2.24,0.11,5.97,17.91,True,Medium,Hub B,True,True,1.0,Resell
CON-101734,Tote,Plastic,6.97,23,58,High,Moderate Damage,61.4,None,True,15.91,17.59,25.54,1.49,6.74,2.34,2.54,0.14,7.25,21.75,True,Medium,Warehouse A,False,True,1.0,Resell
CON-101735,Box,Cardboard,1.27,15,33,None,Safe,84.34,None,False,0.0,7.9,12.42,0.11,5.32,3.15,1.12,0.03,0.51,1.53,True,Low,Warehouse A,True,True,1.0,Resell
CON-101736,Tote,Plastic,5.05,16,38,Low,Safe,81.19,None,False,2.08,12.62,28.88,0.93,6.26,3.61,2.06,0.1,5.26,15.77,True,Low,Warehouse A,True,True,1.0,Resell
CON-101737,Tote,Plastic,5.83,25,23,Medium,Moderate Damage,84.1,None,True,7.3,10.68,29.39,1.16,6.46,1.2,2.26,0.12,6.07,18.2,True,Medium,Terminal E,True,True,1.0,Resell
CON-101738,Drum,Metal,26.72,19,54,Critical,Unsafe,67.39,None,True,87.18,28.29,0.0,12.65,11.68,6.21,7.48,0.53,58.79,176.37,True,High,Facility D,False,True,1.0,Recycle
CON-101739,Tote,Plastic,5.48,25,34,Low,Minor Damage,68.06,None,False,2.23,14.19,26.97,1.01,6.37,3.66,2.17,0.11,5.7,17.11,True,Low,Depot C,True,True,1.0,Resell
CON-101740,Box,Cardboard,1.6,32,57,Low,Minor Damage,67.26,None,False,0.7,12.86,8.22,0.13,5.4,3.19,1.2,0.03,0.64,1.92,True,Low,Facility D,True,True,0.73,Manual_Review
CON-101741,Tote,Plastic,6.77,42,61,Low,Safe,75.6,Organic,False,2.18,15.76,16.76,1.24,6.69,3.81,2.49,0.14,7.04,21.13,True,Low,Hub B,True,True,1.0,Resell
CON-101742,Tote,Plastic,4.86,41,122,High,Unsafe,69.47,None,True,15.49,22.78,0.0,1.01,6.21,2.08,2.01,0.1,5.05,15.16,True,High,Warehouse A,True,False,1.0,Recycle
CON-101743,Pallet,Plastic,6.76,34,90,Low,Minor Damage,69.58,None,False,2.08,21.06,25.98,1.3,6.69,3.81,2.49,0.14,7.04,21.11,True,Low,Hub B,True,True,0.51,Manual_Review
CON-101744,Pallet,Plastic,6.79,50,161,None,Safe,41.59,None,False,0.0,32.36,9.26,1.24,6.7,3.82,2.5,0.14,7.06,21.19,True,Low,Hub B,True,True,1.0,Resell
CON-101745,Tote,Plastic,5.71,14,12,None,Safe,74.95,None,False,0.0,10.96,33.68,1.09,6.43,3.69,2.23,0.11,5.94,17.82,True,Low,Facility D,True,True,1.0,Resell
CON-101746,Crate,Wood,23.35,9,5,Medium,Minor Damage,75.63,Organic,True,12.99,16.16,74.41,0.0,10.84,3.3,6.64,0.47,3.74,11.21,False,Medium,Facility D,True,True,1.0,Resell
CON-101747,Pallet,Plastic,5.87,51,159,High,Unsafe,66.29,None,True,19.65,28.46,0.0,1.12,6.47,2.2,2.27,0.12,6.1,18.31,True,High,Depot C,True,True,1.0,Recycle
CON-101748,Crate,Metal,28.71,60,165,Critical,Unsafe,37.68,Organic,True,66.4,37.85,0.0,13.76,12.18,6.44,7.98,0.57,63.16,189.47,True,High,Facility D,True,True,1.0,Recycle
CON-101749,Tote,Plastic,6.5,54,46,None,Safe,78.6,None,False,0.0,13.81,13.65,1.17,6.62,3.78,2.42,0.13,6.76,20.28,True,Low,Facility D,True,False,1.0,Resell
CON-101750,Crate,Wood,17.14,44,29,None,Safe,71.22,None,False,0.0,19.22,42.17,0.0,9.29,5.06,5.09,0.34,2.74,8.23,False,Low,Facility D,False,True,1.0,Resell
CON-101751,Crate,Metal,24.26,29,65,Critical,Unsafe,79.28,None,True,77.97,21.61,0.0,11.09,11.07,5.91,6.87,0.49,53.38,160.13,True,High,Terminal E,True,True,1.0,Recycle
CON-101752,Crate,Wood,17.49,51,55,High,Unsafe,75.16,None,True,38.73,21.23,0.0,0.0,9.37,3.6,5.17,0.35,2.8,8.39,False,High,Warehouse A,True,True,1.0,Dispose
CON-101753,Tote,Plastic,6.86,9,14,High,Unsafe,76.26,None,True,14.57,10.96,0.0,1.3,6.71,2.32,2.51,0.14,7.13,21.4,True,High,Terminal E,True,True,1.0,Recycle
CON-101754,Tote,Plastic,6.66,13,23,Medium,Minor Damage,74.6,None,True,8.64,12.11,35.77,1.27,6.66,1.3,2.46,0.13,6.92,20.77,True,Medium,Warehouse A,False,True,1.0,Resell
CON-101755,Box,Plastic,5.27,41,47,None,Safe,65.14,None,False,0.0,12.18,7.86,1.12,6.32,3.63,2.12,0.11,5.48,16.45,True,Low,Facility D,True,True,1.0,Resell
CON-101756,Pallet,Wood,22.57,54,34,High,Unsafe,78.1,None,True,21.49,14.19,0.0,0.0,10.64,4.21,6.44,0.45,3.61,10.84,False,High,Depot C,True,True,1.0,Dispose
CON-101757,Pallet,Plastic,6.84,44,98,High,Moderate Damage,51.99,Chemical,True,26.45,24.5,18.23,1.42,16.77,2.32,2.51,0.14,7.11,21.33,True,Medium,Terminal E,False,True,1.0,Resell
CON-101758,Pallet,Plastic,4.82,22,53,None,Safe,71.2,None,False,0.0,17.12,32.26,0.95,6.21,3.58,2.01,0.1,5.01,15.04,True,Low,Terminal E,True,True,1.0,Resell
CON-101759,Drum,Plastic,6.16,54,35,None,Safe,88.63,None,False,0.0,23.21,47.94,1.3,6.54,3.74,2.34,0.12,6.41,19.23,True,Low,Warehouse A,True,True,1.0,Resell
CON-101760,Box,Cardboard,1.26,22,30,None,Safe,79.74,None,False,0.0,8.29,11.42,0.1,5.32,3.15,1.12,0.03,0.51,1.52,True,Low,Warehouse A,True,True,1.0,Resell
CON-101761,Tote,Plastic,5.49,41,28,None,Safe,92.56,None,False,0.0,9.92,20.26,1.06,6.37,3.66,2.17,0.11,5.71,17.12,True,Low,Facility D,True,True,1.0,Resell
CON-101762,Pallet,Wood,18.2,42,48,None,Safe,76.66,None,False,0.0,15.8,23.48,0.0,9.55,5.18,5.35,0.36,2.91,8.73,False,Low,Warehouse A,True,True,1.0,Dispose
CON-101763,Tote,Plastic,5.72,29,24,High,Unsafe,78.73,None,True,21.33,11.59,0.0,1.17,6.43,2.19,2.23,0.11,5.94,17.83,True,High,Hub B,False,True,1.0,Recycle
CON-101764,Tote,Plastic,5.96,7,12,High,Moderate Damage,86.63,None,True,17.45,9.21,39.34,1.26,6.49,2.22,2.29,0.12,6.2,18.6,True,Medium,Facility D,True,True,1.0,Resell
CON-101765,Drum,Plastic,5.65,48,126,Medium,Minor Damage,54.88,None,True,19.83,37.37,29.97,1.21,6.41,1.18,2.21,0.11,5.88,17.64,True,Medium,Depot C,True,True,1.0,Resell
CON-101766,Crate,Wood,18.04,42,88,Low,Minor Damage,69.74,None,False,3.44,25.34,31.93,0.0,9.51,5.17,5.31,0.36,2.89,8.66,False,Low,Depot C,True,True,1.0,Resell
CON-101767,Tote,Plastic,5.48,25,42,None,Safe,88.77,None,False,0.0,11.88,28.8,1.14,6.37,3.66,2.17,0.11,5.7,17.09,True,Low,Depot C,True,True,1.0,Resell
CON-101768,Crate,Plastic,5.83,32,74,Low,Safe,85.07,None,False,3.52,21.64,45.75,1.08,6.46,3.7,2.26,0.12,6.06,18.18,True,Low,Terminal E,True,True,1.0,Resell
CON-101769,Pallet,Plastic,6.61,28,63,Medium,Minor Damage,79.75,None,True,9.48,16.84,27.14,1.38,6.65,1.29,2.45,0.13,6.87,20.62,True,Medium,Warehouse A,True,True,1.0,Resell
CON-101770,Crate,Plastic,5.06,16,8,None,Safe,73.85,None,False,0.0,16.72,71.74,0.91,6.26,3.61,2.06,0.1,5.26,15.77,True,Low,Terminal E,False,True,1.0,Resell
CON-101771,Drum,Metal,30.67,46,139,Low,Minor Damage,48.4,None,False,7.01,39.64,31.25,16.71,12.67,6.68,8.47,0.61,67.47,202.4,True,Low,Warehouse A,True,False,1.0,Resell
CON-101772,Drum,Plastic,5.28,50,115,Critical,Unsafe,63.72,None,True,84.59,34.94,0.0,1.12,6.32,3.63,2.12,0.11,5.49,16.46,True,High,Depot C,True,True,1.0,Recycle
CON-101773,Crate,Plastic,5.32,44,149,Low,Minor Damage,48.03,None,False,4.51,34.69,20.89,1.1,6.33,3.64,2.13,0.11,5.53,16.6,True,Low,Facility D,True,False,1.0,Resell
CON-101774,Drum,Metal,32.13,38,90,Low,Safe,70.71,None,False,5.84,31.39,55.02,16.94,13.03,6.86,8.83,0.64,70.7,212.09,True,Low,Facility D,False,True,1.0,Resell
CON-101775,Drum,Metal,26.34,50,64,High,Moderate Damage,68.75,None,True,46.69,29.09,43.45,14.02,11.58,4.66,7.38,0.53,57.94,173.83,True,Medium,Depot C,True,True,1.0,Resell
CON-101776,Drum,Metal,35.49,12,10,Low,Safe,80.62,None,False,5.39,21.91,108.57,18.18,13.87,7.26,9.67,0.71,78.07,234.21,True,Low,Warehouse A,False,True,1.0,Resell
CON-101777,Pallet,Plastic,4.92,8,12,None,Safe,95.12,None,False,0.0,9.43,48.78,0.89,6.23,3.59,2.03,0.1,5.12,15.35,True,Low,Warehouse A,True,True,1.0,Resell
CON-101778,Pallet,Plastic,4.82,33,19,None,Safe,85.74,None,False,0.0,11.54,32.05,0.91,6.21,3.58,2.01,0.1,5.01,15.04,True,Low,Depot C,False,True,1.0,Resell
CON-101779,Pallet,Wood,18.55,33,66,None,Safe,76.06,None,False,0.0,17.69,29.02,0.0,9.64,5.23,5.44,0.37,2.97,8.9,False,Low,Terminal E,True,True,1.0,Resell
CON-101780,Tote,Plastic,6.76,25,30,None,Safe,64.45,None,False,0.0,14.33,26.98,1.29,6.69,3.81,2.49,0.14,7.03,21.1,True,Low,Hub B,True,True,1.0,Resell
CON-101781,Drum,Metal,33.81,27,47,None,Safe,67.24,None,False,0.0,27.61,70.86,16.54,13.45,7.06,9.25,0.68,74.38,223.13,True,Low,Depot C,True,False,1.0,Resell
CON-101782,Drum,Metal,27.48,3,8,Low,Safe,97.78,None,False,4.92,19.13,111.99,13.2,11.87,6.3,7.67,0.55,60.46,181.38,True,Low,Facility D,True,True,1.0,Resell
CON-101783,Crate,Plastic,5.3,10,19,Low,Safe,84.18,None,False,4.37,16.27,71.05,1.14,6.33,3.64,2.13,0.11,5.51,16.54,True,Low,Hub B,True,True,1.0,Resell
CON-101784,Pallet,Plastic,6.24,49,146,High,Moderate Damage,46.45,Organic,True,18.52,30.13,10.0,1.3,6.56,2.25,2.36,0.12,6.49,19.46,True,Medium,Terminal E,True,False,1.0,Resell
CON-101785,Box,Plastic,6.05,47,24,None,Safe,69.59,None,False,0.0,9.21,7.28,1.1,6.51,3.73,2.31,0.12,6.29,18.88,True,Low,Terminal E,True,True,1.0,Resell
CON-101786,Crate,Metal,34.57,39,107,High,Moderate Damage,59.95,Hazardous,True,42.1,28.71,0.0,0.0,81.85,5.65,9.44,0.69,76.05,228.16,False,High,Hub B,False,True,1.0,Dispose
CON-101787,Pallet,Plastic,5.75,35,113,Critical,Unsafe,62.04,None,True,36.39,24.49,0.0,1.07,6.44,3.69,2.24,0.11,5.98,17.93,True,High,Facility D,True,True,1.0,Recycle
CON-101788,Tote,Plastic,6.67,58,150,Low,Minor Damage,46.93,None,False,2.3,28.96,5.13,1.44,6.67,3.8,2.47,0.13,6.94,20.82,True,Low,Hub B,True,True,1.0,Resell
CON-101789,Tote,Plastic,6.42,48,59,Medium,Moderate Damage,73.28,None,True,7.83,15.91,15.12,1.28,6.6,1.27,2.4,0.13,6.68,20.03,True,Medium,Hub B,True,False,1.0,Resell
CON-101790,Crate,Wood,21.34,39,46,Low,Minor Damage,68.8,None,False,3.25,21.28,40.25,0.0,10.33,5.56,6.13,0.43,3.41,10.24,False,Low,Warehouse A,False,True,1.0,Resell
CON-101791,Box,Plastic,5.95,56,178,Medium,Minor Damage,52.12,Organic,True,3.05,27.23,1.42,1.29,6.49,1.21,2.29,0.12,6.19,18.56,True,Medium,Depot C,True,True,1.0,Resell
CON-101792,Pallet,Plastic,7.02,12,27,Low,Safe,81.85,None,False,2.51,12.92,40.76,1.46,6.75,3.84,2.55,0.14,7.3,21.9,True,Low,Warehouse A,True,True,1.0,Resell
CON-101793,Drum,Plastic,5.21,36,117,Medium,Minor Damage,62.69,None,True,21.52,35.3,49.51,1.0,6.3,1.12,2.1,0.1,5.41,16.24,True,Medium,Terminal E,True,True,1.0,Resell
CON-101794,Drum,Plastic,5.17,21,71,None,Safe,74.39,None,False,0.0,28.94,70.37,1.1,6.29,3.62,2.09,0.1,5.37,16.12,True,Low,Terminal E,True,False,0.51,Manual_Review
CON-101795,Box,Plastic,5.1,29,24,High,Unsafe,85.31,None,True,5.91,6.85,0.0,0.93,6.27,2.11,2.07,0.1,5.3,15.91,True,High,Hub B,True,True,1.0,Recycle
CON-101796,Box,Plastic,4.99,8,24,Low,Minor Damage,79.43,None,False,0.86,7.74,11.88,0.97,6.25,3.6,2.05,0.1,5.19,15.58,True,Low,Warehouse A,True,False,1.0,Resell
CON-101797,Pallet,Plastic,6.15,57,112,Medium,Moderate Damage,47.83,None,True,10.57,26.53,10.56,1.3,6.54,1.24,2.34,0.12,6.39,19.18,True,Medium,Terminal E,True,True,1.0,Resell
CON-101798,Pallet,Plastic,6.32,5,12,None,Safe,72.53,None,False,0.0,12.82,42.0,1.21,6.58,3.76,2.38,0.13,6.57,19.72,True,Low,Terminal E,True,True,1.0,Resell
CON-101799,Pallet,Wood,17.3,55,58,Low,Safe,63.77,None,False,2.02,18.73,17.15,0.0,9.32,5.08,5.12,0.35,2.77,8.3,False,Low,Hub B,True,True,1.0,Resell
CON-101800,Pallet,Wood,23.52,52,66,None,Safe,59.66,None,False,0.0,20.15,17.93,0.0,10.88,5.82,6.68,0.47,3.76,11.29,False,Low,Facility D,True,True,1.0,Resell
CON-101801,Crate,Wood,19.76,51,137,Low,Minor Damage,42.78,None,False,3.72,34.28,17.96,0.0,9.94,5.37,5.74,0.4,3.16,9.48,False,Low,Warehouse A,True,True,1.0,Resell
CON-101802,Tote,Plastic,6.96,44,124,Medium,Moderate Damage,67.53,None,True,8.14,23.27,13.03,1.39,6.74,1.34,2.54,0.14,7.24,21.72,True,Medium,Hub B,True,True,1.0,Resell
CON-101803,Crate,Plastic,6.54,18,29,Medium,Moderate Damage,67.31,None,True,17.04,19.8,66.75,1.29,6.63,1.28,2.43,0.13,6.8,20.4,True,Medium,Terminal E,True,True,1.0,Resell
CON-101804,Tote,Plastic,6.39,60,93,High,Unsafe,62.5,Chemical,True,20.39,20.92,0.0,1.2,16.49,2.27,2.4,0.13,6.64,19.93,True,High,Facility D,True,False,1.0,Recycle
CON-101805,Pallet,Wood,22.89,52,97,Medium,Moderate Damage,64.86,None,True,10.03,22.47,12.88,0.0,10.72,3.25,6.52,0.46,3.66,10.98,False,Medium,Terminal E,True,True,1.0,Resell
CON-101806,Drum,Metal,31.88,42,52,Low,Safe,63.46,None,False,7.19,28.68,59.73,16.55,12.97,6.83,8.77,0.64,70.14,210.43,True,Low,Terminal E,True,True,0.79,Manual_Review
CON-101807,Crate,Plastic,6.72,24,83,Low,Safe,65.52,None,False,3.84,25.47,47.82,1.25,6.68,3.81,2.48,0.13,6.99,20.96,True,Low,Warehouse A,True,True,1.0,Resell
CON-101808,Tote,Plastic,6.16,45,85,Medium,Minor Damage,55.56,None,True,6.85,21.17,15.17,1.35,6.54,1.24,2.34,0.12,6.41,19.22,True,Medium,Depot C,True,True,1.0,Resell
CON-101809,Box,Cardboard,1.54,2,1,Medium,Minor Damage,89.75,None,True,2.53,3.89,16.12,0.11,5.38,0.68,1.18,0.03,0.61,1.84,True,Medium,Hub B,True,True,1.0,Resell
CON-101810,Pallet,Wood,18.49,22,25,Low,Safe,90.82,None,False,2.26,11.38,36.24,0.0,9.62,5.22,5.42,0.37,2.96,8.88,False,Low,Hub B,True,True,1.0,Resell
CON-101811,Crate,Wood,16.63,47,125,Medium,Minor Damage,71.65,Organic,True,15.06,28.75,21.23,0.0,9.16,2.5,4.96,0.33,2.66,7.98,False,Medium,Warehouse A,True,True,1.0,Resell
CON-101812,Drum,Plastic,5.16,28,84,Low,Minor Damage,56.02,None,False,5.63,33.0,70.3,1.07,6.29,3.62,2.09,0.1,5.36,16.09,True,Low,Terminal E,True,True,1.0,Resell
CON-101813,Crate,Plastic,5.5,6,7,None,Safe,69.3,Organic,False,0.0,17.31,78.5,1.17,6.38,3.66,2.18,0.11,5.72,17.17,True,Low,Warehouse A,True,True,1.0,Resell
CON-101814,Crate,Plastic,6.79,21,58,High,Moderate Damage,,None,True,42.1,22.64,56.06,1.34,6.7,2.31,2.5,0.14,7.06,21.18,True,Medium,Facility D,True,False,1.0,Resell
CON-101815,Pallet,Wood,19.54,25,19,Medium,Minor Damage,70.82,None,True,11.32,13.78,36.79,0.0,9.88,2.84,5.68,0.39,3.13,9.38,False,Medium,Depot C,False,True,1.0,Resell
CON-101816,Box,Cardboard,1.65,2,4,Low,Safe,83.87,None,False,0.73,5.07,15.41,0.12,5.41,3.2,1.21,0.03,0.66,1.98,True,Low,Terminal E,True,True,1.0,Resell
CON-101817,Drum,Metal,24.24,55,66,None,Safe,58.31,None,False,0.0,30.85,37.67,12.11,11.06,5.91,6.86,0.48,53.33,160.0,True,Low,Warehouse A,True,True,1.0,Resell
CON-101818,Tote,Plastic,7.0,9,29,High,Unsafe,80.98,None,True,15.12,11.75,0.0,1.31,6.75,2.34,2.55,0.14,7.28,21.85,True,High,Hub B,True,True,1.0,Recycle
CON-101819,Tote,Plastic,5.54,23,70,Low,Safe,66.27,None,False,1.65,18.06,25.96,1.08,6.39,3.66,2.19,0.11,5.76,17.29,True,Low,Hub B,False,True,1.0,Resell
CON-101820,Pallet,Wood,22.28,16,13,None,Safe,93.42,Organic,False,0.0,9.79,39.58,0.0,10.57,5.67,6.37,0.45,3.57,10.7,False,Low,Depot C,False,True,1.0,Resell
CON-101821,Box,Cardboard,1.63,19,43,Low,Minor Damage,72.54,None,False,0.63,10.67,10.2,0.14,5.41,3.2,1.21,0.03,0.65,1.96,True,Low,Hub B,True,True,1.0,Resell
CON-101822,Pallet,Wood,23.09,44,108,High,Moderate Damage,58.47,None,True,22.35,24.53,17.49,0.0,10.77,4.27,6.57,0.46,3.69,11.08,False,Medium,Warehouse A,True,True,1.0,Resell
CON-101823,Box,Plastic,6.25,25,80,Medium,Moderate Damage,59.73,None,True,2.66,16.29,9.58,1.17,6.56,1.25,2.36,0.13,6.5,19.51,True,Medium,Warehouse A,False,True,1.0,Resell
CON-101824,Box,Plastic,5.35,40,38,Low,Safe,74.59,Hazardous,False,0.77,9.86,0.0,0.0,38.02,3.64,2.14,0.11,5.56,16.69,False,High,Warehouse A,True,True,1.0,Dispose
CON-101825,Drum,Plastic,6.67,8,22,Medium,Moderate Damage,91.49,None,True,23.53,21.48,105.41,1.2,6.67,1.3,2.47,0.13,6.93,20.8,True,Medium,Depot C,True,False,1.0,Resell
CON-101826,Box,Plastic,6.87,4,5,Medium,Moderate Damage,97.47,None,True,2.61,3.13,15.13,1.27,6.72,1.32,2.52,0.14,7.15,21.44,True,Medium,Facility D,True,False,1.0,Resell
CON-101827,Pallet,Plastic,6.33,57,37,None,Safe,77.51,None,False,0.0,14.57,17.63,1.24,6.58,3.76,2.38,0.13,6.58,19.75,True,Low,Hub B,True,True,0.81,Resell
CON-101828,Crate,Plastic,6.44,30,76,Low,Minor Damage,66.04,None,False,4.36,24.69,44.16,1.22,6.61,3.77,2.41,0.13,6.7,20.1,True,Low,Facility D,True,True,1.0,Resell
CON-101829,Tote,Plastic,5.87,5,3,Low,Minor Damage,96.4,Organic,False,1.9,6.84,35.83,1.08,6.47,3.7,2.27,0.12,6.11,18.32,True,Low,Depot C,True,True,0.59,Manual_Review
CON-101830,Tote,Plastic,5.67,16,16,Low,Safe,76.25,None,False,2.2,11.16,29.58,1.11,6.42,3.68,2.22,0.11,5.89,17.68,True,Low,Warehouse A,False,True,1.0,Dispose
CON-101831,Tote,Plastic,6.36,45,87,None,Safe,60.45,None,False,0.0,20.63,15.34,1.26,6.59,3.76,2.39,0.13,6.61,19.83,True,Low,Terminal E,True,True,1.0,Resell
CON-101832,Box,Cardboard,1.41,6,7,Low,Safe,75.18,None,False,0.87,6.67,15.19,0.11,5.35,3.17,1.15,0.03,0.56,1.69,True,Low,Facility D,True,True,1.0,Resell
CON-101833,Box,Plastic,5.05,14,26,Medium,Moderate Damage,92.37,None,True,3.34,5.99,11.17,1.06,6.26,1.11,2.06,0.1,5.25,15.76,True,Medium,Terminal E,True,True,1.0,Resell
CON-101834,Drum,Plastic,5.14,26,39,None,Safe,67.52,None,False,0.0,26.77,81.03,1.02,6.29,3.62,2.09,0.1,5.35,16.04,True,Low,Facility D,True,True,1.0,Resell
CON-101835,Box,Plastic,6.6,55,97,Low,Minor Damage,68.58,None,False,0.72,16.66,3.56,1.41,6.65,3.79,2.45,0.13,6.86,20.59,True,Low,Facility D,True,True,1.0,Resell
CON-101836,Drum,Metal,26.35,55,168,High,Unsafe,43.98,None,True,44.21,43.2,0.0,13.78,11.59,4.66,7.39,0.53,57.96,173.89,True,High,Hub B,True,True,1.0,Recycle
CON-101837,Crate,Plastic,6.69,57,93,Medium,Moderate Damage,68.67,None,True,12.81,26.0,20.41,1.46,6.67,1.3,2.47,0.13,6.96,20.87,True,Medium,Warehouse A,True,True,1.0,Resell
CON-101838,Crate,Wood,21.01,7,11,None,Safe,82.46,None,False,0.0,15.73,67.01,0.0,10.25,5.52,6.05,0.42,3.36,10.08,False,Low,Facility D,False,True,1.0,Resell
CON-101839,Drum,Metal,34.1,25,35,Medium,Moderate Damage,75.21,None,True,28.1,25.22,88.17,16.08,13.53,4.59,9.33,0.68,75.02,225.06,True,Medium,Terminal E,True,True,0.72,Manual_Review
CON-101840,Drum,Metal,28.82,15,38,Medium,Minor Damage,69.43,None,True,20.94,26.38,94.3,15.71,12.2,3.96,8.0,0.58,63.4,190.2,True,Medium,Terminal E,True,True,1.0,Resell
CON-101841,Crate,Metal,26.68,5,3,Medium,Moderate Damage,97.9,None,True,17.19,12.61,79.19,13.55,11.67,3.7,7.47,0.53,58.69,176.07,True,Medium,Warehouse A,False,True,1.0,Resell
CON-101842,Drum,Metal,30.22,2,1,Low,Safe,86.41,None,False,7.17,20.14,119.32,14.81,12.56,6.63,8.36,0.6,66.49,199.47,True,Low,Warehouse A,False,True,1.0,Resell
CON-101843,Tote,Plastic,6.8,31,98,High,Unsafe,61.67,None,True,15.56,21.55,0.0,1.46,6.7,2.32,2.5,0.14,7.07,21.21,True,High,Warehouse A,False,True,1.0,Recycle
CON-101844,Tote,Plastic,6.7,27,42,None,Safe,75.01,None,False,0.0,13.95,26.02,1.23,6.67,3.8,2.47,0.13,6.97,20.9,True,Low,Warehouse A,False,True,1.0,Resell
CON-101845,Crate,Plastic,6.87,7,24,Medium,Minor Damage,70.33,None,True,15.75,18.85,65.88,1.5,6.72,1.32,2.52,0.14,7.14,21.43,True,Medium,Depot C,False,True,1.0,Resell
CON-101846,Box,Plastic,6.23,39,67,High,Unsafe,59.18,None,True,5.64,15.07,0.0,1.33,6.56,2.25,2.36,0.12,6.48,19.44,True,High,Hub B,True,True,1.0,Recycle
CON-101847,Pallet,Wood,16.91,14,34,None,Safe,78.21,None,False,0.0,14.17,39.01,0.0,9.23,5.03,5.03,0.34,2.71,8.12,False,Low,Facility D,True,True,1.0,Resell
CON-101848,Box,Plastic,5.33,45,48,High,Moderate Damage,66.33,None,True,6.67,12.1,6.46,1.14,6.33,2.14,2.13,0.11,5.55,16.64,True,Medium,Depot C,True,False,1.0,Resell
CON-101849,Crate,Metal,31.22,4,4,High,Moderate Damage,81.16,None,True,34.15,15.23,79.96,16.48,12.81,5.25,8.61,0.62,68.69,206.08,True,Medium,Terminal E,True,True,1.0,Resell
CON-101850,Pallet,Wood,17.23,55,73,Medium,Minor Damage,67.29,None,True,11.64,19.71,14.15,0.0,9.31,2.57,5.11,0.34,2.76,8.27,False,Medium,Depot C,True,True,1.0,Resell
CON-101851,Tote,Plastic,5.57,57,178,Medium,Moderate Damage,39.44,None,True,9.27,32.88,4.29,1.21,6.39,1.17,2.19,0.11,5.8,17.39,True,Medium,Warehouse A,True,True,1.0,Resell
CON-101852,Tote,Plastic,5.36,39,50,High,Unsafe,87.07,Organic,True,19.96,12.94,0.0,1.02,6.34,2.14,2.14,0.11,5.57,16.72,True,High,Hub B,True,True,1.0,Recycle
CON-101853,Box,Cardboard,1.21,50,145,High,Unsafe,55.36,None,True,7.49,23.45,0.0,0.1,5.3,1.64,1.1,0.02,0.48,1.45,True,High,Terminal E,False,True,1.0,Recycle
CON-101854,Tote,Plastic,5.13,18,58,Low,Safe,71.53,Chemical,False,2.08,16.07,29.56,0.96,15.7,3.62,2.08,0.1,5.33,15.99,True,Medium,Warehouse A,False,True,1.0,Resell
CON-101855,Crate,Metal,35.35,60,46,None,Safe,75.55,None,False,0.0,20.27,22.5,16.64,13.84,7.24,9.64,0.71,77.77,233.3,True,Low,Terminal E,False,True,1.0,Resell
CON-101856,Drum,Metal,25.45,43,50,Medium,Moderate Damage,60.76,None,True,20.93,28.89,58.73,11.79,11.36,3.55,7.16,0.51,56.0,167.99,True,Medium,Hub B,True,True,1.0,Resell
CON-101857,Pallet,Wood,19.29,59,72,Critical,Unsafe,72.58,None,True,34.25,18.81,0.0,0.0,9.82,5.32,5.62,0.39,3.09,9.26,False,High,Terminal E,True,True,1.0,Dispose
CON-101858,Pallet,Plastic,6.63,36,112,Medium,Moderate Damage,72.94,None,True,8.12,22.76,22.82,1.38,6.66,1.3,2.46,0.13,6.89,20.67,True,Medium,Hub B,True,True,1.0,Resell
CON-101859,Drum,Plastic,6.48,6,5,Low,Minor Damage,79.28,None,False,5.8,21.61,122.31,1.24,6.62,3.78,2.42,0.13,6.74,20.23,True,Low,Terminal E,True,True,1.0,Resell
CON-101860,Tote,Plastic,6.95,30,18,None,Safe,71.48,None,False,0.0,12.08,24.62,1.48,6.74,3.83,2.54,0.14,7.23,21.69,True,Low,Warehouse A,True,False,1.0,Resell
CON-101861,Box,Cardboard,1.22,13,18,High,Unsafe,77.9,None,True,6.96,7.36,0.0,0.11,5.3,1.65,1.1,0.02,0.49,1.46,True,High,Warehouse A,True,True,1.0,Recycle
CON-101862,Drum,Plastic,6.2,60,209,Medium,Minor Damage,34.94,Organic,True,21.44,48.66,12.17,1.25,6.55,1.24,2.35,0.12,6.45,19.34,True,Medium,Warehouse A,True,True,1.0,Resell
CON-101863,Tote,Plastic,6.26,2,6,None,Safe,75.3,None,False,0.0,10.31,37.21,1.2,6.57,3.75,2.37,0.13,6.51,19.53,True,Low,Hub B,True,True,1.0,Resell
CON-101864,Tote,Plastic,5.45,13,14,None,Safe,76.96,None,False,0.0,10.86,33.94,1.03,6.36,3.65,2.16,0.11,5.67,17.0,True,Low,Hub B,True,True,1.0,Resell
CON-101865,Tote,Plastic,5.85,40,50,None,Safe,74.77,Chemical,False,0.0,14.78,21.1,1.14,16.15,3.7,2.26,0.12,6.08,18.24,True,Medium,Depot C,True,True,1.0,Resell
CON-101866,Drum,Metal,30.65,22,12,Low,Minor Damage,91.47,None,False,4.85,20.48,96.55,16.44,12.66,6.68,8.46,0.61,67.44,202.32,True,Low,Hub B,True,False,1.0,Resell
CON-101867,Drum,Metal,26.98,28,81,Low,Minor Damage,75.3,None,False,6.24,29.81,63.07,14.41,11.75,6.24,7.55,0.54,59.37,178.1,True,Low,Facility D,False,True,1.0,Resell
CON-101868,Tote,Plastic,4.81,49,111,High,Unsafe,69.58,None,True,21.24,21.66,0.0,0.91,6.2,2.08,2.0,0.1,5.0,15.01,True,High,Depot C,True,False,1.0,Recycle
CON-101869,Drum,Plastic,5.83,38,80,High,Unsafe,70.29,None,True,45.5,30.46,0.0,1.21,6.46,2.2,2.26,0.12,6.06,18.19,True,High,Warehouse A,False,False,1.0,Recycle
CON-101870,Crate,Metal,29.28,6,4,High,Moderate Damage,75.25,None,True,42.5,16.11,70.99,15.27,12.32,5.01,8.12,0.59,64.42,193.27,True,Medium,Facility D,True,True,1.0,Resell
CON-101871,Drum,Plastic,6.55,1,2,Medium,Minor Damage,83.32,None,True,28.26,20.7,118.44,1.36,6.64,1.29,2.44,0.13,6.81,20.43,True,Medium,Facility D,False,True,1.0,Resell
CON-101872,Pallet,Wood,18.27,14,47,None,Safe,72.28,None,False,0.0,16.36,39.37,0.0,9.57,5.19,5.37,0.37,2.92,8.77,False,Low,Facility D,True,True,1.0,Resell
CON-101873,Crate,Plastic,6.62,2,4,Low,Minor Damage,86.94,None,False,4.47,14.36,80.99,1.25,6.66,3.79,2.46,0.13,6.89,20.66,True,Low,Depot C,True,True,1.0,Resell
CON-101874,Crate,Wood,22.36,28,20,Low,Safe,69.01,Organic,False,3.4,18.65,57.68,0.0,10.59,5.68,6.39,0.45,3.58,10.73,False,Low,Warehouse A,True,True,1.0,Resell
CON-101875,Pallet,Plastic,6.89,32,57,High,Moderate Damage,65.93,Organic,True,20.71,18.31,30.42,1.51,6.72,2.33,2.52,0.14,7.17,21.5,True,Medium,Warehouse A,False,True,1.0,Resell
CON-101876,Pallet,Plastic,6.86,56,36,None,Safe,86.92,None,False,0.0,13.06,18.44,1.3,6.72,3.82,2.52,0.14,7.14,21.41,True,Low,Warehouse A,True,True,1.0,Resell
CON-101877,Tote,Plastic,6.24,6,20,None,Safe,95.95,None,False,0.0,8.61,34.52,1.35,6.56,3.75,2.36,0.12,6.49,19.48,True,Low,Depot C,True,True,1.0,Resell
CON-101878,Drum,Metal,34.7,25,37,None,Safe,91.05,None,False,0.0,23.04,76.16,17.08,13.67,7.16,9.47,0.69,76.34,229.01,True,Low,Depot C,True,True,1.0,Resell
CON-101879,Drum,Plastic,6.59,46,56,Medium,Minor Damage,72.68,None,True,20.65,27.7,53.15,1.25,6.65,1.29,2.45,0.13,6.86,20.57,True,Medium,Facility D,False,True,1.0,Resell
CON-101880,Box,Plastic,6.92,54,47,None,Safe,81.56,None,False,0.0,9.72,5.89,1.37,6.73,3.83,2.53,0.14,7.2,21.59,True,Low,Facility D,True,True,1.0,Resell
CON-101881,Drum,Plastic,6.09,45,28,Low,Minor Damage,69.99,None,False,5.99,25.3,56.49,1.28,6.52,3.73,2.32,0.12,6.34,19.01,True,Low,Depot C,True,True,1.0,Resell
CON-101882,Tote,Plastic,5.13,23,70,Medium,Moderate Damage,63.5,None,True,9.21,18.47,26.65,1.1,6.28,1.12,2.08,0.1,5.34,16.01,True,Medium,Hub B,False,True,1.0,Resell
CON-101883,Crate,Wood,18.12,10,5,Low,Minor Damage,86.36,None,False,3.69,14.55,69.13,0.0,9.53,5.17,5.33,0.36,2.9,8.7,False,Low,Facility D,True,True,1.0,Resell
CON-101884,Drum,Metal,31.82,14,9,None,Safe,74.54,None,False,0.0,22.72,103.94,14.47,12.96,6.82,8.76,0.64,70.01,210.02,True,Low,Depot C,True,True,1.0,Resell
CON-101885,Tote,Plastic,5.38,19,50,Low,Minor Damage,82.68,Organic,False,2.24,13.6,31.14,1.11,6.35,3.65,2.15,0.11,5.6,16.79,True,Low,Facility D,True,True,1.0,Resell
CON-101886,Pallet,Wood,23.53,28,96,Low,Safe,54.95,None,False,2.47,23.86,23.95,0.0,10.88,5.82,6.68,0.47,3.77,11.3,False,Low,Terminal E,True,True,1.0,Resell
CON-101887,Crate,Metal,35.88,43,68,Medium,Moderate Damage,84.07,Chemical,True,17.7,21.19,35.41,17.94,34.92,4.81,9.77,0.72,78.93,236.78,True,Medium,Terminal E,False,True,1.0,Resell
CON-101888,Box,Plastic,6.01,48,162,High,Unsafe,55.55,None,True,7.37,25.12,0.0,1.19,6.5,2.22,2.3,0.12,6.25,18.74,True,High,Facility D,True,False,1.0,Recycle
CON-101889,Drum,Plastic,6.41,18,47,Low,Minor Damage,78.6,Organic,False,6.68,25.91,89.75,1.25,6.6,3.77,2.4,0.13,6.66,19.98,True,Low,Hub B,True,True,1.0,Resell
CON-101890,Crate,Metal,31.03,2,4,None,Safe,90.91,None,False,0.0,13.76,72.54,14.69,12.76,6.72,8.56,0.62,68.27,204.82,True,Low,Hub B,True,True,1.0,Resell
CON-101891,Drum,Plastic,6.85,21,28,None,Safe,73.99,None,False,0.0,24.7,90.25,1.35,6.71,3.82,2.51,0.14,7.13,21.38,True,Low,Hub B,True,True,1.0,Resell
CON-101892,Box,Plastic,5.7,20,39,Medium,Moderate Damage,66.17,None,True,3.11,11.22,10.21,1.05,6.43,1.18,2.23,0.11,5.93,17.79,True,Medium,Facility D,True,True,1.0,Resell
CON-101893,Crate,Wood,16.02,21,48,Low,Minor Damage,87.31,None,False,4.39,18.7,60.29,0.0,9.01,4.92,4.81,0.32,2.56,7.69,False,Low,Hub B,True,False,1.0,Resell
CON-101894,Crate,Wood,20.3,48,122,Low,Minor Damage,63.19,Hazardous,False,4.58,29.72,0.0,0.0,60.45,5.44,5.87,0.41,3.25,9.74,False,High,Facility D,True,True,1.0,Dispose
CON-101895,Pallet,Plastic,4.98,44,46,None,Safe,80.14,None,False,0.0,15.08,22.81,0.95,6.25,3.6,2.05,0.1,5.18,15.55,True,Low,Facility D,True,False,1.0,Resell
CON-101896,Tote,Plastic,6.33,45,38,Low,Minor Damage,82.09,None,False,2.1,12.49,19.42,1.34,6.58,3.76,2.38,0.13,6.58,19.75,True,Low,Terminal E,True,True,1.0,Resell
CON-101897,Tote,Plastic,5.59,52,106,None,Safe,67.5,None,False,0.0,21.48,10.39,1.15,6.4,3.67,2.2,0.11,5.82,17.45,True,Low,Hub B,True,True,1.0,Resell
CON-101898,Tote,Plastic,6.11,46,128,Medium,Minor Damage,44.62,None,True,6.61,27.11,12.41,1.16,6.53,1.23,2.33,0.12,6.36,19.08,True,Medium,Facility D,True,True,1.0,Resell
CON-101899,Pallet,Plastic,7.0,7,17,,Safe,79.37,None,False,0.0,12.29,46.99,1.33,6.75,3.84,2.55,0.14,7.28,21.83,True,Low,Warehouse A,True,True,1.0,Resell
CON-101900,Drum,Metal,27.54,6,8,None,Safe,95.76,Chemical,False,0.0,19.44,105.32,13.31,29.71,6.31,7.69,0.55,60.59,181.78,True,Medium,Depot C,True,True,1.0,Resell
CON-101901,Crate,Wood,16.31,4,11,Medium,Moderate Damage,97.49,Hazardous,True,13.36,13.48,0.0,0.0,54.47,2.46,4.88,0.33,2.61,7.83,False,High,Warehouse A,True,False,1.0,Dispose
CON-101902,Drum,Plastic,6.27,20,49,None,Safe,80.61,Chemical,False,0.0,25.81,82.67,1.34,16.42,3.75,2.37,0.13,6.52,19.57,True,Medium,Facility D,True,True,1.0,Resell
CON-101903,Box,Cardboard,1.56,7,6,Low,Minor Damage,88.56,None,False,0.69,4.57,12.54,0.11,5.39,3.19,1.19,0.03,0.62,1.87,True,Low,Terminal E,True,True,1.0,Resell
CON-101904,Drum,Plastic,6.46,6,3,None,Safe,94.6,None,False,0.0,19.11,106.48,1.37,6.61,3.77,2.41,0.13,6.71,20.14,True,Low,Warehouse A,False,False,1.0,Resell
CON-101905,Pallet,Wood,21.5,41,120,High,Unsafe,48.16,None,True,23.85,27.28,0.0,0.0,10.37,4.08,6.17,0.43,3.44,10.32,False,High,Facility D,False,True,1.0,Dispose
CON-101906,Pallet,Plastic,5.99,52,171,Medium,Minor Damage,43.43,None,True,10.27,33.09,6.23,1.11,6.5,1.22,2.3,0.12,6.23,18.69,True,Medium,Depot C,False,True,1.0,Resell
CON-101907,Drum,Metal,32.44,11,10,None,Safe,69.2,None,False,0.0,23.62,107.76,17.56,13.11,6.89,8.91,0.65,71.37,214.11,True,Low,Depot C,True,False,1.0,Resell
CON-101908,Pallet,Plastic,7.05,10,23,None,Safe,86.54,None,False,0.0,11.82,40.02,1.47,6.76,3.85,2.56,0.14,7.34,22.01,True,Low,Warehouse A,True,False,1.0,Resell
CON-101909,Box,Cardboard,1.75,34,57,High,Unsafe,87.28,None,True,5.87,9.86,0.0,0.15,5.44,1.71,1.24,0.03,0.7,2.1,True,High,Hub B,True,True,1.0,Recycle
CON-101910,Crate,Plastic,6.93,17,31,None,Safe,73.02,None,False,0.0,19.15,62.75,1.34,6.73,3.83,2.53,0.14,7.2,21.61,True,Low,Terminal E,True,True,1.0,Resell
CON-101911,Tote,Plastic,5.85,45,57,High,Moderate Damage,85.79,None,True,18.91,13.83,17.05,1.14,6.46,2.2,2.26,0.12,6.08,18.24,True,Medium,Hub B,True,False,1.0,Resell
CON-101912,Tote,Plastic,6.55,25,38,None,Safe,90.18,None,False,0.0,11.27,26.36,1.43,6.64,3.79,2.44,0.13,6.81,20.43,True,Low,Facility D,True,True,1.0,Resell
CON-101913,Box,Cardboard,1.68,56,60,Medium,Moderate Damage,87.73,None,True,3.4,10.09,4.59,0.13,5.42,0.7,1.22,0.03,0.67,2.02,True,Medium,Facility D,True,False,1.0,Resell
CON-101914,Box,Cardboard,1.4,49,130,High,Unsafe,48.29,None,True,7.55,23.01,0.0,0.12,5.35,1.67,1.15,0.03,0.56,1.68,True,High,Hub B,True,False,1.0,Recycle
CON-101915,Box,Cardboard,1.36,52,113,Medium,Minor Damage,48.69,None,True,2.93,21.25,3.61,0.11,5.34,0.66,1.14,0.03,0.54,1.63,True,Medium,Terminal E,True,True,1.0,Resell
CON-101916,Pallet,Wood,22.56,22,59,High,Moderate Damage,68.47,None,True,18.07,18.13,32.4,0.0,10.64,4.21,6.44,0.45,3.61,10.83,False,Medium,Terminal E,True,False,1.0,Resell
CON-101917,Tote,Plastic,6.8,22,36,Low,Safe,75.01,None,False,2.22,13.35,26.43,1.48,6.7,3.82,2.5,0.14,7.08,21.23,True,Low,Terminal E,True,True,1.0,Resell
CON-101918,Tote,Plastic,6.62,8,16,High,Moderate Damage,89.44,None,True,17.54,9.18,33.46,1.33,6.66,2.29,2.46,0.13,6.89,20.67,True,Medium,Depot C,False,False,1.0,Resell
CON-101919,Drum,Plastic,6.98,41,81,High,Moderate Damage,65.48,None,True,50.2,31.28,50.32,1.41,6.74,2.34,2.54,0.14,7.25,21.76,True,Medium,Facility D,True,True,1.0,Resell
CON-101920,Drum,Plastic,5.15,15,23,Low,Safe,92.97,None,False,6.95,21.36,96.05,1.07,6.29,3.62,2.09,0.1,5.36,16.07,True,Low,Depot C,True,False,1.0,Resell
CON-101921,Tote,Plastic,7.12,6,20,Low,Safe,74.83,None,False,2.02,11.78,34.5,1.48,6.78,3.85,2.58,0.14,7.4,22.2,True,Low,Hub B,False,True,1.0,Resell
CON-101922,Box,Plastic,5.82,22,25,None,Safe,84.33,None,False,0.0,7.1,10.55,1.23,6.45,3.7,2.25,0.12,6.05,18.15,True,Low,Facility D,True,True,1.0,Resell
CON-101923,Tote,Plastic,5.37,47,24,High,Moderate Damage,78.23,None,True,19.7,11.67,18.15,1.14,6.34,2.14,2.14,0.11,5.59,16.76,True,Medium,Warehouse A,True,True,1.0,Resell
CON-101924,Box,Plastic,6.18,42,101,High,Moderate Damage,52.14,None,True,6.82,19.53,5.27,1.3,6.55,2.24,2.35,0.12,6.43,19.29,True,Medium,Hub B,True,False,1.0,Resell
CON-101925,Tote,Plastic,6.16,34,95,Medium,Moderate Damage,61.35,None,True,6.67,21.3,17.11,1.27,6.54,1.24,2.34,0.12,6.41,19.23,True,Medium,Terminal E,True,True,0.58,Manual_Review
CON-101926,Crate,Metal,24.06,54,165,High,Moderate Damage,53.84,Chemical,True,40.24,35.42,9.86,12.09,27.54,4.39,6.82,0.48,52.93,158.8,True,Medium,Facility D,False,True,1.0,Resell
CON-101927,Crate,Plastic,6.91,23,28,Low,Safe,67.63,None,False,4.62,19.66,51.88,1.38,6.73,3.83,2.53,0.14,7.19,21.57,True,Low,Depot C,False,True,1.0,Resell
CON-101928,Crate,Metal,26.47,60,155,Medium,Moderate Damage,50.28,None,True,16.64,34.96,7.3,12.32,11.62,3.68,7.42,0.53,58.24,174.73,True,Medium,Terminal E,True,True,1.0,Resell
CON-101929,Pallet,Plastic,6.57,11,37,Low,Minor Damage,63.5,None,False,2.85,16.67,42.62,1.35,6.64,3.79,2.44,0.13,6.83,20.5,True,Low,Hub B,True,True,1.0,Resell
CON-101930,Crate,Metal,25.67,59,57,High,Moderate Damage,76.1,None,True,37.55,21.29,22.34,12.57,11.42,4.58,7.22,0.51,56.46,169.39,True,Medium,Terminal E,True,True,1.0,Dispose
CON-101931,Tote,Plastic,6.79,54,82,Low,Safe,65.39,None,False,1.99,19.39,10.81,1.32,6.7,3.82,2.5,0.14,7.07,21.2,True,Low,Hub B,True,True,1.0,Resell
CON-101932,Pallet,Plastic,5.29,7,12,,Safe,79.0,None,False,0.0,11.85,42.38,1.11,6.32,3.64,2.12,0.11,5.51,16.52,True,Low,Hub B,True,False,1.0,Resell
CON-101933,Drum,Plastic,5.71,21,47,Low,Safe,76.16,None,False,5.53,26.28,81.21,1.17,6.43,3.69,2.23,0.11,5.94,17.82,True,Low,Hub B,True,True,1.0,Resell
CON-101934,Drum,Plastic,5.04,56,96,Medium,Minor Damage,52.28,None,True,27.17,34.76,31.1,0.96,6.26,1.11,2.06,0.1,5.25,15.74,True,Medium,Terminal E,True,True,1.0,Resell
CON-101935,Pallet,Plastic,6.88,23,26,,Safe,80.8,None,False,0.0,12.98,39.45,1.42,6.72,3.83,2.52,0.14,7.15,21.45,True,Low,Warehouse A,True,True,1.0,Resell
CON-101936,Pallet,Plastic,6.27,17,20,None,Safe,71.44,None,False,0.0,13.78,40.76,1.3,6.57,3.75,2.37,0.13,6.53,19.58,True,Low,Facility D,True,True,1.0,Resell
CON-101937,Tote,Plastic,5.76,7,8,None,Safe,78.96,None,False,0.0,9.96,38.25,1.15,6.44,3.69,2.24,0.12,5.99,17.98,True,Low,Warehouse A,False,False,1.0,Resell
CON-101938,Drum,Metal,31.43,21,20,None,Safe,79.91,Organic,False,0.0,23.01,98.4,15.24,12.86,6.77,8.66,0.63,69.16,207.47,True,Low,Warehouse A,True,True,1.0,Resell
CON-101939,Drum,Plastic,7.03,7,17,Low,Minor Damage,95.27,None,False,6.98,20.41,113.7,1.48,6.76,3.84,2.56,0.14,7.31,21.92,True,Low,Depot C,True,True,1.0,Resell
CON-101940,Crate,Plastic,4.8,2,3,Low,Minor Damage,87.39,None,False,4.76,14.19,79.37,0.99,6.2,3.58,2.0,0.1,5.0,14.99,True,Low,Warehouse A,True,True,1.0,Resell
CON-101941,Pallet,Plastic,5.1,23,60,Critical,Unsafe,58.16,None,True,37.68,19.78,0.0,1.11,6.27,3.61,2.07,0.1,5.3,15.91,True,High,Depot C,False,True,1.0,Recycle
CON-101942,Box,Cardboard,1.57,25,20,Medium,Minor Damage,82.2,Chemical,True,2.44,6.92,10.9,0.13,13.48,0.69,1.19,0.03,0.63,1.88,True,Medium,Warehouse A,False,True,1.0,Resell
CON-101943,Crate,Metal,24.4,35,62,High,Moderate Damage,59.28,None,True,38.59,24.31,40.5,11.95,11.1,4.43,6.9,0.49,53.68,161.05,True,Medium,Hub B,True,True,1.0,Resell
CON-101944,Tote,Plastic,5.87,44,54,Medium,Minor Damage,65.48,None,True,7.17,16.58,18.03,1.26,6.47,1.2,2.27,0.12,6.1,18.31,True,Medium,Depot C,False,True,1.0,Resell
CON-101945,Pallet,Wood,18.16,6,20,Medium,Minor Damage,71.97,None,True,11.01,13.7,47.88,0.0,9.54,2.68,5.34,0.36,2.91,8.72,False,Medium,Terminal E,True,True,1.0,Resell
CON-101946,Drum,Plastic,5.2,41,58,Medium,Minor Damage,75.43,None,True,28.06,27.48,60.87,1.0,6.3,1.12,2.1,0.1,5.4,16.21,True,Medium,Terminal E,False,True,1.0,Resell
CON-101947,Crate,Metal,35.56,13,33,Medium,Minor Damage,73.47,None,True,17.11,19.28,69.65,16.81,13.89,4.77,9.69,0.71,78.23,234.69,True,Medium,Depot C,False,True,1.0,Resell
CON-101948,Box,Cardboard,1.78,22,22,None,Safe,88.48,None,False,0.0,6.18,11.55,0.15,5.45,3.21,1.25,0.04,0.71,2.14,True,Low,Depot C,True,True,1.0,Resell
CON-101949,Tote,Plastic,5.83,38,30,Low,Safe,73.83,None,False,2.24,12.92,24.45,1.09,6.46,3.7,2.26,0.12,6.06,18.19,True,Low,Depot C,True,True,1.0,Resell
CON-101950,Box,Cardboard,1.55,51,123,Medium,Minor Damage,50.11,None,True,3.44,22.03,3.89,0.12,5.39,0.69,1.19,0.03,0.62,1.86,True,Medium,Depot C,False,True,1.0,Resell
CON-101951,Crate,Metal,26.58,24,61,High,Unsafe,79.4,None,True,30.38,21.19,0.0,12.22,11.64,4.69,7.44,0.53,58.47,175.41,True,High,Terminal E,True,True,1.0,Recycle
CON-101952,Drum,Metal,30.13,2,5,Medium,Minor Damage,97.26,None,True,25.42,18.91,117.62,15.19,12.53,4.12,8.33,0.6,66.3,198.89,True,Medium,Terminal E,True,True,1.0,Resell
CON-101953,Tote,Plastic,6.67,35,99,Medium,Moderate Damage,54.34,None,True,7.23,22.75,19.67,1.38,6.67,1.3,2.47,0.13,6.94,20.82,True,Medium,Hub B,True,True,1.0,Resell
CON-101954,Pallet,Wood,18.59,4,12,Low,Safe,92.06,None,False,2.21,9.89,43.7,0.0,9.65,5.23,5.45,0.37,2.97,8.92,False,Low,Facility D,True,True,0.69,Manual_Review
CON-101955,Drum,Plastic,5.92,31,19,None,Safe,66.46,None,False,0.0,24.93,80.77,1.18,6.48,3.71,2.28,0.12,6.16,18.49,True,Low,Warehouse A,True,True,1.0,Resell
CON-101956,Crate,Wood,19.87,42,81,None,Safe,64.7,Chemical,False,0.0,25.39,31.34,0.0,24.92,5.38,5.77,0.4,3.18,9.54,False,Medium,Warehouse A,False,True,1.0,Resell
CON-101957,Tote,Plastic,6.15,43,60,Critical,Unsafe,63.58,None,True,30.28,17.46,0.0,1.31,6.54,3.74,2.34,0.12,6.39,19.18,True,High,Hub B,False,True,1.0,Recycle
CON-101958,Drum,Plastic,6.28,30,41,Medium,Minor Damage,79.76,None,True,27.9,25.14,71.53,1.32,6.57,1.25,2.37,0.13,6.53,19.58,True,Medium,Terminal E,True,True,1.0,Resell
CON-101959,Tote,Plastic,7.12,47,123,High,Unsafe,56.04,None,True,15.34,24.89,0.0,1.51,6.78,2.35,2.58,0.14,7.4,22.2,True,High,Warehouse A,False,True,1.0,Recycle
CON-101960,Box,Plastic,6.14,7,7,High,Moderate Damage,,None,True,5.43,5.77,13.64,1.17,6.54,2.24,2.34,0.12,6.39,19.16,True,Medium,Warehouse A,True,True,1.0,Resell
CON-101961,Drum,Metal,33.37,22,73,High,Unsafe,61.52,None,True,45.64,31.07,0.0,16.92,13.34,5.5,9.14,0.67,73.42,220.25,True,High,Warehouse A,False,True,1.0,Recycle
CON-101962,Tote,Plastic,5.14,54,177,Critical,Unsafe,58.63,None,True,34.62,29.91,0.0,1.08,6.28,3.62,2.08,0.1,5.35,16.04,True,High,Depot C,True,False,1.0,Recycle
CON-101963,Box,Plastic,5.67,16,50,Low,Minor Damage,64.46,None,False,0.7,12.58,11.06,1.08,6.42,3.68,2.22,0.11,5.9,17.69,True,Low,Terminal E,True,True,1.0,Resell
CON-101964,Box,Plastic,4.91,52,145,High,Moderate Damage,43.67,None,True,5.63,25.2,2.7,0.95,6.23,2.09,2.03,0.1,5.11,15.33,True,Medium,Terminal E,False,False,1.0,Resell
CON-101965,Crate,Metal,29.45,32,105,Critical,Unsafe,53.29,None,True,59.63,29.51,0.0,14.27,12.36,6.53,8.16,0.59,64.78,194.34,True,High,Terminal E,False,True,1.0,Recycle
CON-101966,Crate,Wood,17.04,59,194,High,Unsafe,61.06,None,True,34.45,37.24,0.0,0.0,9.26,3.54,5.06,0.34,2.73,8.18,False,High,Terminal E,True,False,1.0,Dispose
CON-101967,Pallet,Wood,19.59,36,45,None,Safe,68.08,None,False,0.0,16.79,26.97,0.0,9.9,5.35,5.7,0.39,3.13,9.4,False,Low,Facility D,False,True,0.61,Manual_Review
CON-101968,Crate,Plastic,7.06,42,127,Medium,Moderate Damage,54.31,None,True,14.29,31.55,26.96,1.29,6.77,1.35,2.57,0.14,7.34,22.03,True,Medium,Facility D,True,True,1.0,Resell
CON-101969,Tote,Plastic,6.6,47,125,Low,Minor Damage,47.63,None,False,2.32,26.36,12.28,1.26,6.65,3.79,2.45,0.13,6.86,20.58,True,Low,Depot C,True,True,1.0,Resell
CON-101970,Tote,Plastic,6.21,45,140,High,Unsafe,50.24,Organic,True,15.24,27.46,0.0,1.14,6.55,2.24,2.35,0.12,6.46,19.37,True,High,Depot C,False,True,1.0,Recycle
CON-101971,Crate,Wood,19.87,30,68,None,Safe,61.87,None,False,0.0,24.52,47.09,0.0,9.97,5.38,5.77,0.4,3.18,9.54,False,Low,Depot C,False,True,1.0,Resell
CON-101972,Box,Plastic,7.09,37,70,None,Safe,59.57,None,False,0.0,15.32,7.15,1.47,6.77,3.85,2.57,0.14,7.37,22.11,True,Low,Depot C,False,True,1.0,Resell
CON-101973,Drum,Metal,26.0,44,98,Medium,Moderate Damage,65.19,None,True,28.69,33.02,41.66,11.76,11.5,3.62,7.3,0.52,57.19,171.58,True,Medium,Hub B,True,False,1.0,Resell
CON-101974,Drum,Plastic,6.58,1,3,None,Safe,77.69,None,False,0.0,21.65,123.49,1.23,6.64,3.79,2.44,0.13,6.84,20.53,True,Low,Facility D,True,True,1.0,Resell
CON-101975,Tote,Plastic,4.88,50,154,None,Safe,42.49,None,False,0.0,30.03,7.59,0.95,6.22,3.59,2.02,0.1,5.08,15.23,True,Low,Warehouse A,True,False,1.0,Resell
CON-101976,Pallet,Plastic,5.33,30,68,Critical,Unsafe,84.31,None,True,34.94,16.65,0.0,1.05,6.33,3.64,2.13,0.11,5.55,16.64,True,High,Hub B,True,True,1.0,Recycle
CON-101977,Tote,Plastic,5.21,43,123,Medium,Moderate Damage,59.21,Organic,True,9.33,24.42,14.0,1.0,6.3,1.13,2.1,0.1,5.42,16.27,True,Medium,Hub B,True,True,1.0,Resell
CON-101978,Box,Cardboard,1.33,38,124,Critical,Unsafe,66.8,None,True,12.25,19.63,0.0,0.11,5.33,3.16,1.13,0.03,0.53,1.6,True,High,Warehouse A,False,False,1.0,Recycle
CON-101979,Crate,Metal,26.72,59,29,None,Safe,74.57,None,False,0.0,18.71,26.42,13.19,11.68,6.21,7.48,0.53,58.78,176.34,True,Low,Facility D,True,True,1.0,Resell
CON-101980,Tote,Plastic,5.38,46,138,High,Moderate Damage,48.84,None,True,16.31,27.47,11.32,1.08,6.35,2.15,2.15,0.11,5.6,16.79,True,Medium,Terminal E,True,True,1.0,Resell
CON-101981,Crate,Wood,16.85,38,91,None,Safe,74.12,None,False,0.0,24.98,34.07,0.0,9.21,5.02,5.01,0.34,2.7,8.09,False,Low,Depot C,True,False,1.0,Resell
CON-101982,Drum,Plastic,6.62,20,68,None,Safe,76.41,None,False,0.0,28.34,72.19,1.34,6.66,3.79,2.46,0.13,6.89,20.67,True,Low,Facility D,False,False,1.0,Resell
CON-101983,Box,Cardboard,1.63,9,9,None,Safe,71.57,None,False,0.0,7.41,14.5,0.12,5.41,3.2,1.21,0.03,0.65,1.96,True,Low,Warehouse A,True,False,1.0,Resell
CON-101984,Pallet,Wood,20.32,31,68,Medium,Moderate Damage,81.62,None,True,9.99,17.06,29.84,0.0,10.08,2.94,5.88,0.41,3.25,9.75,False,Medium,Warehouse A,True,True,1.0,Resell
CON-101985,Drum,Metal,30.92,8,15,High,Unsafe,87.71,None,True,43.38,21.34,0.0,14.51,12.73,5.21,8.53,0.62,68.01,204.04,True,High,Hub B,True,True,0.63,Manual_Review
CON-101986,Box,Cardboard,1.52,20,30,None,Safe,89.5,None,False,0.0,6.83,10.04,0.13,5.38,3.18,1.18,0.03,0.61,1.82,True,Low,Warehouse A,True,True,1.0,Resell
CON-101987,Crate,Wood,19.19,34,67,Low,Safe,,Organic,False,3.29,23.67,43.73,0.0,9.8,5.3,5.6,0.38,3.07,9.21,False,Low,Depot C,False,True,1.0,Resell
CON-101988,Box,Cardboard,1.41,26,66,Low,Minor Damage,79.21,None,False,0.62,11.97,8.52,0.12,5.35,3.17,1.15,0.03,0.57,1.7,True,Low,Facility D,True,True,1.0,Resell
CON-101989,Crate,Metal,30.51,52,55,None,Safe,71.81,None,False,0.0,21.73,28.84,16.64,12.63,6.66,8.43,0.61,67.13,201.39,True,Low,Hub B,True,False,1.0,Resell
CON-101990,Box,Plastic,4.92,6,18,Medium,Moderate Damage,83.04,None,True,2.67,6.59,13.82,0.96,6.23,1.09,2.03,0.1,5.11,15.34,True,Medium,Warehouse A,True,False,1.0,Resell
CON-101991,Tote,Plastic,4.82,24,15,None,Safe,80.04,None,False,0.0,10.49,29.18,1.06,6.2,3.58,2.0,0.1,5.01,15.03,True,Low,Facility D,True,True,1.0,Resell
CON-101992,Tote,Plastic,4.91,55,120,High,Unsafe,72.21,Chemical,True,15.48,22.17,0.0,0.99,15.57,2.09,2.03,0.1,5.11,15.32,True,High,Warehouse A,True,False,1.0,Recycle
CON-101993,Pallet,Plastic,6.21,33,32,None,Safe,83.29,None,False,0.0,13.21,33.12,1.27,6.55,3.74,2.35,0.12,6.45,19.36,True,Low,Depot C,True,True,1.0,Resell
CON-101994,Tote,Plastic,5.0,39,38,None,Safe,65.28,Organic,False,0.0,15.01,21.22,1.07,6.25,3.6,2.05,0.1,5.2,15.6,True,Low,Facility D,True,True,1.0,Resell
CON-101995,Pallet,Plastic,6.15,30,89,None,Safe,77.45,None,False,0.0,19.78,24.17,1.25,6.54,3.74,2.34,0.12,6.39,19.18,True,Low,Terminal E,True,True,1.0,Resell
CON-101996,Drum,Plastic,5.37,60,146,High,Unsafe,56.4,None,True,48.77,39.14,0.0,1.01,6.34,2.14,2.14,0.11,5.58,16.74,True,High,Depot C,True,True,1.0,Recycle
CON-101997,Tote,Plastic,6.05,11,25,Low,Minor Damage,84.14,None,False,2.32,10.88,30.98,1.27,6.51,3.73,2.31,0.12,6.29,18.86,True,Low,Depot C,True,False,1.0,Resell
CON-101998,Pallet,Wood,22.1,15,19,None,Safe,76.98,None,False,0.0,12.85,37.56,0.0,10.53,5.65,6.33,0.44,3.54,10.61,False,Low,Facility D,False,True,1.0,Resell
CON-101999,Tote,Plastic,4.82,5,8,Low,Minor Damage,83.91,None,False,1.7,9.21,37.19,1.04,6.21,3.58,2.01,0.1,5.02,15.05,True,Low,Facility D,False,True,1.0,Resell
CON-102000,Pallet,Wood,17.77,51,117,High,Moderate Damage,58.74,None,True,26.62,25.39,11.74,0.0,9.44,3.63,5.24,0.36,2.84,8.53,False,Medium,Warehouse A,True,True,1.0,Resell
CON-102001,Box,Plastic,5.24,12,20,Medium,Minor Damage,88.24,None,True,2.79,6.01,13.76,1.06,6.31,1.13,2.11,0.1,5.45,16.36,True,Medium,Warehouse A,True,True,1.0,Resell
CON-102002,Tote,Plastic,5.32,22,51,None,Safe,76.35,None,False,0.0,14.65,26.07,0.99,6.33,3.64,2.13,0.11,5.53,16.6,True,Low,Terminal E,True,True,1.0,Resell
CON-102003,Drum,Plastic,6.71,6,20,None,Safe,70.11,None,False,0.0,24.48,97.63,1.25,6.68,3.81,2.48,0.13,6.98,20.95,True,Low,Facility D,True,True,1.0,Resell
CON-102004,Drum,Plastic,4.83,47,52,Medium,Minor Damage,72.36,None,True,25.31,27.35,53.2,0.95,6.21,1.08,2.01,0.1,5.02,15.06,True,Medium,Facility D,False,True,1.0,Resell
CON-102005,Crate,Wood,19.61,32,39,None,Safe,82.66,None,False,0.0,18.5,49.69,0.0,9.9,5.35,5.7,0.39,3.14,9.41,False,Low,Warehouse A,True,True,1.0,Resell
CON-102006,Tote,Plastic,6.24,47,122,High,Moderate Damage,53.56,None,True,17.02,25.17,11.31,1.34,6.56,2.25,2.36,0.12,6.49,19.46,True,Medium,Terminal E,True,False,1.0,Resell
CON-102007,Tote,Plastic,6.21,18,26,Low,Safe,72.62,None,False,2.29,12.71,31.78,1.31,6.55,3.75,2.35,0.12,6.46,19.38,True,Low,Depot C,True,False,1.0,Resell
CON-102008,Crate,Plastic,5.28,53,153,Critical,Unsafe,42.64,Organic,True,79.81,35.9,0.0,1.0,6.32,3.63,2.12,0.11,5.49,16.46,True,High,Depot C,True,True,1.0,Recycle
CON-102009,Pallet,Plastic,5.54,55,56,Low,Minor Damage,66.06,None,False,2.02,18.19,18.36,1.12,6.39,3.67,2.19,0.11,5.77,17.3,True,Low,Depot C,True,True,1.0,Resell
CON-102010,Crate,Wood,18.59,5,8,Low,Safe,90.94,None,False,3.35,14.16,69.22,0.0,9.65,5.23,5.45,0.37,2.97,8.92,False,Low,Warehouse A,False,True,1.0,Resell
CON-102011,Tote,Plastic,4.93,38,127,High,Unsafe,55.58,None,True,16.37,25.36,0.0,0.92,6.23,2.09,2.03,0.1,5.13,15.38,True,High,Depot C,True,True,1.0,Recycle
CON-102012,Box,Cardboard,1.42,24,73,Medium,Minor Damage,75.78,None,True,3.38,13.18,9.23,0.12,5.36,0.67,1.16,0.03,0.57,1.71,True,Medium,Terminal E,True,False,1.0,Resell
CON-102013,Crate,Wood,18.79,48,56,Low,Minor Damage,70.46,None,False,4.42,22.03,31.03,0.0,9.7,5.26,5.5,0.38,3.01,9.02,False,Low,Warehouse A,False,True,1.0,Resell
CON-102014,Crate,Plastic,5.99,8,25,Medium,Moderate Damage,82.03,None,True,18.94,17.2,65.85,1.23,6.5,1.22,2.3,0.12,6.23,18.69,True,Medium,Hub B,True,True,1.0,Resell
CON-102015,Drum,Metal,32.94,9,27,Low,Safe,74.46,None,False,6.38,24.53,110.37,17.76,13.23,6.95,9.03,0.66,72.47,217.4,True,Low,Facility D,True,True,1.0,Resell
CON-102016,Box,Plastic,5.85,5,7,None,Safe,93.98,Hazardous,False,0.0,3.85,0.0,0.0,38.77,3.7,2.26,0.12,6.08,18.24,False,High,Terminal E,False,False,1.0,Dispose
CON-102017,Drum,Plastic,5.91,5,7,None,Safe,77.82,Hazardous,False,0.0,22.03,0.0,0.0,38.86,3.71,2.28,0.12,6.14,18.42,False,High,Terminal E,True,False,1.0,Dispose
CON-102018,Box,Cardboard,1.75,49,135,Critical,Unsafe,47.51,None,True,13.26,23.62,0.0,0.14,5.44,3.21,1.24,0.03,0.7,2.1,True,High,Terminal E,True,False,1.0,Recycle
CON-102019,Box,Plastic,6.72,58,96,Medium,Minor Damage,69.22,None,True,3.03,16.47,3.24,1.32,6.68,1.31,2.48,0.13,6.99,20.96,True,Medium,Terminal E,False,False,1.0,Resell
CON-102020,Crate,Plastic,7.03,3,10,Medium,Minor Damage,78.17,None,True,19.16,16.27,74.2,1.48,6.76,1.34,2.56,0.14,7.32,21.95,True,Medium,Terminal E,True,True,1.0,Resell
CON-102021,Box,Plastic,7.08,46,90,Medium,Minor Damage,60.28,None,True,2.53,17.21,5.92,1.46,6.77,1.35,2.57,0.14,7.36,22.08,True,Medium,Depot C,False,True,1.0,Resell
CON-102022,Crate,Plastic,5.48,30,61,Medium,Minor Damage,59.02,None,True,17.72,24.25,43.67,1.12,6.37,1.16,2.17,0.11,5.7,17.09,True,Medium,Terminal E,True,True,1.0,Resell
CON-102023,Crate,Metal,30.58,27,50,None,Safe,82.19,None,False,0.0,19.67,50.21,15.49,12.65,6.67,8.45,0.61,67.28,201.85,True,Low,Facility D,False,False,1.0,Resell
CON-102024,Crate,Wood,22.95,22,61,High,Moderate Damage,85.28,None,True,35.01,20.31,50.58,0.0,10.74,4.25,6.54,0.46,3.67,11.01,False,Medium,Depot C,True,True,1.0,Resell
CON-102025,Box,Cardboard,1.75,42,76,High,Moderate Damage,,None,True,6.34,12.2,5.82,0.15,5.44,1.71,1.24,0.03,0.7,2.1,True,Medium,Depot C,False,True,1.0,Resell
CON-102026,Drum,Plastic,5.96,16,8,Medium,Minor Damage,95.42,None,True,24.55,19.49,98.78,1.1,6.49,1.21,2.29,0.12,6.2,18.59,True,Medium,Hub B,False,True,1.0,Resell
CON-102027,Pallet,Wood,22.82,10,12,Medium,Minor Damage,93.45,None,True,11.27,9.68,42.7,0.0,10.7,3.24,6.5,0.46,3.65,10.95,False,Medium,Depot C,True,True,1.0,Resell
CON-102028,Crate,Metal,35.91,33,114,High,Moderate Damage,57.23,None,True,36.73,29.82,35.97,16.91,13.98,5.81,9.78,0.72,79.0,237.01,True,Medium,Facility D,False,True,1.0,Resell
CON-102029,Pallet,Plastic,5.71,26,29,Medium,Minor Damage,70.25,Hazardous,True,8.99,14.86,0.0,0.0,38.56,1.18,2.23,0.11,5.93,17.8,False,High,Hub B,True,True,0.53,Manual_Review
CON-102030,Pallet,Plastic,5.18,20,47,None,Safe,61.02,None,False,0.0,18.05,35.24,1.13,6.29,3.62,2.09,0.1,5.38,16.15,True,Low,Depot C,True,True,1.0,Resell
CON-102031,Drum,Plastic,7.18,27,74,High,Moderate Damage,69.84,None,True,47.4,29.92,69.79,1.32,6.79,2.36,2.59,0.14,7.46,22.39,True,Medium,Terminal E,False,True,1.0,Resell
CON-102032,Crate,Metal,28.85,1,0,Medium,Minor Damage,98.88,None,True,18.91,12.17,74.84,13.1,12.21,3.96,8.01,0.58,63.47,190.41,True,Medium,Facility D,False,True,1.0,Resell
CON-102033,Box,Cardboard,1.42,43,69,None,Safe,61.42,Chemical,False,0.0,14.94,5.96,0.11,13.38,3.17,1.15,0.03,0.57,1.7,True,Medium,Hub B,True,True,1.0,Resell
CON-102034,Box,Cardboard,1.71,14,31,Low,Minor Damage,77.98,None,False,0.68,8.65,11.48,0.14,5.43,3.21,1.23,0.03,0.68,2.05,True,Low,Warehouse A,False,True,1.0,Resell
CON-102035,Drum,Plastic,6.27,54,116,Medium,Moderate Damage,67.72,None,True,20.59,34.44,25.47,1.33,6.57,1.25,2.37,0.13,6.52,19.55,True,Medium,Depot C,True,True,1.0,Resell
CON-102036,Pallet,Wood,17.95,30,36,Low,Safe,83.79,None,False,2.94,13.53,28.52,0.0,9.49,5.15,5.29,0.36,2.87,8.62,False,Low,Warehouse A,True,True,1.0,Resell
CON-102037,Tote,Plastic,7.01,51,44,Low,Safe,71.11,None,False,1.91,14.73,15.79,1.27,6.75,3.84,2.55,0.14,7.29,21.87,True,Low,Facility D,True,False,1.0,Resell
CON-102038,Box,Cardboard,1.64,55,183,Medium,Minor Damage,36.75,None,True,2.89,30.04,1.57,0.13,5.41,0.7,1.21,0.03,0.66,1.97,True,Medium,Hub B,True,True,1.0,Resell
CON-102039,Box,Plastic,5.02,49,34,Medium,Minor Damage,89.87,None,True,3.43,7.17,7.1,1.03,6.26,1.1,2.06,0.1,5.22,15.67,True,Medium,Depot C,True,True,1.0,Resell
CON-102040,Pallet,Wood,18.52,8,14,Low,Safe,87.91,None,False,2.5,10.71,44.16,0.0,9.63,5.22,5.43,0.37,2.96,8.89,False,Low,Facility D,True,False,1.0,Resell
CON-102041,Drum,Plastic,5.04,43,126,High,Unsafe,59.0,None,True,47.48,36.75,0.0,0.96,6.26,2.1,2.06,0.1,5.24,15.73,True,High,Depot C,False,True,1.0,Recycle
CON-102042,Pallet,Wood,19.66,43,147,Medium,Moderate Damage,46.88,None,True,9.07,30.17,13.68,0.0,9.92,2.86,5.72,0.39,3.15,9.44,False,Medium,Hub B,True,True,1.0,Resell
CON-102043,Tote,Plastic,4.81,15,18,None,Safe,75.16,None,False,0.0,11.53,31.86,1.05,6.2,3.58,2.0,0.1,5.0,15.0,True,Low,Terminal E,True,True,1.0,Resell
CON-102044,Crate,Wood,16.03,25,13,Medium,Minor Damage,84.6,None,True,15.04,15.61,61.5,0.0,9.01,2.42,4.81,0.32,2.57,7.7,False,Medium,Warehouse A,True,True,1.0,Resell
CON-102045,Pallet,Wood,21.48,3,2,Medium,Moderate Damage,80.28,None,True,11.15,10.66,46.32,0.0,10.37,3.08,6.17,0.43,3.44,10.31,False,Medium,Hub B,True,True,1.0,Resell
CON-102046,Crate,Wood,16.49,29,39,Low,Minor Damage,78.28,Organic,False,4.1,19.16,48.54,0.0,9.12,4.98,4.92,0.33,2.64,7.92,False,Low,Terminal E,True,False,1.0,Resell
CON-102047,Box,Cardboard,1.44,7,4,None,Safe,71.56,None,False,0.0,6.92,13.71,0.11,5.36,3.17,1.16,0.03,0.58,1.73,True,Low,Warehouse A,False,True,1.0,Resell
CON-102048,Pallet,Plastic,5.55,59,84,None,Safe,58.93,None,False,0.0,22.06,12.86,1.21,6.39,3.67,2.19,0.11,5.77,17.32,True,Low,Facility D,True,True,1.0,Resell
CON-102049,Box,Plastic,6.8,3,4,None,Safe,94.09,None,False,0.0,3.54,13.25,1.3,6.7,3.82,2.5,0.14,7.07,21.21,True,Low,Warehouse A,True,True,1.0,Resell
CON-102050,Crate,Wood,17.86,43,106,High,Unsafe,58.89,None,True,42.98,28.77,0.0,0.0,9.46,3.64,5.26,0.36,2.86,8.57,False,High,Depot C,True,True,1.0,Dispose
CON-102051,Box,Plastic,6.66,2,5,Low,Safe,88.19,None,False,0.86,4.52,15.73,1.4,6.67,3.8,2.47,0.13,6.93,20.79,True,Low,Depot C,True,True,1.0,Resell
CON-102052,Pallet,Plastic,6.52,48,112,Medium,Moderate Damage,70.54,None,True,8.87,23.12,16.26,1.32,6.63,1.28,2.43,0.13,6.78,20.35,True,Medium,Depot C,False,True,1.0,Resell
CON-102053,Pallet,Wood,22.34,52,113,Critical,Unsafe,52.03,None,True,39.6,26.0,0.0,0.0,10.59,5.68,6.39,0.45,3.57,10.72,False,High,Hub B,True,True,1.0,Dispose
CON-102054,Drum,Plastic,6.39,17,44,Medium,Minor Damage,83.0,None,True,20.39,24.95,83.71,1.35,6.6,1.27,2.4,0.13,6.65,19.95,True,Medium,Terminal E,False,True,1.0,Resell
CON-102055,Crate,Plastic,6.14,7,13,Low,Safe,72.66,None,False,3.4,17.4,71.78,1.32,6.54,3.74,2.34,0.12,6.39,19.16,True,Low,Warehouse A,False,True,1.0,Resell
CON-102056,Tote,Plastic,7.04,24,66,None,Safe,77.73,None,False,0.0,15.94,23.66,1.43,6.76,3.85,2.56,0.14,7.32,21.97,True,Low,Terminal E,False,True,1.0,Resell
CON-102057,Crate,Plastic,5.97,55,171,High,Moderate Damage,58.28,None,True,38.82,35.36,8.0,1.31,6.49,2.22,2.29,0.12,6.21,18.62,True,Medium,Terminal E,False,True,1.0,Resell
CON-102058,Pallet,Plastic,5.57,39,117,Critical,Unsafe,66.72,None,True,36.95,24.19,0.0,1.22,6.39,3.67,2.19,0.11,5.8,17.39,True,High,Warehouse A,True,True,1.0,Recycle
CON-102059,Box,Cardboard,1.25,21,37,None,Safe,90.49,None,False,0.0,7.38,10.92,0.09,5.31,3.15,1.11,0.02,0.5,1.5,True,Low,Depot C,True,False,1.0,Resell
CON-102060,Box,Cardboard,1.2,44,119,Medium,Minor Damage,56.55,None,True,3.42,20.67,4.53,0.1,5.3,0.64,1.1,0.02,0.48,1.44,True,Medium,Facility D,True,False,1.0,Resell
CON-102061,Pallet,Wood,16.59,17,42,Low,Safe,76.79,Organic,False,2.98,15.18,40.2,0.0,9.15,4.99,4.95,0.33,2.65,7.96,False,Low,Hub B,False,True,1.0,Resell
CON-102062,Box,Cardboard,1.28,5,14,Medium,Minor Damage,70.84,None,True,2.66,8.02,12.51,0.09,5.32,0.65,1.12,0.03,0.51,1.53,True,Medium,Facility D,True,True,1.0,Resell
CON-102063,Pallet,Wood,17.24,27,34,Low,Safe,72.49,Chemical,False,2.24,15.03,32.68,0.0,23.28,5.07,5.11,0.34,2.76,8.28,False,Medium,Terminal E,True,True,1.0,Resell
CON-102064,Box,Plastic,6.83,28,37,None,Safe,88.18,None,False,0.0,7.72,10.24,1.41,6.71,3.82,2.51,0.14,7.11,21.32,True,Low,Terminal E,True,True,1.0,Resell
CON-102065,Tote,Plastic,6.93,41,119,Medium,Moderate Damage,48.85,None,True,9.24,25.57,13.16,1.31,6.73,1.33,2.53,0.14,7.2,21.61,True,Medium,Terminal E,True,False,1.0,Resell
CON-102066,Pallet,Wood,18.5,59,138,High,Unsafe,64.66,None,True,20.51,26.6,0.0,0.0,9.63,3.72,5.43,0.37,2.96,8.88,False,High,Hub B,False,False,1.0,Dispose
CON-102067,Box,Cardboard,1.24,51,174,High,Moderate Damage,63.81,None,True,7.03,25.08,2.03,0.1,5.31,1.65,1.11,0.02,0.5,1.49,True,Medium,Depot C,False,True,1.0,Resell
CON-102068,Crate,Metal,32.1,51,131,High,Unsafe,52.84,None,True,35.73,32.17,0.0,15.98,13.02,5.35,8.82,0.64,70.62,211.85,True,High,Terminal E,True,True,1.0,Recycle
CON-102069,Tote,Plastic,6.45,2,5,Low,Minor Damage,70.36,None,False,1.97,10.95,42.32,1.19,6.61,3.77,2.41,0.13,6.71,20.13,True,Low,Hub B,False,True,1.0,Resell
CON-102070,Pallet,Plastic,6.02,5,10,None,Safe,92.74,None,False,0.0,9.59,44.82,1.24,6.51,3.72,2.31,0.12,6.26,18.79,True,Low,Terminal E,False,True,1.0,Resell
CON-102071,Tote,Plastic,6.24,23,78,None,Safe,61.49,None,False,0.0,19.58,22.44,1.36,6.56,3.75,2.36,0.12,6.49,19.48,True,Low,Hub B,True,True,1.0,Resell
CON-102072,Box,Plastic,6.42,26,88,High,Unsafe,82.04,None,True,6.55,13.74,0.0,1.4,6.61,2.27,2.41,0.13,6.68,20.03,True,High,Facility D,False,True,1.0,Recycle
CON-102073,Pallet,Plastic,7.08,19,51,None,Safe,83.64,None,False,0.0,15.05,32.08,1.28,6.77,3.85,2.57,0.14,7.36,22.08,True,Low,Warehouse A,True,True,1.0,Resell
CON-102074,Tote,Plastic,6.19,11,26,Medium,Minor Damage,79.46,None,True,9.31,11.68,31.66,1.33,6.55,1.24,2.35,0.12,6.43,19.3,True,Medium,Warehouse A,True,True,1.0,Resell
CON-102075,Pallet,Wood,17.37,29,34,None,Safe,63.75,None,False,0.0,16.34,33.79,0.0,9.34,5.08,5.14,0.35,2.78,8.34,False,Low,Depot C,True,True,1.0,Resell
CON-102076,Box,Cardboard,1.57,55,31,Medium,Moderate Damage,89.67,None,True,3.4,6.9,5.79,0.11,5.39,0.69,1.19,0.03,0.63,1.88,True,Medium,Hub B,False,False,1.0,Resell
CON-102077,Pallet,Plastic,5.58,11,26,None,Safe,84.2,None,False,0.0,12.47,38.48,1.16,6.4,3.67,2.2,0.11,5.81,17.42,True,Low,Warehouse A,True,True,1.0,Resell
CON-102078,Crate,Metal,30.45,17,44,Low,Safe,78.32,Organic,False,4.3,19.65,55.48,13.74,12.61,6.65,8.41,0.61,67.0,200.99,True,Low,Facility D,True,True,1.0,Resell
CON-102079,Box,Cardboard,1.65,34,40,High,Moderate Damage,71.91,None,True,7.77,10.46,9.02,0.14,5.41,1.7,1.21,0.03,0.66,1.98,True,Medium,Hub B,False,True,1.0,Resell
CON-102080,Drum,Metal,34.19,36,21,Low,Safe,69.66,None,False,5.33,24.65,74.77,16.83,13.55,7.1,9.35,0.68,75.22,225.67,True,Low,Facility D,False,False,1.0,Resell
CON-102081,Box,Cardboard,1.32,1,1,Low,Minor Damage,72.5,None,False,0.61,6.47,13.53,0.1,5.33,3.16,1.13,0.03,0.53,1.59,True,Low,Facility D,True,False,1.0,Resell
CON-102082,Tote,Plastic,5.5,48,71,Medium,Minor Damage,82.8,None,True,6.7,15.68,15.81,1.08,6.37,1.16,2.17,0.11,5.72,17.15,True,Medium,Hub B,False,True,1.0,Resell
CON-102083,Crate,Wood,16.95,1,1,None,Safe,80.17,None,False,0.0,15.07,86.38,0.0,9.24,5.03,5.04,0.34,2.71,8.14,False,Low,Facility D,False,True,1.0,Resell
CON-102084,Box,Plastic,6.81,46,68,Low,Safe,65.46,None,False,0.64,14.23,6.3,1.44,6.7,3.82,2.5,0.14,7.08,21.24,True,Low,Terminal E,True,True,1.0,Resell
CON-102085,Drum,Plastic,6.33,16,24,None,Safe,,Hazardous,False,0.0,24.45,0.0,0.0,39.49,3.76,2.38,0.13,6.58,19.74,False,High,Depot C,False,True,1.0,Dispose
CON-102086,Crate,Metal,34.44,13,29,Low,Safe,71.05,None,False,4.66,19.24,59.59,18.17,13.61,7.13,9.41,0.69,75.78,227.33,True,Low,Depot C,True,False,1.0,Resell
CON-102087,Drum,Plastic,6.49,36,76,High,Unsafe,83.59,Hazardous,True,52.82,28.06,0.0,0.0,39.73,2.28,2.42,0.13,6.75,20.25,False,High,Terminal E,True,True,0.86,Dispose
CON-102088,Crate,Metal,34.69,33,17,Low,Minor Damage,93.07,None,False,3.31,14.74,51.32,18.69,13.67,7.16,9.47,0.69,76.32,228.96,True,Low,Depot C,True,True,1.0,Resell
CON-102089,Crate,Metal,27.94,45,126,Medium,Moderate Damage,56.91,None,True,14.89,31.06,22.32,14.79,11.99,3.85,7.79,0.56,61.47,184.42,True,Medium,Terminal E,False,True,1.0,Resell
CON-102090,Tote,Plastic,5.06,13,37,Low,Safe,92.05,None,False,1.87,10.89,30.6,0.99,6.26,3.61,2.06,0.1,5.26,15.78,True,Low,Hub B,False,True,1.0,Resell
CON-102091,Box,Cardboard,1.8,1,2,Low,Minor Damage,70.56,None,False,0.87,6.87,15.0,0.13,5.45,3.22,1.25,0.04,0.72,2.16,True,Low,Warehouse A,True,True,1.0,Resell
CON-102092,Pallet,Plastic,6.5,39,110,Low,Safe,77.77,None,False,2.27,21.83,19.55,1.28,6.63,3.78,2.43,0.13,6.76,20.29,True,Low,Warehouse A,True,False,1.0,Resell
CON-102093,Tote,Plastic,4.82,59,117,Low,Minor Damage,49.52,None,False,2.2,25.27,7.38,1.01,6.2,3.58,2.0,0.1,5.01,15.03,True,Low,Terminal E,False,False,1.0,Resell
CON-102094,Pallet,Plastic,5.05,59,193,High,Unsafe,33.35,None,True,25.71,36.8,0.0,0.95,6.26,2.11,2.06,0.1,5.25,15.76,True,High,Terminal E,False,False,1.0,Recycle
CON-102095,Crate,Wood,20.11,47,114,High,Unsafe,61.82,Organic,True,39.93,29.13,0.0,0.0,10.03,3.91,5.83,0.4,3.22,9.65,False,High,Depot C,True,False,1.0,Dispose
CON-102096,Pallet,Wood,21.69,58,127,Medium,Minor Damage,60.49,None,True,9.14,26.13,8.29,0.0,10.42,3.1,6.22,0.43,3.47,10.41,False,Medium,Terminal E,True,True,1.0,Resell
CON-102097,Crate,Plastic,5.47,55,186,High,Unsafe,50.71,None,True,31.25,37.99,0.0,1.08,6.37,2.16,2.17,0.11,5.68,17.05,True,High,Facility D,True,True,1.0,Recycle
CON-102098,Crate,Plastic,6.79,37,30,None,Safe,93.07,None,False,0.0,16.04,48.34,1.29,6.7,3.82,2.5,0.14,7.06,21.19,True,Low,Depot C,True,False,1.0,Resell
CON-102099,Tote,Plastic,5.91,39,101,Medium,Moderate Damage,68.88,None,True,7.84,20.77,17.48,1.24,6.48,1.21,2.28,0.12,6.15,18.44,True,Medium,Facility D,True,True,1.0,Resell
CON-102100,Box,Plastic,5.94,20,69,High,Moderate Damage,56.47,None,True,6.72,15.68,10.28,1.3,6.49,2.21,2.29,0.12,6.18,18.55,True,Medium,Hub B,True,True,1.0,Resell
CON-102101,Drum,Plastic,7.1,7,21,None,Safe,86.31,Chemical,False,0.0,22.15,96.45,1.46,16.94,3.85,2.57,0.14,7.38,22.14,True,Medium,Facility D,True,True,1.0,Resell
CON-102102,Pallet,Plastic,5.48,16,51,None,Safe,72.35,None,False,0.0,16.75,37.67,1.01,6.37,3.66,2.17,0.11,5.7,17.09,True,Low,Terminal E,True,True,1.0,Resell
CON-102103,Pallet,Plastic,5.56,11,20,Low,Minor Damage,75.17,None,False,2.81,13.22,44.29,1.06,6.39,3.67,2.19,0.11,5.78,17.34,True,Low,Facility D,True,True,1.0,Resell
CON-102104,Pallet,Wood,17.97,31,60,None,Safe,75.28,None,False,0.0,17.21,29.14,0.0,9.49,5.16,5.29,0.36,2.87,8.62,False,Low,Warehouse A,True,True,1.0,Resell
CON-102105,Drum,Metal,34.96,10,6,None,Safe,95.39,None,False,0.0,19.29,101.26,16.41,13.74,7.2,9.54,0.7,76.91,230.73,True,Low,Depot C,True,True,1.0,Resell
CON-102106,Drum,Metal,33.19,7,15,Low,Safe,69.18,None,False,7.1,24.12,110.1,15.43,13.3,6.98,9.1,0.66,73.02,219.06,True,Low,Warehouse A,False,True,0.79,Manual_Review
CON-102107,Box,Cardboard,1.3,10,32,Low,Safe,73.91,None,False,0.71,9.36,12.87,0.1,5.33,3.16,1.13,0.03,0.52,1.56,True,Low,Facility D,True,True,1.0,Resell
CON-102108,Crate,Plastic,5.58,22,49,None,,86.42,None,False,0.0,18.94,53.55,1.16,6.39,3.67,2.19,0.11,5.8,17.4,True,Low,Facility D,True,True,1.0,Resell
CON-102109,Tote,Plastic,7.02,14,16,Low,Safe,82.16,None,False,1.75,10.28,35.49,1.47,6.75,3.84,2.55,0.14,7.3,21.89,True,Low,Warehouse A,True,True,1.0,Resell
CON-102110,Pallet,Plastic,6.16,47,116,Medium,Minor Damage,48.36,None,True,11.72,26.85,14.67,1.11,6.54,1.24,2.34,0.12,6.4,19.21,True,Medium,Hub B,True,True,1.0,Resell
CON-102111,Crate,Metal,24.28,7,13,Medium,Minor Damage,84.45,None,True,15.76,15.63,78.66,13.15,11.07,3.41,6.87,0.49,53.42,160.25,True,Medium,Warehouse A,True,True,1.0,Resell
CON-102112,Tote,Plastic,5.41,40,23,Low,Minor Damage,77.43,None,False,2.33,11.69,23.91,1.06,6.35,3.65,2.15,0.11,5.62,16.87,True,Low,Warehouse A,True,True,1.0,Resell
CON-102113,Tote,Plastic,6.58,11,24,None,Safe,71.7,None,False,0.0,12.64,34.42,1.21,6.64,3.79,2.44,0.13,6.84,20.52,True,Low,Depot C,True,True,1.0,Resell
CON-102114,Drum,Metal,34.39,58,126,Medium,Minor Damage,59.47,None,True,23.47,36.68,20.77,16.44,13.6,4.63,9.4,0.69,75.66,226.98,True,Medium,Facility D,True,True,1.0,Resell
CON-102115,Drum,Plastic,6.69,58,124,High,Moderate Damage,73.34,None,True,46.63,34.4,19.37,1.38,6.67,2.3,2.47,0.13,6.96,20.89,True,Medium,Warehouse A,True,True,1.0,Resell
CON-102116,Box,Plastic,5.42,46,80,Low,Minor Damage,79.88,Organic,False,0.75,13.27,6.13,0.98,6.36,3.65,2.16,0.11,5.64,16.91,True,Low,Terminal E,False,True,1.0,Resell
CON-102117,Crate,Plastic,5.17,41,52,None,Safe,84.29,None,False,0.0,19.56,38.58,1.02,6.29,3.62,2.09,0.1,5.38,16.14,True,Low,Facility D,True,True,1.0,Resell
CON-102118,Crate,Wood,19.53,52,134,Low,Minor Damage,60.7,None,False,3.93,31.29,16.89,0.0,9.88,5.34,5.68,0.39,3.13,9.38,False,Low,Warehouse A,False,True,1.0,Resell
CON-102119,Tote,Plastic,7.09,10,21,Medium,Minor Damage,83.83,None,True,8.32,10.52,31.31,1.42,6.77,1.35,2.57,0.14,7.37,22.12,True,Medium,Hub B,False,True,1.0,Resell
CON-102120,Crate,Wood,19.5,1,1,Low,Minor Damage,97.56,None,False,3.88,12.47,79.29,0.0,9.88,5.34,5.68,0.39,3.12,9.36,False,Low,Depot C,False,True,1.0,Repair
CON-102121,Box,Plastic,5.71,31,105,High,Unsafe,59.92,None,True,6.97,18.76,0.0,1.07,6.43,2.18,2.23,0.11,5.94,17.81,True,High,Warehouse A,True,True,1.0,Recycle
CON-102122,Crate,Wood,23.86,44,112,Medium,Minor Damage,52.45,Chemical,True,13.34,30.33,28.45,0.0,27.41,3.36,6.77,0.48,3.82,11.45,False,Medium,Terminal E,True,False,1.0,Resell
CON-102123,Box,Plastic,4.81,45,38,None,Safe,71.64,None,False,0.0,10.3,7.51,1.0,6.2,3.58,2.0,0.1,5.0,15.0,True,Low,Facility D,True,True,1.0,Resell
CON-102124,Box,Cardboard,1.48,19,12,Low,Safe,90.85,Chemical,False,0.77,4.82,12.91,0.12,13.43,3.18,1.17,0.03,0.59,1.78,True,Medium,Terminal E,False,True,1.0,Resell
CON-102125,Crate,Plastic,5.0,4,5,None,Safe,96.25,None,False,0.0,13.06,82.48,1.01,6.25,3.6,2.05,0.1,5.2,15.6,True,Low,Warehouse A,True,True,1.0,Resell
CON-102126,Tote,Plastic,4.87,12,6,None,Safe,94.34,None,False,0.0,7.45,35.87,0.99,6.22,3.58,2.02,0.1,5.06,15.19,True,Low,Hub B,True,False,1.0,Resell
CON-102127,Pallet,Plastic,5.67,40,114,Low,Minor Damage,69.13,None,False,2.69,23.53,18.45,1.17,6.42,3.68,2.22,0.11,5.9,17.71,True,Low,Depot C,True,False,1.0,Resell
CON-102128,Drum,Plastic,5.41,49,49,Critical,Unsafe,78.69,None,True,106.71,26.1,0.0,1.13,6.35,3.65,2.15,0.11,5.63,16.88,True,High,Hub B,True,True,1.0,Recycle
CON-102129,Crate,Wood,18.79,47,53,Low,Minor Damage,88.22,None,False,4.29,19.07,35.91,0.0,9.7,5.26,5.5,0.38,3.01,9.02,False,Low,Depot C,True,True,1.0,Resell
CON-102130,Tote,Plastic,6.88,51,90,None,Safe,59.75,Organic,False,0.0,21.04,13.07,1.43,6.72,3.83,2.52,0.14,7.16,21.48,True,Low,Facility D,False,False,1.0,Resell
CON-102131,Drum,Metal,34.05,21,32,Low,Safe,69.35,None,False,6.24,25.8,86.38,15.48,13.51,7.09,9.31,0.68,74.91,224.73,True,Low,Depot C,True,False,1.0,Resell
CON-102132,Box,Plastic,5.45,40,24,Low,Safe,88.86,None,False,0.7,6.32,8.81,1.07,6.36,3.65,2.16,0.11,5.67,17.02,True,Low,Depot C,True,True,1.0,Resell
CON-102133,Box,Plastic,5.3,17,27,Low,Safe,85.08,None,False,0.82,7.19,12.74,0.98,6.33,3.64,2.13,0.11,5.51,16.54,True,Low,Warehouse A,True,True,1.0,Resell
CON-102134,Box,Plastic,5.78,28,89,High,Unsafe,64.31,Chemical,True,5.61,16.5,0.0,1.12,16.12,2.19,2.25,0.12,6.02,18.05,True,High,Terminal E,False,True,1.0,Recycle
CON-102135,Pallet,Wood,22.55,30,80,Medium,Minor Damage,64.47,Chemical,True,11.41,20.83,28.04,0.0,26.59,3.21,6.44,0.45,3.61,10.82,False,Medium,Warehouse A,True,True,1.0,Resell
CON-102136,Crate,Wood,18.77,32,79,Low,Safe,83.94,None,False,3.67,22.31,44.7,0.0,9.69,5.25,5.49,0.38,3.0,9.01,False,Low,Hub B,False,False,1.0,Resell
CON-102137,Pallet,Wood,22.83,52,69,Medium,Moderate Damage,,None,True,9.79,19.21,17.24,0.0,10.71,3.24,6.51,0.46,3.65,10.96,False,Medium,Facility D,True,True,1.0,Resell
CON-102138,Drum,Metal,29.78,36,117,Medium,Moderate Damage,47.0,None,True,19.97,37.65,52.42,14.68,12.45,4.07,8.25,0.6,65.52,196.56,True,Medium,Facility D,True,True,1.0,Resell
CON-102139,Crate,Plastic,6.72,40,119,Low,Safe,63.49,None,False,4.54,29.38,31.07,1.38,6.68,3.81,2.48,0.13,6.99,20.97,True,Low,Terminal E,False,False,1.0,Resell
CON-102140,Drum,Plastic,5.5,22,44,None,Safe,68.45,None,False,0.0,27.13,90.79,1.04,6.38,3.66,2.18,0.11,5.72,17.17,True,Low,Warehouse A,True,False,1.0,Resell
CON-102141,Tote,Plastic,5.8,57,185,Medium,Moderate Damage,34.12,None,True,8.63,34.38,3.95,1.12,6.45,1.2,2.25,0.12,6.03,18.09,True,Medium,Warehouse A,True,True,1.0,Resell
CON-102142,Tote,Plastic,5.07,54,72,Medium,Moderate Damage,61.97,None,True,7.18,18.9,12.59,1.06,6.27,1.11,2.07,0.1,5.27,15.81,True,Medium,Depot C,False,True,1.0,Resell
CON-102143,Crate,Plastic,6.13,26,23,Medium,Minor Damage,74.36,None,True,18.54,18.15,52.63,1.34,6.53,1.24,2.33,0.12,6.38,19.13,True,Medium,Facility D,True,True,1.0,Resell
CON-102144,Box,Plastic,7.12,7,11,None,Safe,76.6,None,False,0.0,6.86,13.48,1.55,6.78,3.85,2.58,0.14,7.41,22.22,True,Low,Hub B,True,True,1.0,Resell
CON-102145,Pallet,Plastic,4.96,27,64,Medium,Minor Damage,78.67,None,True,11.5,17.1,29.84,0.98,6.24,1.1,2.04,0.1,5.16,15.48,True,Medium,Warehouse A,True,True,1.0,Resell
CON-102146,Box,Plastic,6.11,12,26,Low,Minor Damage,78.61,Organic,False,0.87,8.06,13.16,1.2,6.53,3.73,2.33,0.12,6.35,19.05,True,Low,Depot C,True,True,1.0,Resell
CON-102147,Tote,Plastic,5.7,23,41,None,Safe,89.4,None,False,0.0,11.69,29.89,1.06,6.43,3.68,2.23,0.11,5.93,17.8,True,Low,Terminal E,True,True,1.0,Resell
CON-102148,Tote,Plastic,5.84,3,9,None,Safe,73.17,None,False,0.0,10.92,38.94,1.14,6.46,3.7,2.26,0.12,6.07,18.22,True,Low,Terminal E,True,True,1.0,Resell
CON-102149,Tote,Plastic,5.88,3,4,Low,Safe,91.92,None,False,2.27,7.61,39.79,1.1,6.47,3.71,2.27,0.12,6.11,18.34,True,Low,Terminal E,False,True,1.0,Resell
CON-102150,Pallet,Wood,21.97,59,32,None,Safe,65.26,Chemical,False,0.0,15.91,17.38,0.0,26.23,5.64,6.29,0.44,3.51,10.54,False,Medium,Depot C,True,True,1.0,Resell
CON-102151,Tote,Plastic,5.13,35,91,High,Unsafe,76.22,None,True,17.73,18.67,0.0,1.0,6.28,2.12,2.08,0.1,5.33,16.0,True,High,Warehouse A,True,True,0.9,Recycle
CON-102152,Drum,Plastic,6.15,54,70,High,Moderate Damage,,None,True,47.13,31.4,34.62,1.24,6.54,2.24,2.34,0.12,6.39,19.18,True,Medium,Hub B,True,True,1.0,Resell
CON-102153,Crate,Plastic,5.38,58,102,Medium,Minor Damage,50.98,None,True,17.95,29.55,16.0,1.15,6.35,1.15,2.15,0.11,5.6,16.79,True,Medium,Facility D,True,True,1.0,Resell
CON-102154,Tote,Plastic,6.49,31,35,Medium,Minor Damage,69.72,None,True,8.44,14.04,23.41,1.38,6.62,1.28,2.42,0.13,6.75,20.26,True,Medium,Hub B,True,True,1.0,Resell
CON-102155,Pallet,Plastic,4.9,47,160,Medium,Moderate Damage,57.73,Chemical,True,9.64,29.84,10.06,1.0,15.56,1.09,2.03,0.1,5.1,15.29,True,Medium,Hub B,False,True,1.0,Resell
CON-102156,Box,Plastic,5.94,36,76,None,Safe,74.01,Organic,False,0.0,13.75,7.44,1.22,6.49,3.71,2.29,0.12,6.18,18.55,True,Low,Depot C,False,True,1.0,Resell
CON-102157,Crate,Plastic,6.26,20,67,Critical,Unsafe,71.15,None,True,61.6,23.03,0.0,1.3,6.57,3.75,2.37,0.13,6.51,19.53,True,High,Facility D,True,True,1.0,Recycle
CON-102158,Pallet,Wood,23.72,11,14,Medium,Moderate Damage,86.63,None,True,10.76,10.91,42.8,0.0,10.93,3.35,6.73,0.47,3.79,11.38,False,Medium,Warehouse A,True,True,1.0,Resell
CON-102159,Tote,Plastic,7.06,38,114,Medium,Moderate Damage,48.43,None,True,6.5,25.13,15.43,1.39,6.76,1.35,2.56,0.14,7.34,22.01,True,Medium,Terminal E,True,True,1.0,Resell
CON-102160,Box,Cardboard,1.72,16,35,Low,Safe,72.19,Chemical,False,0.88,9.92,10.95,0.14,13.57,3.21,1.23,0.03,0.69,2.06,True,Medium,Facility D,True,False,1.0,Resell
CON-102161,Tote,Plastic,5.57,57,122,High,Moderate Damage,74.45,None,True,21.22,22.03,7.7,1.08,6.39,2.17,2.19,0.11,5.79,17.38,True,Medium,Hub B,True,True,1.0,Resell
CON-102162,Crate,Plastic,5.9,9,21,Medium,Moderate Damage,81.07,Chemical,True,15.75,16.94,69.6,1.3,16.19,1.21,2.28,0.12,6.14,18.41,True,Medium,Facility D,True,False,1.0,Resell
CON-102163,Drum,Plastic,5.65,32,48,None,Safe,72.05,Hazardous,False,0.0,26.99,0.0,0.0,38.47,3.68,2.21,0.11,5.87,17.62,False,High,Depot C,True,True,1.0,Dispose
CON-102164,Pallet,Plastic,5.12,46,110,Low,Minor Damage,74.56,None,False,2.88,22.32,16.04,1.12,6.28,3.61,2.08,0.1,5.33,15.98,True,Low,Depot C,True,False,1.0,Resell
CON-102165,Pallet,Plastic,5.11,55,136,Medium,Moderate Damage,68.5,None,True,11.77,25.83,9.67,1.1,6.28,1.11,2.08,0.1,5.32,15.96,True,Medium,Terminal E,True,True,1.0,Resell
CON-102166,Box,Cardboard,1.26,54,174,Medium,Moderate Damage,56.34,None,True,2.58,26.2,1.61,0.11,5.31,0.65,1.11,0.03,0.5,1.51,True,Medium,Warehouse A,True,True,1.0,Resell
CON-102167,Crate,Plastic,5.29,33,88,Low,Safe,73.39,None,False,4.52,24.79,36.02,1.03,6.32,3.63,2.12,0.11,5.5,16.49,True,Low,Hub B,True,True,1.0,Resell
CON-102168,Crate,Plastic,4.82,45,45,Low,Safe,61.04,Organic,False,3.66,22.34,36.33,1.03,6.21,3.58,2.01,0.1,5.02,15.05,True,Low,Warehouse A,True,True,1.0,Resell
CON-102169,Tote,Plastic,5.67,54,133,Medium,Moderate Damage,59.05,None,True,8.22,25.44,7.48,1.18,6.42,1.18,2.22,0.11,5.89,17.68,True,Medium,Depot C,False,False,1.0,Resell
CON-102170,Pallet,Wood,18.6,27,14,Low,Safe,68.56,None,False,2.2,13.62,37.08,0.0,9.65,5.23,5.45,0.37,2.98,8.93,False,Low,Depot C,True,True,1.0,Resell
CON-102171,Drum,Metal,26.43,39,109,High,Unsafe,57.44,None,True,52.43,35.28,0.0,12.99,11.61,4.67,7.41,0.53,58.14,174.41,True,High,Hub B,False,True,1.0,Recycle
CON-102172,Pallet,Wood,22.14,10,5,Low,Safe,80.42,None,False,2.71,10.94,47.91,0.0,10.54,5.66,6.34,0.44,3.54,10.63,False,Low,Terminal E,True,True,1.0,Resell
CON-102173,Crate,Metal,24.41,40,83,High,Moderate Damage,66.72,None,True,39.04,25.29,35.72,12.4,11.1,4.43,6.9,0.49,53.71,161.12,True,Medium,Facility D,True,True,1.0,Resell
CON-102174,Tote,Plastic,6.42,56,127,High,Moderate Damage,72.5,None,True,16.71,22.83,7.02,1.4,6.61,2.27,2.41,0.13,6.68,20.04,True,Medium,Hub B,True,True,1.0,Resell
CON-102175,Drum,Plastic,5.97,20,68,High,Moderate Damage,59.06,None,True,61.74,30.94,73.07,1.13,6.49,2.22,2.29,0.12,6.21,18.64,True,Medium,Terminal E,True,False,1.0,Resell
CON-102176,Drum,Plastic,4.89,53,164,Medium,Minor Damage,60.02,Chemical,True,20.73,40.4,16.04,1.03,15.55,1.09,2.02,0.1,5.08,15.24,True,Medium,Hub B,True,True,1.0,Resell
CON-102177,Drum,Metal,27.07,34,65,Medium,Moderate Damage,76.65,None,True,23.96,28.0,67.75,13.12,11.77,3.75,7.57,0.54,59.56,178.68,True,Medium,Hub B,True,True,1.0,Resell
CON-102178,Drum,Metal,25.41,2,6,None,Safe,70.01,None,False,0.0,23.1,116.25,11.63,11.35,6.05,7.15,0.51,55.91,167.72,True,Low,Warehouse A,True,True,1.0,Resell
CON-102179,Pallet,Plastic,6.86,14,9,Low,Minor Damage,72.11,None,False,2.35,12.58,38.08,1.4,6.72,3.82,2.52,0.14,7.14,21.41,True,Low,Facility D,False,True,1.0,Resell
CON-102180,Pallet,Wood,17.75,30,20,None,Safe,92.76,None,False,0.0,10.59,34.2,0.0,9.44,5.13,5.24,0.35,2.84,8.52,False,Low,Terminal E,True,True,1.0,Resell
CON-102181,Box,Plastic,6.37,36,63,High,Moderate Damage,81.92,None,True,7.68,11.26,7.4,1.35,6.59,2.26,2.39,0.13,6.63,19.89,True,Medium,Facility D,True,False,1.0,Resell
CON-102182,Tote,Plastic,6.3,42,42,None,Safe,81.55,None,False,0.0,12.97,20.76,1.34,6.57,3.76,2.37,0.13,6.55,19.64,True,Low,Facility D,True,True,1.0,Resell
CON-102183,Tote,Plastic,6.45,36,120,Low,Minor Damage,65.32,None,False,1.69,23.2,17.6,1.32,6.61,3.77,2.41,0.13,6.7,20.11,True,Low,Warehouse A,False,True,1.0,Resell
CON-102184,Tote,Plastic,6.67,16,28,None,Safe,77.97,None,False,0.0,12.11,31.29,1.31,6.67,3.8,2.47,0.13,6.93,20.8,True,Low,Terminal E,True,True,1.0,Resell
CON-102185,Box,Plastic,6.47,27,34,None,Safe,77.63,None,False,0.0,9.0,9.76,1.4,6.62,3.78,2.42,0.13,6.73,20.18,True,Low,Depot C,False,True,1.0,Resell
CON-102186,Drum,Metal,29.89,6,5,None,Safe,92.16,None,False,0.0,19.68,110.65,14.48,12.47,6.59,8.27,0.6,65.76,197.29,True,Low,Hub B,False,True,1.0,Resell
CON-102187,Crate,Metal,27.62,33,26,Low,Minor Damage,87.21,None,False,3.9,16.52,45.28,13.93,11.91,6.31,7.71,0.55,60.77,182.31,True,Low,Depot C,True,True,1.0,Resell
CON-102188,Tote,Plastic,5.08,20,33,None,Safe,67.61,None,False,0.0,14.16,31.58,0.93,6.27,3.61,2.07,0.1,5.29,15.86,True,Low,Terminal E,True,True,1.0,Resell
CON-102189,Crate,Plastic,5.62,41,53,None,Safe,62.11,None,False,0.0,22.98,36.21,1.1,6.4,3.67,2.2,0.11,5.84,17.52,True,Low,Hub B,False,False,1.0,Resell
CON-102190,Pallet,Plastic,5.88,18,52,None,Safe,80.9,None,False,0.0,15.57,37.94,1.12,6.47,3.71,2.27,0.12,6.12,18.36,True,Low,Depot C,True,True,1.0,Resell
CON-102191,Drum,Plastic,4.87,15,52,Medium,Minor Damage,86.82,None,True,25.38,25.18,97.67,0.9,6.22,1.08,2.02,0.1,5.06,15.19,True,Medium,Facility D,True,True,1.0,Resell
CON-102192,Tote,Plastic,6.98,44,38,Medium,Minor Damage,72.85,None,True,8.85,13.87,20.24,1.46,6.74,1.34,2.54,0.14,7.26,21.77,True,Medium,Hub B,False,False,1.0,Resell
CON-102193,Box,Plastic,6.81,41,75,Critical,Unsafe,77.24,None,True,13.28,13.16,0.0,1.25,6.7,3.82,2.5,0.14,7.08,21.25,True,High,Depot C,True,False,1.0,Recycle
CON-102194,Pallet,Plastic,6.73,51,65,None,Safe,79.78,None,False,0.0,17.03,19.14,1.38,6.68,3.81,2.48,0.13,7.0,20.99,True,Low,Terminal E,True,True,1.0,Resell
CON-102195,Drum,Metal,24.19,27,27,None,Safe,66.76,None,False,0.0,25.69,78.37,12.48,11.05,5.9,6.85,0.48,53.21,159.64,True,Low,Depot C,True,True,1.0,Resell
CON-102196,Crate,Plastic,5.48,48,79,Medium,Moderate Damage,75.39,None,True,19.08,23.59,30.9,1.15,6.37,1.16,2.17,0.11,5.7,17.11,True,Medium,Facility D,True,True,1.0,Resell
CON-102197,Tote,Plastic,7.12,8,13,High,Moderate Damage,77.95,None,True,16.35,10.61,35.38,1.41,6.78,2.35,2.58,0.14,7.41,22.22,True,Medium,Depot C,True,False,1.0,Resell
CON-102198,Box,Plastic,6.51,36,42,None,Safe,78.92,None,False,0.0,9.61,9.02,1.31,6.63,3.78,2.43,0.13,6.77,20.3,True,Low,Facility D,True,True,1.0,Resell
CON-102199,Drum,Metal,25.51,46,108,Low,Minor Damage,64.95,None,False,6.57,34.06,42.4,12.09,11.38,6.06,7.18,0.51,56.11,168.34,True,Low,Depot C,True,False,1.0,Resell
CON-102200,Crate,Wood,21.0,58,139,Low,Safe,,None,False,3.44,31.48,11.02,0.0,10.25,5.52,6.05,0.42,3.36,10.08,False,Low,Terminal E,True,True,1.0,Resell
CON-102201,Drum,Plastic,6.86,43,84,Low,Safe,63.41,None,False,5.13,31.89,43.88,1.48,6.72,3.82,2.52,0.14,7.14,21.41,True,Low,Facility D,True,True,1.0,Resell
CON-102202,Box,Plastic,6.04,9,28,Critical,Unsafe,69.33,None,True,15.1,9.65,0.0,1.32,6.51,3.73,2.31,0.12,6.28,18.85,True,High,Terminal E,True,True,1.0,Recycle
CON-102203,Box,Plastic,6.55,8,6,High,Unsafe,95.22,None,True,6.48,3.57,0.0,1.25,6.64,2.29,2.44,0.13,6.81,20.43,True,High,Warehouse A,True,False,1.0,Recycle
CON-102204,Pallet,Wood,22.07,30,47,None,Safe,85.43,None,False,0.0,14.39,31.92,0.0,10.52,5.65,6.32,0.44,3.53,10.59,False,Low,Facility D,True,False,1.0,Resell
CON-102205,Crate,Metal,26.22,32,111,Low,Minor Damage,48.69,None,False,4.54,30.8,37.08,13.71,11.55,6.15,7.35,0.52,57.68,173.03,True,Low,Facility D,True,True,1.0,Resell
CON-102206,Box,Cardboard,1.4,12,18,Low,Safe,91.7,None,False,0.82,5.3,13.3,0.11,5.35,3.17,1.15,0.03,0.56,1.69,True,Low,Warehouse A,True,True,1.0,Resell
CON-102207,Tote,Plastic,6.27,43,73,Medium,Minor Damage,80.95,None,True,9.31,16.16,16.72,1.34,6.57,1.25,2.37,0.13,6.53,19.58,True,Medium,Terminal E,True,False,1.0,Resell
CON-102208,Box,Plastic,5.54,49,145,Medium,Minor Damage,41.75,None,True,2.4,25.49,3.48,1.0,6.38,1.16,2.18,0.11,5.76,17.28,True,Medium,Facility D,True,False,1.0,Resell
CON-102209,Box,Cardboard,1.49,50,34,None,Safe,65.63,None,False,0.0,10.81,6.75,0.12,5.37,3.18,1.17,0.03,0.6,1.79,True,Low,Terminal E,True,True,1.0,Resell
CON-102210,Box,Cardboard,1.36,18,41,None,Safe,77.05,Chemical,False,0.0,9.79,10.64,0.11,13.35,3.16,1.14,0.03,0.55,1.64,True,Medium,Facility D,True,False,1.0,Resell
CON-102211,Drum,Plastic,6.42,18,52,Medium,Moderate Damage,80.1,None,True,23.72,26.18,79.62,1.25,6.6,1.27,2.4,0.13,6.67,20.02,True,Medium,Depot C,True,False,1.0,Resell
CON-102212,Drum,Plastic,6.0,37,57,Low,Safe,82.79,None,False,5.12,26.28,59.86,1.12,6.5,3.72,2.3,0.12,6.24,18.71,True,Low,Hub B,False,True,1.0,Resell
CON-102213,Pallet,Wood,17.73,55,150,Medium,Moderate Damage,59.64,None,True,9.48,28.55,8.18,0.0,9.43,2.63,5.23,0.35,2.84,8.51,False,Medium,Facility D,True,True,0.86,Resell
CON-102214,Drum,Plastic,6.66,3,8,None,Safe,88.35,None,False,0.0,20.55,112.94,1.29,6.67,3.8,2.47,0.13,6.93,20.78,True,Low,Hub B,True,True,1.0,Resell
CON-102215,Box,Cardboard,1.41,36,39,Low,Safe,90.34,None,False,0.85,7.6,8.93,0.12,5.35,3.17,1.15,0.03,0.56,1.69,True,Low,Facility D,False,False,1.0,Resell
CON-102216,Drum,Plastic,5.35,17,15,Low,Minor Damage,76.09,Organic,False,7.07,23.09,89.46,1.07,6.34,3.64,2.14,0.11,5.57,16.7,True,Low,Facility D,True,True,1.0,Resell
CON-102217,Crate,Metal,26.49,3,3,None,Safe,77.88,None,False,0.0,15.62,82.13,13.87,11.62,6.18,7.42,0.53,58.29,174.87,True,Low,Warehouse A,True,False,1.0,Resell
CON-102218,Pallet,Plastic,7.05,3,3,None,Safe,99.07,None,False,0.0,7.94,45.28,1.33,6.76,3.85,2.56,0.14,7.33,21.98,True,Low,Hub B,True,False,1.0,Resell
CON-102219,Tote,Plastic,5.68,41,114,Critical,Unsafe,73.36,None,True,39.32,21.4,0.0,1.16,6.42,3.68,2.22,0.11,5.91,17.73,True,High,Warehouse A,True,True,1.0,Recycle
CON-102220,Box,Plastic,6.61,44,111,Critical,Unsafe,49.32,None,True,12.17,20.95,0.0,1.19,6.65,3.79,2.45,0.13,6.87,20.61,True,High,Facility D,True,True,1.0,Recycle
CON-102221,Crate,Plastic,5.53,54,138,Medium,Minor Damage,61.37,None,True,16.25,31.59,15.21,1.04,6.38,1.16,2.18,0.11,5.75,17.24,True,Medium,Terminal E,True,True,1.0,Resell
CON-102222,Pallet,Plastic,5.28,39,69,Medium,Moderate Damage,67.7,Chemical,True,11.85,19.25,22.48,1.06,15.8,1.13,2.12,0.11,5.49,16.46,True,Medium,Terminal E,True,False,1.0,Resell
CON-102223,Tote,Plastic,6.99,44,110,Low,Safe,57.67,None,False,1.9,23.35,12.46,1.33,6.75,3.84,2.55,0.14,7.27,21.82,True,Low,Warehouse A,True,False,1.0,Resell
CON-102224,Crate,Plastic,6.67,44,112,Medium,Minor Damage,73.77,None,True,15.59,27.13,24.25,1.43,6.67,1.3,2.47,0.13,6.94,20.81,True,Medium,Terminal E,False,True,1.0,Resell
CON-102225,Crate,Plastic,5.8,6,18,Low,Minor Damage,89.0,None,False,3.77,15.45,73.18,1.19,6.45,3.7,2.25,0.12,6.03,18.1,True,Low,Warehouse A,True,False,1.0,Resell
CON-102226,Drum,Plastic,5.21,7,10,Medium,Moderate Damage,90.74,None,True,22.03,20.39,113.07,1.06,6.3,1.12,2.1,0.1,5.41,16.24,True,Medium,Facility D,True,False,1.0,Resell
CON-102227,Tote,Plastic,4.82,36,78,High,Unsafe,60.76,None,True,17.01,19.69,0.0,1.02,6.2,2.08,2.0,0.1,5.01,15.03,True,High,Depot C,True,True,1.0,Recycle
CON-102228,Tote,Plastic,5.32,4,3,Low,Safe,98.93,None,False,2.25,6.46,35.46,1.06,6.33,3.64,2.13,0.11,5.53,16.6,True,Low,Hub B,False,True,1.0,Resell
CON-102229,Pallet,Plastic,6.57,43,124,Medium,Minor Damage,53.61,None,True,8.68,26.86,17.15,1.37,6.64,1.29,2.44,0.13,6.83,20.49,True,Medium,Depot C,False,True,1.0,Resell
CON-102230,Box,Plastic,6.4,1,2,Low,Safe,98.6,None,False,0.76,2.66,13.34,1.26,6.6,3.77,2.4,0.13,6.66,19.97,True,Low,Warehouse A,False,True,1.0,Resell
CON-102231,Drum,Plastic,5.53,49,90,Critical,Unsafe,62.07,None,True,106.65,32.69,0.0,1.13,6.38,3.66,2.18,0.11,5.75,17.25,True,High,Depot C,True,True,1.0,Recycle
CON-102232,Box,Cardboard,1.56,32,25,Low,Minor Damage,86.22,None,False,0.81,6.82,10.28,0.13,5.39,3.19,1.19,0.03,0.62,1.87,True,Low,Terminal E,True,True,1.0,Resell
CON-102233,Pallet,Plastic,5.8,37,111,Low,Minor Damage,50.38,None,False,2.69,26.04,21.59,1.27,6.45,3.7,2.25,0.12,6.04,18.11,True,Low,Terminal E,False,False,1.0,Resell
CON-102234,Crate,Wood,20.01,37,21,High,Unsafe,84.13,Organic,True,43.02,16.48,0.0,0.0,10.0,3.9,5.8,0.4,3.2,9.6,False,High,Terminal E,True,True,1.0,Dispose
CON-102235,Crate,Metal,29.39,6,13,High,Moderate Damage,68.1,Hazardous,True,40.54,18.08,0.0,0.0,74.09,5.03,8.15,0.59,64.66,193.99,False,High,Depot C,True,False,1.0,Dispose
CON-102236,Tote,Plastic,6.29,33,20,None,Safe,73.59,None,False,0.0,11.96,22.97,1.19,6.57,3.75,2.37,0.13,6.54,19.61,True,Low,Terminal E,False,True,1.0,Resell
CON-102237,Pallet,Plastic,7.03,20,56,Medium,Minor Damage,78.05,None,True,10.38,16.39,34.6,1.32,6.76,1.34,2.56,0.14,7.31,21.94,True,Medium,Warehouse A,True,True,1.0,Resell
CON-102238,Pallet,Plastic,4.95,34,72,Medium,Minor Damage,75.7,None,True,10.49,18.35,24.82,0.97,6.24,1.09,2.04,0.1,5.15,15.45,True,Medium,Warehouse A,True,False,1.0,Resell
CON-102239,Drum,Plastic,5.86,30,53,Medium,Minor Damage,69.69,None,True,23.29,27.85,76.72,1.1,6.46,1.2,2.26,0.12,6.09,18.28,True,Medium,Warehouse A,True,True,1.0,Resell
CON-102240,Tote,Plastic,6.48,23,49,None,Safe,68.9,None,False,0.0,15.57,28.01,1.35,6.62,3.78,2.42,0.13,6.74,20.21,True,Low,Terminal E,True,True,1.0,Resell
CON-102241,Crate,Metal,31.23,14,16,Low,Safe,71.45,None,False,4.34,17.88,65.13,15.3,12.81,6.75,8.61,0.62,68.7,206.09,True,Low,Warehouse A,True,False,1.0,Resell
CON-102242,Box,Cardboard,1.55,51,156,Medium,Minor Damage,45.11,None,True,3.59,26.08,2.41,0.13,5.39,0.69,1.19,0.03,0.62,1.86,True,Medium,Warehouse A,True,True,1.0,Resell
CON-102243,Box,Cardboard,1.75,36,23,None,Safe,77.47,None,False,0.0,7.93,9.1,0.15,5.44,3.21,1.24,0.03,0.7,2.1,True,Low,Warehouse A,True,True,1.0,Resell
CON-102244,Box,Plastic,5.61,37,29,Medium,Minor Damage,69.2,None,True,3.04,9.77,8.71,1.03,6.4,1.17,2.2,0.11,5.83,17.49,True,Medium,Facility D,False,True,1.0,Resell
CON-102245,Crate,Metal,35.38,39,119,Medium,Minor Damage,53.66,None,True,18.24,30.85,32.42,19.13,13.84,4.75,9.64,0.71,77.83,233.48,True,Medium,Depot C,True,True,1.0,Resell
CON-102246,Tote,Plastic,5.0,38,44,,Safe,88.97,None,False,2.06,12.05,19.98,0.93,6.25,3.6,2.05,0.1,5.2,15.6,True,Low,Hub B,True,False,1.0,Resell
CON-102247,Crate,Wood,21.33,53,60,Medium,Minor Damage,59.93,None,True,15.12,24.01,27.84,0.0,10.33,3.06,6.13,0.43,3.41,10.24,False,Medium,Terminal E,True,True,1.0,Resell
CON-102248,Tote,Plastic,5.73,7,4,Low,Safe,72.05,None,False,2.19,10.59,39.01,1.2,6.43,3.69,2.23,0.11,5.96,17.89,True,Low,Hub B,True,True,1.0,Resell
CON-102249,Box,Plastic,5.56,44,34,None,Safe,89.66,None,False,0.0,7.2,7.28,1.19,6.39,3.67,2.19,0.11,5.79,17.36,True,Low,Warehouse A,True,True,1.0,Resell
CON-102250,Pallet,Wood,17.57,12,17,Low,Minor Damage,79.18,None,False,2.06,12.32,45.81,0.0,9.39,5.11,5.19,0.35,2.81,8.43,False,Low,Hub B,True,True,1.0,Resell
CON-102251,Crate,Metal,29.17,43,110,Medium,Minor Damage,52.63,None,True,17.3,30.11,30.14,14.97,12.29,4.0,8.09,0.58,64.16,192.49,True,Medium,Terminal E,False,False,1.0,Resell
CON-102252,Box,Plastic,5.19,5,4,Low,Safe,73.92,None,False,0.6,6.56,14.96,0.96,6.3,3.62,2.1,0.1,5.4,16.2,True,Low,Depot C,True,False,1.0,Resell
CON-102253,Drum,Metal,34.52,45,32,Medium,Moderate Damage,66.39,None,True,26.92,26.24,55.48,17.44,13.63,4.64,9.43,0.69,75.94,227.81,True,Medium,Hub B,True,True,1.0,Resell
CON-102254,Tote,Plastic,4.87,26,13,Low,Minor Damage,72.54,Chemical,False,1.63,11.42,30.91,1.04,15.54,3.58,2.02,0.1,5.07,15.2,True,Medium,Facility D,True,True,1.0,Resell
CON-102255,Pallet,Plastic,6.17,3,5,None,Safe,80.75,None,False,0.0,10.89,45.83,1.19,6.54,3.74,2.34,0.12,6.42,19.26,True,Low,Terminal E,True,True,1.0,Resell
CON-102256,Drum,Plastic,5.23,55,58,None,Safe,74.78,None,False,0.0,27.58,42.11,1.07,6.31,3.63,2.11,0.1,5.44,16.32,True,Low,Terminal E,True,True,1.0,Resell
CON-102257,Crate,Plastic,5.13,41,69,Medium,Moderate Damage,56.52,None,True,15.2,25.42,37.41,1.03,6.28,1.12,2.08,0.1,5.34,16.02,True,Medium,Terminal E,True,True,1.0,Resell
CON-102258,Drum,Metal,31.31,29,97,Medium,Minor Damage,76.97,Organic,True,20.52,31.15,60.56,16.34,12.83,4.26,8.63,0.63,68.87,206.61,True,Medium,Facility D,False,True,1.0,Resell
CON-102259,Tote,Plastic,5.45,26,81,Low,Minor Damage,69.31,None,False,1.92,18.7,21.02,1.06,6.36,3.65,2.16,0.11,5.67,17.0,True,Low,Facility D,False,True,1.0,Resell
CON-102260,Crate,Plastic,7.08,14,10,Medium,Minor Damage,88.33,None,True,18.95,14.75,64.16,1.37,6.77,1.35,2.57,0.14,7.37,22.1,True,Medium,Depot C,False,True,0.63,Manual_Review
CON-102261,Tote,Plastic,6.24,57,39,Medium,Minor Damage,88.96,None,True,6.58,11.56,15.36,1.32,6.56,1.25,2.36,0.12,6.49,19.47,True,Medium,Warehouse A,True,True,1.0,Resell
CON-102262,Pallet,Wood,20.12,24,78,High,Moderate Damage,74.52,None,True,23.61,19.12,32.98,0.0,10.03,3.91,5.83,0.4,3.22,9.66,False,Medium,Depot C,True,True,1.0,Resell
CON-102263,Box,Cardboard,1.56,57,53,Medium,Moderate Damage,61.91,Organic,True,2.67,13.26,5.24,0.12,5.39,0.69,1.19,0.03,0.63,1.88,True,Medium,Depot C,True,True,1.0,Resell
CON-102264,Tote,Plastic,6.03,17,43,Low,Safe,70.97,None,False,2.3,14.65,30.56,1.2,6.51,3.72,2.31,0.12,6.27,18.81,True,Low,Terminal E,True,True,1.0,Resell
CON-102265,Box,Plastic,7.03,10,11,None,Safe,83.04,None,False,0.0,5.89,14.33,1.51,6.76,3.84,2.56,0.14,7.31,21.94,True,Low,Terminal E,True,False,1.0,Resell
CON-102266,Tote,Plastic,5.16,20,19,None,Safe,85.89,None,False,0.0,10.02,30.26,1.09,6.29,3.62,2.09,0.1,5.37,16.1,True,Low,Facility D,True,True,1.0,Resell
CON-102267,Crate,Plastic,6.88,27,30,Low,Minor Damage,78.93,None,False,3.43,18.16,58.43,1.44,6.72,3.83,2.52,0.14,7.16,21.47,True,Low,Facility D,True,True,1.0,Resell
CON-102268,Pallet,Plastic,5.29,8,5,Low,Minor Damage,69.9,None,False,2.76,12.51,47.13,1.07,6.32,3.63,2.12,0.11,5.5,16.49,True,Low,Depot C,True,True,1.0,Resell
CON-102269,Tote,Plastic,6.03,31,30,None,Safe,80.76,None,False,0.0,11.89,25.06,1.18,6.51,3.72,2.31,0.12,6.27,18.8,True,Low,Facility D,True,False,1.0,Resell
CON-102270,Drum,Plastic,5.57,45,134,Low,Minor Damage,70.83,None,False,4.93,35.78,34.96,1.11,6.39,3.67,2.19,0.11,5.79,17.38,True,Low,Hub B,True,True,1.0,Resell
CON-102271,Crate,Metal,26.27,24,67,Low,Safe,74.72,None,False,4.25,22.49,46.03,13.09,11.57,6.15,7.37,0.53,57.8,173.41,True,Low,Depot C,True,True,1.0,Resell
CON-102272,Box,Cardboard,1.21,25,18,Low,Minor Damage,85.74,None,False,0.86,6.19,10.9,0.09,5.3,3.15,1.1,0.02,0.48,1.45,True,Low,Depot C,True,True,1.0,Resell
CON-102273,Pallet,Wood,20.76,40,122,None,Safe,51.28,None,False,0.0,27.01,18.45,0.0,10.19,5.49,5.99,0.42,3.32,9.97,False,Low,Depot C,True,True,1.0,Resell
CON-102274,Tote,Plastic,5.2,28,84,Medium,Moderate Damage,82.35,None,True,6.55,17.05,19.98,0.98,6.3,1.12,2.1,0.1,5.4,16.21,True,Medium,Depot C,True,True,1.0,Resell
CON-102275,Crate,Metal,32.54,45,70,High,Unsafe,67.19,None,True,36.34,23.92,0.0,14.94,13.13,5.4,8.93,0.65,71.58,214.75,True,High,Facility D,False,True,1.0,Recycle
CON-102276,Pallet,Wood,18.93,38,36,None,Safe,86.28,Organic,False,0.0,13.16,27.06,0.0,9.73,5.27,5.53,0.38,3.03,9.09,False,Low,Hub B,True,True,1.0,Resell
CON-102277,Box,Cardboard,1.33,11,11,Low,Safe,71.67,None,False,0.77,7.6,12.56,0.12,5.33,3.16,1.13,0.03,0.53,1.59,True,Low,Facility D,True,True,1.0,Resell
CON-102278,Crate,Metal,35.3,48,150,High,Moderate Damage,46.07,None,True,33.26,35.09,17.8,17.55,13.83,5.74,9.63,0.71,77.66,232.99,True,Medium,Facility D,True,True,1.0,Resell
CON-102279,Drum,Plastic,6.86,49,76,High,Moderate Damage,84.69,Hazardous,True,51.36,27.9,0.0,0.0,40.29,2.32,2.52,0.14,7.14,21.41,False,High,Hub B,True,False,1.0,Dispose
CON-102280,Box,Cardboard,1.67,42,88,Medium,Minor Damage,64.97,None,True,3.43,16.3,6.58,0.13,5.42,0.7,1.22,0.03,0.67,2.01,True,Medium,Terminal E,True,True,1.0,Resell
CON-102281,Drum,Metal,29.12,46,132,Critical,Unsafe,67.67,None,True,93.81,36.05,0.0,15.37,12.28,6.49,8.08,0.58,64.06,192.19,True,High,Terminal E,False,False,1.0,Recycle
CON-102282,Box,Plastic,5.76,26,15,None,Safe,80.71,Organic,False,0.0,6.64,11.69,1.06,6.44,3.69,2.24,0.12,5.99,17.98,True,Low,Hub B,True,True,1.0,Resell
CON-102283,Crate,Metal,34.54,36,27,None,Safe,65.16,None,False,0.0,19.93,49.68,16.76,13.63,7.14,9.43,0.69,75.99,227.96,True,Low,Hub B,True,True,1.0,Resell
CON-102284,Pallet,Plastic,6.14,6,11,None,Safe,88.59,Organic,False,0.0,10.31,47.83,1.34,6.53,3.74,2.33,0.12,6.38,19.15,True,Low,Facility D,True,False,1.0,Resell
CON-102285,Crate,Metal,28.2,24,65,Medium,Moderate Damage,69.82,None,True,13.27,23.03,47.96,13.38,12.05,3.88,7.85,0.56,62.03,186.09,True,Medium,Terminal E,True,True,1.0,Resell
CON-102286,Pallet,Plastic,5.61,32,33,None,Safe,79.56,None,False,0.0,13.87,30.82,1.12,6.4,3.67,2.2,0.11,5.83,17.5,True,Low,Depot C,True,True,1.0,Resell
CON-102287,Pallet,Plastic,5.01,17,59,High,Moderate Damage,70.66,None,True,25.33,17.8,33.61,1.01,6.25,2.1,2.05,0.1,5.21,15.64,True,Medium,Terminal E,True,True,1.0,Resell
CON-102288,Pallet,Wood,17.6,39,21,Low,Minor Damage,70.31,None,False,2.87,14.05,26.21,0.0,9.4,5.11,5.2,0.35,2.82,8.45,False,Low,Warehouse A,True,True,1.0,Resell
CON-102289,Crate,Plastic,6.06,1,1,High,Moderate Damage,77.32,None,True,32.42,15.5,77.66,1.24,6.52,2.23,2.32,0.12,6.3,18.91,True,Medium,Warehouse A,True,False,1.0,Resell
CON-102290,Tote,Plastic,5.03,60,99,High,Unsafe,55.43,None,True,14.53,22.58,0.0,1.07,6.26,2.1,2.06,0.1,5.23,15.7,True,High,Terminal E,True,True,1.0,Recycle
CON-102291,Drum,Metal,30.36,60,34,Medium,Moderate Damage,74.81,None,True,23.63,25.18,40.42,14.37,12.59,4.14,8.39,0.61,66.8,200.4,True,Medium,Facility D,True,True,1.0,Resell
CON-102292,Box,Cardboard,1.66,30,31,Low,Minor Damage,87.09,Chemical,False,0.71,7.29,8.94,0.14,13.54,3.2,1.21,0.03,0.66,1.99,True,Medium,Terminal E,False,True,1.0,Resell
CON-102293,Tote,Plastic,5.05,55,151,Medium,Moderate Damage,,None,True,8.38,27.26,6.14,0.94,6.26,1.11,2.06,0.1,5.25,15.75,True,Medium,Facility D,False,True,1.0,Resell
CON-102294,Crate,Metal,31.42,54,183,High,Unsafe,57.23,None,True,39.31,36.72,0.0,16.81,12.86,5.27,8.66,0.63,69.13,207.39,True,High,Warehouse A,False,False,1.0,Recycle
CON-102295,Tote,Plastic,6.61,3,9,Low,Minor Damage,77.99,None,False,2.35,10.2,37.88,1.32,6.65,3.79,2.45,0.13,6.87,20.62,True,Low,Facility D,True,True,1.0,Resell
CON-102296,Drum,Plastic,5.45,32,20,Low,Minor Damage,89.98,None,False,6.82,21.5,76.65,1.12,6.36,3.65,2.16,0.11,5.67,17.01,True,Low,Depot C,False,True,1.0,Resell
CON-102297,Drum,Plastic,6.29,53,119,Medium,Moderate Damage,47.03,None,True,22.55,37.85,29.2,1.34,6.57,1.25,2.37,0.13,6.54,19.61,True,Medium,Hub B,True,True,1.0,Resell
CON-102298,Box,Cardboard,1.35,50,79,Medium,Moderate Damage,69.35,None,True,2.41,14.75,5.23,0.11,5.34,0.66,1.14,0.03,0.54,1.62,True,Medium,Terminal E,False,True,1.0,Resell
CON-102299,Crate,Plastic,6.91,16,29,Low,Minor Damage,85.81,None,False,3.25,17.03,67.15,1.51,6.73,3.83,2.53,0.14,7.18,21.55,True,Low,Terminal E,True,True,1.0,Resell
CON-102300,Tote,Plastic,7.02,38,40,None,Safe,84.57,None,False,0.0,12.31,22.04,1.35,6.75,3.84,2.55,0.14,7.3,21.9,True,Low,Terminal E,True,True,1.0,Resell
CON-102301,Pallet,Plastic,5.3,52,162,Critical,Unsafe,57.05,None,True,40.57,30.14,0.0,0.99,6.33,3.64,2.13,0.11,5.51,16.54,True,High,Depot C,True,True,1.0,Recycle
CON-102302,Pallet,Plastic,5.67,15,46,Medium,Moderate Damage,71.85,Organic,True,8.81,16.32,37.38,1.09,6.42,1.18,2.22,0.11,5.89,17.68,True,Medium,Facility D,False,True,1.0,Resell
CON-102303,Drum,Plastic,6.59,16,18,Medium,,69.3,None,True,26.72,24.41,90.62,1.35,6.65,1.29,2.45,0.13,6.85,20.56,True,Medium,Depot C,True,True,1.0,Resell
CON-102304,Tote,Plastic,6.76,5,3,High,Moderate Damage,98.77,None,True,17.54,6.49,38.73,1.35,6.69,2.31,2.49,0.14,7.03,21.1,True,Medium,Terminal E,True,False,1.0,Resell
CON-102305,Tote,Plastic,6.22,30,57,Low,Minor Damage,82.53,None,False,1.79,14.32,22.02,1.33,6.56,3.75,2.36,0.12,6.47,19.41,True,Low,Facility D,True,True,1.0,Resell
CON-102306,Drum,Plastic,5.45,31,64,Medium,Minor Damage,61.55,None,True,26.96,30.17,61.01,1.06,6.36,1.15,2.16,0.11,5.66,16.99,True,Medium,Hub B,False,True,1.0,Resell
CON-102307,Drum,Plastic,5.6,49,93,Low,Minor Damage,78.84,None,False,6.48,30.47,41.57,1.16,6.4,3.67,2.2,0.11,5.83,17.48,True,Low,Warehouse A,True,False,1.0,Resell
CON-102308,Drum,Metal,34.35,37,30,Medium,Minor Damage,79.24,Organic,True,24.94,24.11,65.03,17.48,13.59,4.62,9.39,0.69,75.58,226.73,True,Medium,Depot C,True,True,1.0,Resell
CON-102309,Drum,Plastic,4.82,59,152,Medium,Minor Damage,54.92,Organic,True,19.63,39.96,11.62,1.02,6.21,1.08,2.01,0.1,5.01,15.04,True,Medium,Facility D,True,True,1.0,Resell
CON-102310,Crate,Wood,19.97,30,62,High,Unsafe,74.36,None,True,36.18,22.05,0.0,0.0,9.99,3.9,5.79,0.4,3.19,9.58,False,High,Hub B,True,True,1.0,Dispose
CON-102311,Crate,Plastic,5.31,60,185,Low,Minor Damage,42.3,None,False,3.67,39.16,7.21,1.01,6.33,3.64,2.13,0.11,5.52,16.57,True,Low,Hub B,False,True,1.0,Resell
CON-102312,Pallet,Wood,22.93,36,111,Critical,Unsafe,54.04,None,True,47.66,25.49,0.0,0.0,10.73,5.75,6.53,0.46,3.67,11.01,False,High,Depot C,True,True,1.0,Dispose
CON-102313,Tote,Plastic,6.59,33,98,Low,Minor Damage,50.58,None,False,2.04,23.21,20.43,1.36,6.65,3.79,2.45,0.13,6.85,20.56,True,Low,Depot C,True,True,1.0,Resell
CON-102314,Box,Plastic,6.3,24,43,Low,Minor Damage,86.76,None,False,0.83,8.54,10.35,1.17,6.58,3.76,2.38,0.13,6.56,19.67,True,Low,Depot C,True,True,1.0,Resell
CON-102315,Pallet,Plastic,5.71,15,8,None,Safe,71.09,None,False,0.0,12.64,40.52,1.25,6.43,3.69,2.23,0.11,5.94,17.83,True,Low,Depot C,True,True,1.0,Resell
CON-102316,Tote,Plastic,6.73,18,52,High,Moderate Damage,65.47,Organic,True,15.9,16.38,29.69,1.25,6.68,2.31,2.48,0.13,7.0,20.99,True,Medium,Warehouse A,True,False,1.0,Resell
CON-102317,Crate,Wood,16.18,9,9,None,Safe,77.21,Chemical,False,0.0,16.32,75.04,0.0,22.61,4.94,4.84,0.32,2.59,7.76,False,Medium,Facility D,True,True,1.0,Resell
CON-102318,Box,Cardboard,1.75,4,12,None,Safe,88.68,None,False,0.0,5.15,13.44,0.14,5.44,3.21,1.24,0.03,0.7,2.1,True,Low,Terminal E,True,True,1.0,Resell
CON-102319,Drum,Metal,31.04,34,112,High,Moderate Damage,69.47,None,True,56.98,33.78,54.59,14.99,12.76,5.23,8.56,0.62,68.29,204.88,True,Medium,Terminal E,True,True,1.0,Resell
CON-102320,Drum,Metal,34.31,13,36,High,Moderate Damage,79.7,None,True,46.04,24.64,91.44,16.66,13.58,5.62,9.38,0.69,75.49,226.48,True,Medium,Warehouse A,True,True,1.0,Resell
CON-102321,Drum,Plastic,6.66,51,105,Critical,Unsafe,68.9,None,True,83.27,33.16,0.0,1.21,6.66,3.8,2.46,0.13,6.92,20.77,True,High,Terminal E,True,False,1.0,Recycle
CON-102322,Tote,Plastic,6.83,17,46,Medium,Moderate Damage,79.17,None,True,7.48,13.72,30.55,1.45,6.71,1.32,2.51,0.14,7.1,21.3,True,Medium,Depot C,True,False,1.0,Resell
CON-102323,Crate,Metal,24.37,37,33,Low,Minor Damage,84.76,None,False,3.27,17.59,47.03,13.2,11.09,5.92,6.89,0.49,53.6,160.81,True,Low,Warehouse A,False,True,1.0,Resell
CON-102324,Crate,Metal,32.37,50,165,Critical,Unsafe,41.17,None,True,56.52,37.32,0.0,14.77,13.09,6.88,8.89,0.65,71.22,213.66,True,High,Hub B,True,True,1.0,Recycle
CON-102325,Crate,Plastic,5.87,54,100,None,Safe,51.99,None,False,0.0,29.2,19.85,1.19,6.47,3.7,2.27,0.12,6.11,18.32,True,Low,Hub B,True,True,1.0,Resell
CON-102326,Pallet,Plastic,5.16,19,51,Medium,Minor Damage,75.32,None,True,8.15,16.3,35.19,1.03,6.29,1.12,2.09,0.1,5.36,16.09,True,Medium,Depot C,True,True,1.0,Resell
CON-102327,Crate,Metal,32.26,27,50,None,Safe,62.34,None,False,0.0,22.65,53.88,14.86,13.06,6.87,8.86,0.65,70.96,212.89,True,Low,Facility D,True,True,1.0,Resell
CON-102328,Drum,Plastic,5.08,22,35,Medium,Minor Damage,82.69,None,True,20.82,24.1,77.19,1.01,6.27,1.11,2.07,0.1,5.29,15.86,True,Medium,Facility D,True,False,1.0,Resell
CON-102329,Crate,Wood,22.26,59,166,Low,Safe,52.08,None,False,3.84,35.79,8.29,0.0,10.56,5.67,6.36,0.45,3.56,10.68,False,Low,Hub B,True,True,1.0,Resell
CON-102330,Pallet,Plastic,5.05,59,193,Medium,Minor Damage,59.72,None,True,9.46,32.84,4.78,1.02,6.26,1.11,2.06,0.1,5.25,15.75,True,Medium,Depot C,True,True,1.0,Resell
CON-102331,Crate,Plastic,6.72,8,14,Low,Safe,91.09,None,False,4.68,14.74,75.56,1.34,6.68,3.81,2.48,0.13,6.99,20.98,True,Low,Facility D,False,False,1.0,Resell
CON-102332,Tote,Plastic,6.62,20,69,High,Moderate Damage,85.3,None,True,19.57,15.1,26.04,1.27,6.66,2.29,2.46,0.13,6.89,20.66,True,Medium,Warehouse A,False,True,1.0,Resell
CON-102333,Drum,Plastic,6.64,6,14,None,Safe,79.71,None,False,0.0,22.44,103.38,1.34,6.66,3.8,2.46,0.13,6.9,20.71,True,Low,Warehouse A,True,True,1.0,Resell
CON-102334,Tote,Plastic,6.35,2,6,Low,Safe,87.74,None,False,2.04,8.44,40.97,1.29,6.59,3.76,2.39,0.13,6.6,19.81,True,Low,Warehouse A,True,True,1.0,Resell
CON-102335,Pallet,Plastic,5.48,3,6,None,Safe,78.22,Organic,False,0.0,11.37,50.14,1.14,6.37,3.66,2.17,0.11,5.7,17.11,True,Low,Terminal E,False,True,1.0,Resell
CON-102336,Box,Cardboard,1.53,41,75,Medium,Minor Damage,56.69,None,True,2.48,16.25,7.25,0.12,5.38,0.68,1.18,0.03,0.61,1.83,True,Medium,Hub B,True,True,1.0,Resell
CON-102337,Box,Plastic,6.66,28,47,Low,Minor Damage,64.18,Organic,False,0.82,12.32,9.96,1.34,6.66,3.8,2.46,0.13,6.92,20.76,True,Low,Depot C,True,True,1.0,Resell
CON-102338,Drum,Plastic,5.5,18,17,None,Safe,87.39,Chemical,False,0.0,21.59,100.89,1.05,15.94,3.66,2.18,0.11,5.72,17.16,True,Medium,Terminal E,True,True,1.0,Resell
CON-102339,Drum,Plastic,5.38,39,111,High,Unsafe,62.25,None,True,55.07,34.76,0.0,1.06,6.34,2.15,2.14,0.11,5.59,16.77,True,High,Depot C,True,False,1.0,Recycle
CON-102340,Crate,Plastic,6.06,43,32,None,Safe,82.08,None,False,0.0,17.89,41.37,1.33,6.52,3.73,2.32,0.12,6.31,18.92,True,Low,Terminal E,True,True,1.0,Resell
CON-102341,Drum,Plastic,5.55,10,10,High,Unsafe,97.69,None,True,51.38,19.35,0.0,1.17,6.39,2.17,2.19,0.11,5.77,17.3,True,High,Warehouse A,False,True,1.0,Recycle
CON-102342,Tote,Plastic,5.74,43,149,High,Moderate Damage,41.44,None,True,21.5,29.68,10.06,1.07,6.43,2.19,2.23,0.11,5.97,17.9,True,Medium,Hub B,True,True,1.0,Resell
CON-102343,Pallet,Plastic,5.72,32,29,None,Safe,87.4,None,False,0.0,12.29,29.28,1.14,6.43,3.69,2.23,0.11,5.95,17.85,True,Low,Terminal E,True,True,1.0,Resell
CON-102344,Box,Cardboard,1.51,32,104,Medium,Moderate Damage,64.33,Chemical,True,3.51,18.0,6.72,0.13,13.44,0.68,1.18,0.03,0.6,1.81,True,Medium,Depot C,False,True,1.0,Resell
CON-102345,Drum,Plastic,6.78,30,60,Low,Safe,86.38,None,False,4.96,26.04,67.55,1.42,6.7,3.81,2.5,0.14,7.05,21.16,True,Low,Facility D,False,True,1.0,Resell
CON-102346,Tote,Plastic,5.32,27,87,Low,Safe,68.59,None,False,1.69,19.41,21.65,1.16,6.33,3.64,2.13,0.11,5.53,16.58,True,Low,Depot C,True,True,1.0,Resell
CON-102347,Box,Plastic,5.16,44,89,Medium,Moderate Damage,74.7,Organic,True,3.44,14.95,5.98,0.96,6.29,1.12,2.09,0.1,5.37,16.11,True,Medium,Hub B,True,True,1.0,Resell
CON-102348,Tote,Plastic,6.41,43,24,Low,Minor Damage,82.93,None,False,1.79,10.96,21.41,1.23,6.6,3.77,2.4,0.13,6.67,20.0,True,Low,Terminal E,True,True,1.0,Resell
CON-102349,Pallet,Wood,22.66,46,100,None,Safe,53.03,Hazardous,False,0.0,24.55,0.0,0.0,64.0,5.72,6.47,0.45,3.63,10.88,False,High,Hub B,True,True,1.0,Dispose
CON-102350,Box,Plastic,5.11,14,30,None,Safe,81.93,None,False,0.0,7.96,13.01,1.07,6.28,3.61,2.08,0.1,5.31,15.94,True,Low,Terminal E,True,True,1.0,Resell
CON-102351,Pallet,Wood,20.23,23,43,Low,Minor Damage,73.99,None,False,2.36,15.7,36.02,0.0,10.06,5.43,5.86,0.4,3.24,9.71,False,Low,Terminal E,True,True,1.0,Resell
CON-102352,Pallet,Plastic,6.28,28,22,Low,Safe,71.55,None,False,2.9,13.97,31.88,1.26,6.57,3.75,2.37,0.13,6.53,19.59,True,Low,Hub B,True,True,1.0,Recycle
CON-102353,Drum,Plastic,5.1,3,5,Medium,Minor Damage,81.14,None,True,27.74,21.33,107.21,0.95,6.27,1.11,2.07,0.1,5.3,15.9,True,Medium,Facility D,False,True,1.0,Resell
CON-102354,Drum,Metal,27.39,29,35,Medium,Minor Damage,91.69,None,True,25.05,22.75,72.9,13.54,11.85,3.79,7.65,0.55,60.26,180.78,True,Medium,Hub B,True,True,1.0,Resell
CON-102355,Drum,Metal,26.11,13,22,Low,Minor Damage,66.56,None,False,4.85,25.22,95.94,13.74,11.53,6.13,7.33,0.52,57.43,172.3,True,Low,Depot C,False,True,1.0,Resell
CON-102356,Drum,Metal,34.73,44,53,Low,Minor Damage,66.98,None,False,6.54,28.25,50.6,16.02,13.68,7.17,9.48,0.69,76.41,229.22,True,Low,Warehouse A,True,True,1.0,Resell
CON-102357,Tote,Plastic,5.57,5,14,Low,Safe,94.7,None,False,2.28,8.19,37.05,1.1,6.39,3.67,2.19,0.11,5.79,17.37,True,Low,Terminal E,True,True,1.0,Resell
CON-102358,Pallet,Wood,22.08,59,70,Medium,Moderate Damage,77.82,Hazardous,True,10.33,17.83,0.0,0.0,63.12,3.15,6.32,0.44,3.53,10.6,False,High,Depot C,True,True,1.0,Dispose
CON-102359,Box,Plastic,6.2,13,12,Low,Safe,76.41,Organic,False,0.64,6.99,12.0,1.16,6.55,3.74,2.35,0.12,6.44,19.33,True,Low,Depot C,False,False,1.0,Resell
CON-102360,Crate,Metal,25.32,2,1,None,Safe,90.66,None,False,0.0,13.5,83.81,13.05,11.33,6.04,7.13,0.51,55.71,167.14,True,Low,Warehouse A,True,True,1.0,Resell
CON-102361,Crate,Wood,16.4,15,16,None,Safe,73.56,None,False,0.0,17.57,68.36,0.0,9.1,4.97,4.9,0.33,2.62,7.87,False,Low,Hub B,False,True,1.0,Dispose
CON-102362,Crate,Metal,27.63,30,78,Low,Safe,84.31,None,False,4.64,22.15,46.3,12.76,11.91,6.32,7.71,0.55,60.79,182.37,True,Low,Depot C,True,True,1.0,Resell
CON-102363,Pallet,Wood,22.29,1,2,High,Unsafe,86.37,None,True,19.66,9.74,0.0,0.0,10.57,4.17,6.37,0.45,3.57,10.7,False,High,Terminal E,True,False,1.0,Dispose
CON-102364,Pallet,Wood,23.36,41,121,High,Unsafe,73.02,None,True,25.62,23.65,0.0,0.0,10.84,4.3,6.64,0.47,3.74,11.21,False,High,Depot C,False,False,1.0,Dispose
CON-102365,Drum,Plastic,5.7,23,53,None,Safe,60.84,None,False,0.0,29.17,75.48,1.18,6.42,3.68,2.22,0.11,5.93,17.78,True,Low,Terminal E,True,True,1.0,Resell
CON-102366,Box,Plastic,6.53,58,172,High,Moderate Damage,42.37,Organic,True,6.88,28.1,1.53,1.24,6.63,2.28,2.43,0.13,6.79,20.38,True,Medium,Warehouse A,False,False,1.0,Resell
CON-102367,Crate,Metal,29.99,34,78,Medium,Moderate Damage,62.72,None,True,15.04,25.39,36.64,15.65,12.5,4.1,8.3,0.6,65.99,197.97,True,Medium,Depot C,True,True,1.0,Resell
CON-102368,Pallet,Plastic,5.92,43,85,Medium,Moderate Damage,57.05,None,True,9.04,22.44,18.03,1.11,6.48,1.21,2.28,0.12,6.16,18.47,True,Medium,Warehouse A,False,False,1.0,Resell
CON-102369,Pallet,Wood,19.6,38,94,Low,Safe,68.88,None,False,2.98,21.57,22.72,0.0,9.9,5.35,5.7,0.39,3.14,9.41,False,Low,Facility D,True,True,1.0,Resell
CON-102370,Box,Cardboard,1.22,39,123,High,Moderate Damage,62.32,None,True,7.15,20.2,4.92,0.1,5.3,1.65,1.1,0.02,0.49,1.46,True,Medium,Terminal E,True,False,1.0,Resell
CON-102371,Box,Cardboard,1.8,32,82,None,Safe,67.78,Hazardous,False,0.0,15.28,0.0,0.0,32.7,3.22,1.25,0.04,0.72,2.16,False,High,Terminal E,False,True,1.0,Dispose
CON-102372,Drum,Metal,25.02,43,97,Low,Safe,59.67,None,False,6.91,33.75,45.18,11.51,11.25,6.0,7.05,0.5,55.03,165.1,True,Low,Terminal E,True,True,1.0,Resell
CON-102373,Tote,Plastic,5.53,2,6,None,Safe,92.73,None,False,0.0,7.69,37.31,1.13,6.38,3.66,2.18,0.11,5.76,17.27,True,Low,Facility D,True,False,1.0,Resell
CON-102374,Crate,Wood,23.77,24,40,None,Safe,68.09,None,False,0.0,20.79,56.91,0.0,10.94,5.85,6.74,0.48,3.8,11.41,False,Low,Terminal E,True,True,1.0,Resell
CON-102375,Box,Plastic,5.92,18,56,Low,Minor Damage,69.63,None,False,0.76,12.41,9.96,1.2,6.48,3.71,2.28,0.12,6.16,18.47,True,Low,Warehouse A,False,True,1.0,Resell
CON-102376,Crate,Plastic,5.88,16,25,Low,Minor Damage,75.36,None,False,4.06,18.2,60.76,1.15,6.47,3.71,2.27,0.12,6.12,18.35,True,Low,Terminal E,False,True,1.0,Resell
CON-102377,Box,Cardboard,1.57,4,10,Medium,Moderate Damage,85.23,Organic,True,2.58,5.47,14.32,0.13,5.39,0.69,1.19,0.03,0.63,1.88,True,Medium,Warehouse A,True,False,1.0,Resell
CON-102378,Pallet,Wood,18.96,44,26,None,Safe,87.44,None,False,0.0,11.98,25.68,0.0,9.74,5.27,5.54,0.38,3.03,9.1,False,Low,Terminal E,True,True,1.0,Resell
CON-102379,Pallet,Plastic,5.7,16,23,Low,Minor Damage,90.06,Hazardous,False,2.05,11.29,0.0,0.0,38.55,3.68,2.22,0.11,5.93,17.78,False,High,Terminal E,True,False,1.0,Dispose
CON-102380,Crate,Plastic,6.01,8,8,,Safe,86.3,Hazardous,False,4.14,14.85,0.0,0.0,39.02,3.72,2.3,0.12,6.25,18.75,False,High,Depot C,True,True,1.0,Dispose
CON-102381,Tote,Plastic,6.72,9,20,Medium,Minor Damage,82.79,None,True,7.78,10.58,34.52,1.45,6.68,1.31,2.48,0.13,6.99,20.97,True,Medium,Warehouse A,True,False,1.0,Resell
CON-102382,Drum,Plastic,6.81,42,102,Medium,Moderate Damage,69.83,Hazardous,True,25.54,32.73,0.0,0.0,40.21,1.32,2.5,0.14,7.08,21.24,False,High,Facility D,True,True,1.0,Dispose
CON-102383,Box,Cardboard,1.6,14,19,Medium,Moderate Damage,90.01,None,True,3.51,5.65,11.71,0.12,5.4,0.69,1.2,0.03,0.64,1.92,True,Medium,Depot C,False,True,1.0,Resell
CON-102384,Drum,Metal,24.6,18,36,Medium,Minor Damage,81.38,None,True,22.78,24.39,93.38,12.65,11.15,3.45,6.95,0.49,54.12,162.37,True,Medium,Facility D,True,False,1.0,Resell
CON-102385,Box,Plastic,6.09,57,169,None,Safe,36.91,None,False,0.0,28.61,1.59,1.23,6.52,3.73,2.32,0.12,6.33,18.99,True,Low,Depot C,True,True,1.0,Resell
CON-102386,Tote,Plastic,5.44,7,4,None,Safe,98.73,None,False,0.0,6.59,34.27,1.08,6.36,3.65,2.16,0.11,5.66,16.97,True,Low,Terminal E,False,True,1.0,Resell
CON-102387,Tote,Plastic,5.08,1,0,None,Safe,84.85,None,False,0.0,8.27,42.59,1.04,6.27,3.61,2.07,0.1,5.28,15.84,True,Low,Terminal E,True,True,1.0,Resell
CON-102388,Tote,Plastic,5.69,21,23,None,Safe,71.5,None,False,0.0,12.57,32.07,1.04,6.42,3.68,2.22,0.11,5.91,17.74,True,Low,Warehouse A,True,True,1.0,Resell
CON-102389,Drum,Plastic,5.75,42,32,None,Safe,85.01,None,False,0.0,23.45,67.28,1.19,6.44,3.69,2.24,0.11,5.98,17.94,True,Low,Facility D,True,True,1.0,Resell
CON-102390,Crate,Plastic,5.8,11,5,None,Safe,70.15,None,False,0.0,16.98,75.05,1.12,6.45,3.7,2.25,0.12,6.03,18.09,True,Low,Depot C,False,False,1.0,Resell
CON-102391,Pallet,Plastic,4.81,54,166,High,Unsafe,59.42,None,True,20.49,30.19,0.0,0.94,6.2,2.08,2.0,0.1,5.0,15.01,True,High,Warehouse A,True,True,1.0,Recycle
CON-102392,Box,Cardboard,1.45,51,146,Medium,Minor Damage,69.26,None,True,3.33,21.46,3.02,0.11,5.36,0.67,1.16,0.03,0.58,1.74,True,Medium,Hub B,True,True,1.0,Resell
CON-102393,Box,Cardboard,1.2,11,10,Medium,Minor Damage,83.37,Organic,True,2.86,5.74,12.79,0.09,5.3,0.64,1.1,0.02,0.48,1.44,True,Medium,Terminal E,True,True,1.0,Resell
CON-102394,Tote,Plastic,5.45,13,15,Low,Safe,83.96,None,False,2.24,9.91,32.66,1.01,6.36,3.65,2.16,0.11,5.67,17.0,True,Low,Depot C,True,True,1.0,Resell
CON-102395,Crate,Metal,25.4,42,98,None,,58.59,Chemical,False,0.0,28.01,31.02,12.87,28.37,6.05,7.15,0.51,55.88,167.63,True,Medium,Depot C,True,True,1.0,Resell
CON-102396,Tote,Plastic,6.34,7,17,None,Safe,79.49,None,False,0.0,10.78,38.78,1.21,6.59,3.76,2.39,0.13,6.6,19.79,True,Low,Warehouse A,True,True,1.0,Resell
CON-102397,Pallet,Plastic,6.46,26,83,Low,Safe,65.99,None,False,2.17,20.9,27.46,1.25,6.62,3.78,2.42,0.13,6.72,20.17,True,Low,Warehouse A,True,True,1.0,Resell
CON-102398,Drum,Plastic,6.94,10,6,None,Safe,77.74,None,False,0.0,21.94,105.19,1.52,6.73,3.83,2.53,0.14,7.21,21.64,True,Low,Terminal E,False,True,1.0,Resell
CON-102399,Box,Cardboard,1.48,52,119,Low,Safe,,None,False,0.8,20.7,3.6,0.13,5.37,3.18,1.17,0.03,0.59,1.77,True,Low,Warehouse A,False,True,1.0,Resell
CON-102400,Tote,Plastic,7.19,21,22,None,Safe,74.02,None,False,0.0,12.1,30.2,1.3,6.8,3.86,2.6,0.14,7.48,22.44,True,Low,Warehouse A,True,True,1.0,Resell
CON-102401,Pallet,Wood,16.82,26,77,High,Moderate Damage,57.98,None,True,19.65,21.5,27.75,0.0,9.2,3.52,5.0,0.34,2.69,8.07,False,Medium,Depot C,True,True,1.0,Resell
CON-102402,Crate,Plastic,5.22,26,50,Medium,Minor Damage,71.11,None,True,13.81,21.33,56.31,1.15,6.3,1.13,2.1,0.1,5.43,16.28,True,Medium,Depot C,True,True,1.0,Resell
CON-102403,Drum,Metal,33.76,31,51,None,Safe,66.62,Chemical,False,0.0,28.11,72.24,17.66,33.6,7.05,9.24,0.68,74.28,222.83,True,Medium,Terminal E,False,True,1.0,Resell
CON-102404,Crate,Wood,23.77,45,140,Medium,Moderate Damage,57.4,Organic,True,13.05,32.39,20.02,0.0,10.94,3.35,6.74,0.48,3.8,11.41,False,Medium,Depot C,True,True,1.0,Resell
CON-102405,Pallet,Wood,21.59,57,163,Low,Safe,66.84,Organic,False,2.8,28.77,5.38,0.0,10.4,5.59,6.2,0.43,3.45,10.36,False,Low,Terminal E,False,True,1.0,Resell
CON-102406,Pallet,Plastic,5.46,28,43,None,Safe,78.29,None,False,0.0,15.06,33.67,1.2,6.37,3.66,2.17,0.11,5.68,17.05,True,Low,Terminal E,True,False,1.0,Resell
CON-102407,Drum,Metal,30.97,21,54,High,Moderate Damage,72.53,Chemical,True,55.11,27.52,75.35,16.4,31.86,5.22,8.54,0.62,68.14,204.41,True,Medium,Terminal E,True,True,1.0,Resell
CON-102408,Pallet,Plastic,6.12,28,57,High,Unsafe,62.06,None,True,18.36,18.89,0.0,1.15,6.53,2.23,2.33,0.12,6.36,19.09,True,High,Hub B,True,True,1.0,Recycle
CON-102409,Pallet,Wood,20.17,39,62,High,Moderate Damage,85.48,None,True,21.84,15.88,22.26,0.0,10.04,3.92,5.84,0.4,3.23,9.68,False,Medium,Terminal E,True,True,1.0,Resell
CON-102410,Crate,Metal,29.61,4,6,None,Safe,69.3,None,False,0.0,17.21,83.37,13.33,12.4,6.55,8.2,0.59,65.14,195.43,True,Low,Facility D,True,True,1.0,Resell
CON-102411,Crate,Metal,27.39,37,86,Low,Minor Damage,76.87,None,False,3.8,24.07,35.52,13.47,11.85,6.29,7.65,0.55,60.26,180.78,True,Low,Facility D,True,True,1.0,Resell
CON-102412,Crate,Metal,28.3,40,113,Medium,Moderate Damage,60.83,None,True,14.58,29.18,31.36,13.22,12.08,3.9,7.88,0.57,62.26,186.79,True,Medium,Depot C,True,True,1.0,Resell
CON-102413,Pallet,Wood,21.94,40,28,Low,Minor Damage,91.51,None,False,2.66,11.57,26.73,0.0,10.48,5.63,6.28,0.44,3.51,10.53,False,Low,Depot C,True,True,0.66,Manual_Review
CON-102414,Crate,Plastic,5.06,15,51,Low,Minor Damage,82.92,None,False,4.37,19.66,62.91,0.91,6.26,3.61,2.06,0.1,5.26,15.78,True,Low,Depot C,True,True,1.0,Resell
CON-102415,Pallet,Wood,17.9,9,15,Medium,Moderate Damage,71.7,None,True,9.86,13.24,46.52,0.0,9.47,2.65,5.27,0.36,2.86,8.59,False,Medium,Warehouse A,True,True,1.0,Resell
CON-102416,Box,Cardboard,1.51,29,19,Low,Safe,85.6,None,False,0.8,6.31,10.81,0.13,5.38,3.18,1.18,0.03,0.6,1.81,True,Low,Depot C,True,True,1.0,Resell
CON-102417,Crate,Metal,29.08,49,150,Medium,Minor Damage,67.89,None,True,18.18,31.82,16.15,13.68,12.27,3.99,8.07,0.58,63.97,191.91,True,Medium,Warehouse A,True,False,1.0,Resell
CON-102418,Pallet,Wood,22.53,47,131,Medium,Moderate Damage,53.6,None,True,8.94,27.56,12.13,0.0,10.63,3.2,6.43,0.45,3.61,10.82,False,Medium,Terminal E,True,False,1.0,Resell
CON-102419,Drum,Plastic,6.11,24,63,None,Safe,59.87,None,False,0.0,30.32,70.43,1.22,6.53,3.73,2.33,0.12,6.36,19.07,True,Low,Depot C,True,True,0.53,Manual_Review
CON-102420,Box,Cardboard,1.51,28,19,High,Unsafe,80.21,Chemical,True,7.11,7.12,0.0,0.11,13.44,1.68,1.18,0.03,0.6,1.81,True,High,Warehouse A,True,False,1.0,Recycle
CON-102421,Drum,Metal,26.52,9,30,None,Safe,88.37,None,False,0.0,22.74,98.15,13.25,11.63,6.18,7.43,0.53,58.33,175.0,True,Low,Hub B,True,True,1.0,Resell
CON-102422,Drum,Plastic,4.96,3,8,None,Safe,73.1,None,False,0.0,22.84,103.08,0.9,6.24,3.6,2.04,0.1,5.16,15.47,True,Low,Depot C,True,True,1.0,Resell
CON-102423,Crate,Metal,29.46,20,17,High,Unsafe,73.8,None,True,38.66,17.63,0.0,13.63,12.37,5.04,8.17,0.59,64.82,194.45,True,High,Hub B,True,True,1.0,Recycle
CON-102424,Drum,Metal,31.88,32,52,High,Moderate Damage,68.28,None,True,56.16,27.96,73.28,16.77,12.97,5.33,8.77,0.64,70.14,210.43,True,Medium,Terminal E,False,False,1.0,Resell
CON-102425,Drum,Plastic,5.94,29,94,Critical,Unsafe,74.67,None,True,108.38,31.2,0.0,1.1,6.49,3.71,2.29,0.12,6.18,18.54,True,High,Hub B,True,False,1.0,Recycle
CON-102426,Pallet,Plastic,6.34,52,51,High,Unsafe,74.6,None,True,20.47,16.41,0.0,1.17,6.59,2.26,2.39,0.13,6.6,19.79,True,High,Depot C,True,True,1.0,Recycle
CON-102427,Drum,Metal,31.74,51,95,Medium,Minor Damage,72.58,None,True,27.83,31.61,36.28,14.38,12.94,4.31,8.74,0.63,69.83,209.5,True,Medium,Terminal E,False,True,1.0,Resell
CON-102428,Box,Plastic,6.9,52,75,None,Safe,66.41,Chemical,False,0.0,14.79,5.35,1.27,16.81,3.83,2.53,0.14,7.18,21.54,True,Medium,Terminal E,True,True,1.0,Resell
CON-102429,Box,Plastic,6.96,53,75,High,Moderate Damage,61.98,Organic,True,6.61,15.45,4.88,1.44,6.74,2.34,2.54,0.14,7.24,21.72,True,Medium,Depot C,True,True,1.0,Resell
CON-102430,Crate,Plastic,6.95,1,0,Low,Safe,77.83,None,False,3.32,15.32,86.54,1.35,6.74,3.83,2.54,0.14,7.23,21.69,True,Low,Facility D,True,True,1.0,Resell
CON-102431,Crate,Metal,31.79,47,70,None,Safe,65.79,None,False,0.0,24.13,29.75,17.28,12.95,6.81,8.75,0.64,69.93,209.79,True,Low,Warehouse A,False,False,1.0,Resell
CON-102432,Drum,Plastic,6.48,33,103,Medium,Minor Damage,60.07,None,True,20.5,34.29,60.11,1.42,6.62,1.28,2.42,0.13,6.74,20.21,True,Medium,Warehouse A,True,True,1.0,Resell
CON-102433,Box,Plastic,4.85,49,115,Medium,Moderate Damage,54.21,None,True,2.55,20.62,3.84,0.91,6.21,1.08,2.01,0.1,5.05,15.14,True,Medium,Facility D,True,True,1.0,Resell
CON-102434,Box,Plastic,5.03,57,32,Low,Minor Damage,77.04,None,False,0.62,8.89,5.39,0.99,6.26,3.6,2.06,0.1,5.23,15.69,True,Low,Depot C,True,True,1.0,Resell
CON-102435,Drum,Metal,32.35,37,79,Low,Minor Damage,81.74,None,False,7.15,28.64,60.1,16.18,13.09,6.88,8.89,0.65,71.17,213.5,True,Low,Facility D,True,True,1.0,Resell
CON-102436,Box,Plastic,6.38,15,42,None,Safe,77.69,None,False,0.0,9.8,10.65,1.36,6.6,3.77,2.4,0.13,6.64,19.92,True,Low,Facility D,False,True,1.0,Resell
CON-102437,Box,Cardboard,1.58,4,5,None,Safe,83.6,None,False,0.0,5.21,13.11,0.13,5.4,3.19,1.2,0.03,0.63,1.9,True,Low,Terminal E,True,True,1.0,Resell
CON-102438,Crate,Plastic,4.85,55,114,High,Moderate Damage,49.33,None,True,29.65,31.0,18.4,0.97,6.21,2.08,2.01,0.1,5.05,15.14,True,Medium,Depot C,True,True,1.0,Resell
CON-102439,Crate,Metal,28.55,24,18,None,Safe,91.42,None,False,0.0,15.09,56.38,13.08,12.14,6.43,7.94,0.57,62.8,188.41,True,Low,Facility D,True,True,1.0,Resell
CON-102440,Drum,Plastic,5.27,54,52,Low,Minor Damage,65.42,None,False,4.87,28.39,42.46,1.12,6.32,3.63,2.12,0.11,5.49,16.46,True,Low,Depot C,True,True,1.0,Resell
CON-102441,Pallet,Wood,16.99,53,80,High,Moderate Damage,64.89,None,True,25.52,20.77,14.3,0.0,9.25,3.54,5.05,0.34,2.72,8.15,False,Medium,Warehouse A,True,True,1.0,Resell
CON-102442,Pallet,Plastic,6.36,14,9,None,Safe,87.39,Organic,False,0.0,10.29,38.97,1.16,6.59,3.76,2.39,0.13,6.61,19.84,True,Low,Depot C,True,True,1.0,Resell
CON-102443,Drum,Metal,32.98,24,70,Low,Minor Damage,65.91,None,False,5.82,30.11,71.66,15.25,13.24,6.96,9.04,0.66,72.55,217.66,True,Low,Facility D,True,True,1.0,Resell
CON-102444,Tote,Plastic,5.45,10,17,None,Safe,80.58,None,False,0.0,10.61,37.07,1.05,6.36,3.65,2.16,0.11,5.67,17.0,True,Low,Hub B,False,True,1.0,Resell
CON-102445,Tote,Plastic,6.53,40,64,Low,Safe,79.11,None,False,2.25,15.53,19.3,1.35,6.63,3.78,2.43,0.13,6.79,20.37,True,Low,Warehouse A,True,True,1.0,Resell
CON-102446,Crate,Metal,26.76,23,46,Low,Safe,62.33,None,False,4.21,22.25,56.81,14.39,11.69,6.21,7.49,0.54,58.87,176.62,True,Low,Hub B,True,True,0.82,Resell
CON-102447,Drum,Metal,31.03,57,180,Medium,Moderate Damage,39.75,None,True,26.77,45.04,11.67,16.52,12.76,4.22,8.56,0.62,68.27,204.8,True,Medium,Hub B,True,True,1.0,Resell
CON-102448,Drum,Plastic,5.96,19,53,None,Safe,72.44,None,False,0.0,27.43,80.5,1.21,6.49,3.71,2.29,0.12,6.2,18.59,True,Low,Warehouse A,True,True,1.0,Resell
CON-102449,Drum,Metal,28.64,35,109,Low,Safe,66.49,Organic,False,5.1,33.93,52.32,15.01,12.16,6.44,7.96,0.57,63.0,189.01,True,Low,Facility D,True,True,1.0,Resell
CON-102450,Tote,Plastic,6.68,53,185,None,Safe,35.9,None,False,0.0,34.11,4.29,1.38,6.67,3.8,2.47,0.13,6.95,20.86,True,Low,Facility D,True,False,1.0,Resell
CON-102451,Crate,Wood,19.74,56,88,None,Safe,60.47,None,False,0.0,26.73,21.56,0.0,9.94,5.37,5.74,0.39,3.16,9.48,False,Low,Warehouse A,True,True,1.0,Resell
CON-102452,Tote,Plastic,5.14,41,111,Critical,Unsafe,76.87,None,True,32.6,20.57,0.0,0.95,6.28,3.62,2.08,0.1,5.34,16.03,True,High,Warehouse A,False,True,1.0,Recycle
CON-102453,Drum,Metal,26.61,24,16,High,Moderate Damage,74.31,None,True,59.98,23.45,95.72,12.77,11.65,4.69,7.45,0.53,58.54,175.63,True,Medium,Terminal E,True,True,1.0,Resell
CON-102454,Tote,Plastic,5.17,60,73,Medium,Minor Damage,61.81,None,True,9.31,19.03,10.16,1.05,6.29,1.12,2.09,0.1,5.38,16.14,True,Medium,Depot C,True,True,1.0,Resell
CON-102455,Crate,Metal,31.48,54,100,High,Moderate Damage,74.8,None,True,39.25,25.78,21.74,15.72,12.87,5.28,8.67,0.63,69.25,207.76,True,Medium,Depot C,True,True,1.0,Resell
CON-102456,Pallet,Wood,23.45,18,57,Medium,Minor Damage,82.2,None,True,9.58,15.87,38.58,0.0,10.86,3.31,6.66,0.47,3.75,11.26,False,Medium,Hub B,False,True,1.0,Resell
CON-102457,Crate,Metal,24.36,43,57,Low,Safe,80.26,Organic,False,3.74,20.66,39.57,11.86,11.09,5.92,6.89,0.49,53.6,160.81,True,Low,Warehouse A,True,False,1.0,Resell
CON-102458,Box,Cardboard,1.41,9,23,None,,79.44,None,False,0.0,7.63,13.23,0.1,5.35,3.17,1.15,0.03,0.56,1.69,True,Low,Depot C,True,False,1.0,Resell
CON-102459,Tote,Plastic,5.86,60,191,High,Unsafe,47.35,None,True,15.89,33.0,0.0,1.1,6.47,2.2,2.27,0.12,6.1,18.29,True,High,Depot C,True,True,1.0,Recycle
CON-102460,Drum,Metal,32.78,9,23,High,Moderate Damage,77.16,None,True,55.69,23.73,109.27,15.01,13.19,5.43,8.99,0.66,72.11,216.33,True,Medium,Depot C,True,True,0.65,Manual_Review
CON-102461,Drum,Plastic,6.62,5,6,Low,Minor Damage,70.19,Organic,False,5.72,23.07,116.99,1.42,6.65,3.79,2.45,0.13,6.88,20.64,True,Low,Facility D,True,True,1.0,Resell
CON-102462,Crate,Plastic,5.4,2,3,None,Safe,82.59,None,False,0.0,14.91,78.85,0.99,6.35,3.65,2.15,0.11,5.61,16.84,True,Low,Facility D,True,True,1.0,Resell
CON-102463,Crate,Wood,19.81,14,42,Low,Minor Damage,78.12,None,False,3.56,19.48,66.17,0.0,9.95,5.38,5.75,0.4,3.17,9.51,False,Low,Hub B,False,True,1.0,Resell
CON-102464,Box,Plastic,6.04,4,12,Medium,Minor Damage,77.07,Organic,True,3.49,6.89,13.91,1.18,6.51,1.22,2.31,0.12,6.28,18.85,True,Medium,Warehouse A,True,True,1.0,Dispose
CON-102465,Box,Plastic,5.16,2,4,Low,Minor Damage,96.64,None,False,0.83,3.15,13.58,1.04,6.29,3.62,2.09,0.1,5.37,16.1,True,Low,Depot C,True,True,1.0,Resell
CON-102466,Crate,Metal,28.96,3,2,High,Moderate Damage,97.34,None,True,37.74,12.6,74.62,15.29,12.24,4.98,8.04,0.58,63.72,191.15,True,Medium,Terminal E,False,True,1.0,Resell
CON-102467,Tote,Plastic,5.27,13,7,Low,Safe,74.77,None,False,2.31,10.48,36.73,1.01,6.32,3.63,2.12,0.11,5.49,16.46,True,Low,Warehouse A,False,True,0.88,Resell
CON-102468,Box,Cardboard,1.76,4,7,High,Unsafe,83.79,None,True,7.29,5.38,0.0,0.14,5.44,1.71,1.24,0.04,0.7,2.11,True,High,Depot C,True,True,1.0,Recycle
CON-102469,Tote,Plastic,5.53,3,4,Medium,Moderate Damage,93.92,None,True,7.72,7.31,36.54,1.06,6.38,1.16,2.18,0.11,5.75,17.25,True,Medium,Facility D,True,True,1.0,Resell
CON-102470,Crate,Wood,20.32,8,10,None,Safe,96.82,None,False,0.0,13.48,76.22,0.0,10.08,5.44,5.88,0.41,3.25,9.75,False,Low,Hub B,True,True,1.0,Resell
CON-102471,Crate,Plastic,5.15,32,100,High,Unsafe,60.13,None,True,37.51,27.98,0.0,0.97,6.29,2.12,2.09,0.1,5.36,16.07,True,High,Terminal E,True,True,1.0,Recycle
CON-102472,Drum,Plastic,5.42,3,5,Medium,Moderate Damage,82.09,Chemical,True,27.5,21.19,120.63,1.13,15.88,1.15,2.15,0.11,5.63,16.9,True,Medium,Depot C,True,True,1.0,Resell
CON-102473,Box,Cardboard,1.44,52,172,High,Unsafe,46.37,None,True,6.18,27.49,0.0,0.11,5.36,1.67,1.16,0.03,0.57,1.72,True,High,Facility D,True,False,1.0,Recycle
CON-102474,Tote,Plastic,5.32,31,20,Medium,Minor Damage,87.64,None,True,9.1,9.85,24.51,1.05,6.33,1.14,2.13,0.11,5.53,16.6,True,Medium,Depot C,True,False,1.0,Resell
CON-102475,Crate,Wood,23.89,29,62,Low,Minor Damage,74.39,None,False,3.97,22.04,44.94,0.0,10.97,5.87,6.77,0.48,3.82,11.47,False,Low,Terminal E,True,True,1.0,Resell
CON-102476,Drum,Plastic,5.75,38,39,Low,Minor Damage,65.2,None,False,5.13,27.12,70.28,1.05,6.44,3.69,2.24,0.11,5.98,17.93,True,Low,Hub B,True,True,1.0,Resell
CON-102477,Drum,Metal,25.69,25,79,Medium,Minor Damage,54.53,None,True,21.59,32.72,66.13,11.63,11.42,3.58,7.22,0.51,56.52,169.57,True,Medium,Depot C,False,False,1.0,Resell
CON-102478,Tote,Plastic,5.68,10,26,None,Safe,84.59,None,False,0.0,10.91,33.16,1.03,6.42,3.68,2.22,0.11,5.91,17.73,True,Low,Terminal E,True,True,1.0,Resell
CON-102479,Pallet,Plastic,6.37,3,7,,Safe,97.68,None,False,0.0,8.55,51.64,1.21,6.59,3.76,2.39,0.13,6.62,19.87,True,Low,Hub B,False,True,1.0,Resell
CON-102480,Tote,Plastic,5.84,60,126,Medium,Moderate Damage,48.83,None,True,9.01,26.28,6.28,1.06,6.46,1.2,2.26,0.12,6.07,18.22,True,Medium,Facility D,True,True,1.0,Resell
CON-102481,Drum,Metal,33.98,51,62,Low,Minor Damage,,None,False,5.47,26.2,39.97,17.3,13.49,7.08,9.29,0.68,74.75,224.26,True,Low,Facility D,True,True,1.0,Resell
CON-102482,Box,Plastic,5.37,59,153,Medium,Moderate Damage,63.81,None,True,2.83,22.98,1.43,1.07,6.34,1.14,2.14,0.11,5.59,16.76,True,Medium,Facility D,True,True,1.0,Resell
CON-102483,Crate,Metal,29.25,8,16,High,Unsafe,73.99,None,True,33.23,17.5,0.0,13.96,12.31,5.01,8.11,0.58,64.34,193.02,True,High,Facility D,True,True,1.0,Recycle
CON-102484,Crate,Wood,21.81,39,78,Critical,Unsafe,79.21,None,True,61.42,22.92,0.0,0.0,10.45,5.62,6.25,0.44,3.49,10.47,False,High,Terminal E,True,True,1.0,Dispose
CON-102485,Pallet,Wood,21.71,37,115,Medium,Minor Damage,73.32,Organic,True,8.1,23.0,20.25,0.0,10.43,3.11,6.23,0.43,3.47,10.42,False,Medium,Facility D,True,True,1.0,Resell
CON-102486,Box,Plastic,6.52,33,42,Low,Minor Damage,79.0,None,False,0.74,9.6,9.53,1.27,6.63,3.78,2.43,0.13,6.79,20.36,True,Low,Depot C,True,True,1.0,Resell
CON-102487,Box,Plastic,5.56,36,81,Low,Safe,66.5,None,False,0.72,15.38,7.73,1.18,6.39,3.67,2.19,0.11,5.78,17.34,True,Low,Depot C,True,True,1.0,Resell
CON-102488,Drum,Plastic,7.04,53,101,Low,Minor Damage,68.25,None,False,5.95,32.86,34.48,1.38,6.76,3.84,2.56,0.14,7.32,21.96,True,Low,Terminal E,True,True,0.77,Manual_Review
CON-102489,Crate,Metal,25.68,28,40,None,Safe,64.2,None,False,0.0,21.37,46.8,12.49,11.42,6.08,7.22,0.51,56.49,169.46,True,Low,Depot C,False,False,1.0,Resell
CON-102490,Drum,Metal,29.62,20,54,Critical,Unsafe,84.2,None,True,109.63,25.77,0.0,14.97,12.4,6.55,8.2,0.59,65.16,195.47,True,High,Warehouse A,False,False,1.0,Recycle
CON-102491,Tote,Plastic,6.68,15,36,Low,,69.25,None,False,1.65,14.21,29.72,1.42,6.67,3.8,2.47,0.13,6.95,20.84,True,Low,Hub B,True,True,1.0,Resell
CON-102492,Tote,Plastic,5.39,52,161,High,Unsafe,60.38,None,True,18.32,28.04,0.0,1.01,6.35,2.15,2.15,0.11,5.61,16.82,True,High,Terminal E,True,True,1.0,Recycle
CON-102493,Box,Cardboard,1.75,52,161,High,Unsafe,47.74,None,True,6.08,26.19,0.0,0.14,5.44,1.71,1.24,0.04,0.7,2.1,True,High,Depot C,False,True,1.0,Recycle
CON-102494,Crate,Plastic,5.17,26,21,Medium,Minor Damage,87.51,None,True,15.73,15.97,54.86,0.98,6.29,1.12,2.09,0.1,5.38,16.13,True,Medium,Facility D,True,True,1.0,Resell
CON-102495,Tote,Plastic,6.36,30,79,Critical,Unsafe,64.5,None,True,40.38,19.23,0.0,1.39,6.59,3.76,2.39,0.13,6.61,19.84,True,High,Terminal E,False,True,1.0,Recycle
CON-102496,Pallet,Plastic,6.51,48,101,Medium,Moderate Damage,77.75,None,True,11.69,20.94,16.39,1.26,6.63,1.28,2.43,0.13,6.77,20.3,True,Medium,Facility D,True,True,1.0,Resell
CON-102497,Box,Plastic,5.11,56,99,None,Safe,61.19,Organic,False,0.0,17.97,3.57,1.11,6.28,3.61,2.08,0.1,5.31,15.94,True,Low,Terminal E,True,True,1.0,Resell
CON-102498,Tote,Plastic,5.13,34,104,Low,Safe,64.64,None,False,1.75,21.7,18.4,1.02,6.28,3.62,2.08,0.1,5.33,16.0,True,Low,Terminal E,True,True,1.0,Recycle
CON-102499,Box,Cardboard,1.61,40,57,High,Moderate Damage,63.5,None,True,7.98,13.43,6.83,0.13,5.4,1.69,1.2,0.03,0.64,1.93,True,Medium,Warehouse A,True,True,1.0,Resell
CON-102500,Box,Cardboard,1.58,58,90,Low,Minor Damage,76.85,None,False,0.9,14.72,3.46,0.12,5.4,3.19,1.2,0.03,0.63,1.9,True,Low,Hub B,True,True,1.0,Resell
CON-102501,Drum,Metal,31.59,16,36,Medium,Moderate Damage,91.71,None,True,21.01,22.84,85.81,14.63,12.9,4.29,8.7,0.63,69.49,208.47,True,Medium,Hub B,True,True,1.0,Resell
CON-102502,Crate,Wood,17.88,42,83,High,Unsafe,55.07,None,True,36.39,27.04,0.0,0.0,9.47,3.65,5.27,0.36,2.86,8.58,False,High,Depot C,True,True,1.0,Dispose
CON-102503,Box,Cardboard,1.73,34,47,Medium,Moderate Damage,89.12,None,True,2.42,8.58,8.12,0.15,5.43,0.71,1.23,0.03,0.69,2.08,True,Medium,Terminal E,True,True,1.0,Resell
CON-102504,Tote,Plastic,4.86,17,22,None,Safe,67.76,None,False,0.0,13.04,29.57,0.88,6.21,3.58,2.01,0.1,5.05,15.16,True,Low,Terminal E,True,True,1.0,Resell
CON-102505,Pallet,Wood,21.42,45,115,Low,Safe,54.31,None,False,2.63,25.85,15.96,0.0,10.36,5.57,6.16,0.43,3.43,10.28,False,Low,Hub B,False,True,1.0,Resell
CON-102506,Drum,Metal,29.25,29,45,Low,Safe,80.87,None,False,7.02,25.37,71.57,14.01,12.31,6.51,8.11,0.59,64.35,193.06,True,Low,Warehouse A,True,True,1.0,Resell
CON-102507,Pallet,Wood,22.39,37,101,Low,Safe,61.58,None,False,2.71,23.36,20.03,0.0,10.6,5.69,6.4,0.45,3.58,10.75,False,Low,Hub B,True,True,1.0,Resell
CON-102508,Pallet,Plastic,6.79,15,36,None,Safe,79.7,None,False,0.0,14.14,38.69,1.46,6.7,3.82,2.5,0.14,7.06,21.19,True,Low,Terminal E,True,False,1.0,Resell
CON-102509,Drum,Plastic,5.25,46,145,High,Moderate Damage,46.06,Organic,True,56.24,40.59,30.62,0.95,6.31,2.13,2.11,0.11,5.46,16.39,True,Medium,Facility D,True,False,1.0,Resell
CON-102510,Crate,Metal,26.91,45,128,High,Unsafe,60.54,None,True,42.46,30.72,0.0,14.27,11.73,4.73,7.53,0.54,59.2,177.6,True,High,Warehouse A,True,True,1.0,Recycle
CON-102511,Pallet,Wood,16.27,60,157,Critical,Unsafe,50.66,None,True,46.19,30.6,0.0,0.0,9.07,4.95,4.87,0.33,2.6,7.81,False,High,Depot C,True,True,1.0,Dispose
CON-102512,Pallet,Plastic,5.44,17,19,High,Moderate Damage,73.74,None,True,25.15,13.34,40.1,1.11,6.36,2.15,2.16,0.11,5.66,16.98,True,Medium,Depot C,True,True,1.0,Resell
CON-102513,Box,Cardboard,1.48,10,9,None,Safe,86.26,None,False,0.0,5.21,13.23,0.11,5.37,3.18,1.17,0.03,0.59,1.77,True,Low,Facility D,True,False,1.0,Resell
CON-102514,Tote,Plastic,6.4,7,4,Medium,Minor Damage,93.55,None,True,7.1,7.37,38.73,1.16,6.6,1.27,2.4,0.13,6.66,19.98,True,Medium,Terminal E,True,True,1.0,Resell
CON-102515,Pallet,Plastic,6.03,56,99,Low,Minor Damage,52.25,None,False,2.28,24.56,13.03,1.18,6.51,3.72,2.31,0.12,6.28,18.83,True,Low,Facility D,True,True,1.0,Resell
CON-102516,Drum,Metal,26.9,18,52,,Minor Damage,82.99,None,True,27.07,25.75,89.56,13.05,11.72,3.73,7.52,0.54,59.17,177.51,True,Medium,Facility D,True,True,1.0,Resell
CON-102517,Pallet,Plastic,5.09,21,41,None,Safe,62.61,None,False,0.0,17.21,37.21,1.08,6.27,3.61,2.07,0.1,5.29,15.88,True,Low,Terminal E,True,True,1.0,Resell
CON-102518,Drum,Plastic,6.17,25,39,Low,Minor Damage,64.81,Chemical,False,6.69,27.18,79.16,1.11,16.35,3.74,2.34,0.12,6.41,19.24,True,Medium,Hub B,True,True,1.0,Resell
CON-102519,Tote,Plastic,6.57,34,43,Medium,Minor Damage,88.75,Organic,True,6.99,11.99,23.25,1.42,6.64,1.29,2.44,0.13,6.83,20.49,True,Medium,Depot C,True,True,1.0,Resell
CON-102520,Tote,Plastic,6.81,13,24,Medium,Minor Damage,88.3,None,True,6.54,10.15,32.2,1.25,6.7,1.32,2.5,0.14,7.09,21.26,True,Medium,Hub B,False,True,1.0,Resell
CON-102521,Drum,Metal,30.54,15,43,None,Safe,86.03,None,False,0.0,24.4,92.77,14.12,12.64,6.66,8.44,0.61,67.19,201.57,True,Low,Terminal E,True,True,1.0,Resell
CON-102522,Pallet,Wood,17.33,41,65,Medium,Minor Damage,65.51,None,True,11.78,19.17,23.8,0.0,9.33,2.58,5.13,0.35,2.77,8.32,False,Medium,Depot C,False,True,1.0,Resell
CON-102523,Drum,Plastic,5.28,4,13,Low,Minor Damage,81.25,None,False,7.2,22.11,105.63,1.01,6.32,3.63,2.12,0.11,5.49,16.46,True,Low,Facility D,False,True,1.0,Resell
CON-102524,Drum,Metal,27.73,26,46,None,Safe,79.48,None,False,0.0,25.68,74.78,14.04,11.93,6.33,7.73,0.55,61.0,183.01,True,Low,Facility D,True,False,1.0,Resell
CON-102525,Drum,Metal,34.55,48,75,Low,Safe,69.12,None,False,5.23,30.13,42.94,18.26,13.64,7.15,9.44,0.69,76.0,228.0,True,Low,Facility D,True,False,1.0,Resell
CON-102526,Drum,Metal,26.53,59,167,Low,Minor Damage,53.16,None,False,5.97,41.73,12.76,13.61,11.63,6.18,7.43,0.53,58.36,175.09,True,Low,Depot C,False,False,1.0,Resell
CON-102527,Pallet,Plastic,7.11,47,119,Medium,Moderate Damage,70.89,None,True,10.72,23.77,15.42,1.35,6.78,1.35,2.58,0.14,7.39,22.17,True,Medium,Depot C,False,True,1.0,Resell
CON-102528,Box,Plastic,6.24,48,79,Medium,Minor Damage,54.79,None,True,2.88,16.93,5.83,1.25,6.56,1.25,2.36,0.12,6.49,19.47,True,Medium,Terminal E,False,False,1.0,Resell
CON-102529,Tote,Plastic,5.45,17,39,,Minor Damage,65.52,None,False,2.14,15.07,31.61,1.16,6.36,3.65,2.16,0.11,5.67,17.01,True,Low,Terminal E,True,True,1.0,Resell
CON-102530,Crate,Plastic,6.72,15,37,High,Unsafe,91.19,Organic,True,36.58,17.02,0.0,1.4,6.68,2.31,2.48,0.13,6.99,20.97,True,High,Hub B,True,False,1.0,Recycle
CON-102531,Box,Cardboard,1.44,48,51,Medium,Moderate Damage,77.18,None,True,2.56,10.77,5.73,0.12,5.36,0.67,1.16,0.03,0.57,1.72,True,Medium,Hub B,False,True,1.0,Resell
CON-102532,Tote,Plastic,5.02,44,137,High,Moderate Damage,44.69,None,True,17.18,28.0,10.36,0.92,6.25,2.1,2.05,0.1,5.22,15.66,True,Medium,Depot C,True,True,0.56,Manual_Review
CON-102533,Tote,Plastic,5.67,14,10,Low,Safe,90.73,None,False,2.11,8.39,35.79,1.18,6.42,3.68,2.22,0.11,5.9,17.7,True,Low,Warehouse A,True,True,1.0,Resell
CON-102534,Pallet,Plastic,4.91,16,13,High,Unsafe,82.88,None,True,19.01,11.37,0.0,1.01,6.23,2.09,2.03,0.1,5.11,15.32,True,High,Terminal E,True,True,1.0,Recycle
CON-102535,Drum,Plastic,6.33,26,83,Medium,Minor Damage,83.17,None,True,20.21,28.83,62.07,1.29,6.58,1.26,2.38,0.13,6.58,19.74,True,Medium,Warehouse A,False,True,1.0,Resell
CON-102536,Pallet,Wood,23.51,55,78,Medium,Minor Damage,76.68,None,True,11.46,18.8,13.87,0.0,10.88,3.32,6.68,0.47,3.76,11.29,False,Medium,Facility D,True,True,1.0,Resell
CON-102537,Drum,Plastic,5.84,8,6,High,Moderate Damage,71.86,None,True,52.97,22.82,113.1,1.08,6.46,2.2,2.26,0.12,6.08,18.24,True,Medium,Hub B,True,True,1.0,Resell
CON-102538,Tote,Plastic,6.38,47,124,High,Moderate Damage,49.37,None,True,19.64,25.99,11.38,1.22,6.59,2.27,2.39,0.13,6.63,19.89,True,Medium,Terminal E,True,True,1.0,Resell
CON-102539,Drum,Metal,24.3,56,128,Medium,Minor Damage,69.06,None,True,24.45,35.44,22.95,11.27,11.08,3.42,6.88,0.49,53.46,160.38,True,Medium,Depot C,True,True,1.0,Resell
CON-102540,Box,Cardboard,1.25,8,6,None,Safe,81.88,None,False,0.0,5.57,14.23,0.09,5.31,3.15,1.11,0.03,0.5,1.5,True,Low,Hub B,True,True,1.0,Resell
CON-102541,Box,Plastic,5.87,8,6,Medium,Moderate Damage,69.18,None,True,3.4,7.47,13.53,1.18,6.47,1.2,2.27,0.12,6.11,18.32,True,Medium,Hub B,True,True,1.0,Resell
CON-102542,Tote,Plastic,6.9,49,49,None,Safe,83.18,None,False,0.0,13.42,14.88,1.29,6.72,3.83,2.52,0.14,7.18,21.53,True,Low,Terminal E,True,True,1.0,Resell
CON-102543,Crate,Wood,21.13,2,2,Medium,Minor Damage,88.77,None,True,16.69,13.88,73.35,0.0,10.28,3.04,6.08,0.42,3.38,10.14,False,Medium,Depot C,True,True,1.0,Resell
CON-102544,Crate,Plastic,4.81,17,34,Low,Safe,76.77,None,False,3.98,18.88,59.9,0.88,6.2,3.58,2.0,0.1,5.0,15.0,True,Low,Facility D,True,True,1.0,Resell
CON-102545,Box,Cardboard,1.8,42,77,None,Safe,64.8,None,False,0.0,15.23,6.81,0.14,5.45,3.22,1.25,0.04,0.72,2.16,True,Low,Terminal E,True,True,1.0,Resell
CON-102546,Box,Plastic,6.97,29,29,Medium,Moderate Damage,86.93,None,True,3.06,7.11,10.22,1.41,6.74,1.34,2.54,0.14,7.25,21.74,True,Medium,Warehouse A,True,True,0.54,Manual_Review
CON-102547,Pallet,Wood,22.61,17,9,None,Safe,72.71,None,False,0.0,12.49,40.88,0.0,10.65,5.71,6.45,0.45,3.62,10.85,False,Low,Warehouse A,True,True,0.62,Manual_Review
CON-102548,Drum,Plastic,4.95,44,83,High,Unsafe,57.72,None,True,44.88,32.64,0.0,0.91,6.24,2.09,2.04,0.1,5.15,15.46,True,High,Warehouse A,False,True,1.0,Recycle
CON-102549,Drum,Plastic,6.99,36,61,Medium,Minor Damage,68.88,None,True,27.78,28.77,57.06,1.48,6.75,1.34,2.55,0.14,7.27,21.81,True,Medium,Depot C,True,True,1.0,Resell
CON-102550,Crate,Metal,27.57,44,32,Low,Safe,77.33,None,False,3.39,18.6,40.93,12.58,11.89,6.31,7.69,0.55,60.66,181.98,True,Low,Warehouse A,True,True,1.0,Resell
CON-102551,Drum,Plastic,6.71,26,49,,Minor Damage,63.14,None,False,5.61,28.43,78.34,1.28,6.68,3.81,2.48,0.13,6.98,20.93,True,Low,Facility D,True,True,1.0,Resell
CON-102552,Box,Plastic,5.81,22,15,None,Safe,70.9,None,False,0.0,8.12,11.18,1.23,6.45,3.7,2.25,0.12,6.05,18.14,True,Low,Hub B,True,True,1.0,Resell
CON-102553,Crate,Wood,18.44,33,103,Medium,Moderate Damage,65.59,None,True,18.32,27.46,34.42,0.0,9.61,2.71,5.41,0.37,2.95,8.85,False,Medium,Hub B,True,False,1.0,Resell
CON-102554,Pallet,Plastic,6.06,36,69,High,Moderate Damage,75.38,Chemical,True,19.57,18.09,25.11,1.2,16.29,2.23,2.31,0.12,6.3,18.9,True,Medium,Hub B,True,True,1.0,Resell
CON-102555,Drum,Metal,25.96,58,73,Critical,Unsafe,68.14,Organic,True,98.89,30.08,0.0,13.54,11.49,6.12,7.29,0.52,57.11,171.34,True,High,Terminal E,True,True,1.0,Recycle
CON-102556,Crate,Plastic,5.12,30,37,Low,Safe,83.03,None,False,4.47,18.25,52.67,0.99,6.28,3.61,2.08,0.1,5.33,15.99,True,Low,Hub B,True,False,1.0,Resell
CON-102557,Drum,Plastic,5.2,10,19,None,Safe,67.0,None,False,0.0,24.85,111.02,1.11,6.3,3.62,2.1,0.1,5.41,16.22,True,Low,Depot C,True,True,1.0,Resell
CON-102558,Box,Plastic,5.82,16,20,Low,Safe,92.5,None,False,0.64,5.38,12.46,1.13,6.45,3.7,2.25,0.12,6.05,18.15,True,Low,Hub B,True,True,1.0,Resell
CON-102559,Pallet,Plastic,5.21,56,116,High,Unsafe,71.34,None,True,21.28,23.4,0.0,0.94,6.3,2.13,2.1,0.1,5.42,16.26,True,High,Depot C,True,True,1.0,Recycle
CON-102560,Box,Plastic,5.29,56,76,Low,Safe,82.28,Organic,False,0.7,12.51,3.98,1.14,6.32,3.63,2.12,0.11,5.5,16.5,True,Low,Depot C,True,False,1.0,Resell
CON-102561,Pallet,Wood,21.05,35,92,None,Safe,55.91,None,False,0.0,23.31,24.55,0.0,10.26,5.53,6.06,0.42,3.37,10.11,False,Low,Facility D,True,False,1.0,Resell
CON-102562,Pallet,Wood,16.98,59,101,Critical,Unsafe,60.55,None,True,38.28,23.52,0.0,0.0,9.25,5.04,5.05,0.34,2.72,8.15,False,High,Facility D,True,True,1.0,Dispose
CON-102563,Tote,Plastic,5.22,29,77,Medium,Moderate Damage,78.17,None,True,8.38,16.97,24.05,1.12,6.3,1.13,2.1,0.1,5.43,16.28,True,Medium,Depot C,True,True,1.0,Recycle
CON-102564,Crate,Wood,18.09,42,30,None,Safe,68.3,Organic,False,0.0,19.75,41.43,0.0,9.52,5.17,5.32,0.36,2.89,8.68,False,Low,Terminal E,True,True,1.0,Resell
CON-102565,Tote,Plastic,5.42,48,52,Medium,Minor Damage,88.83,None,True,6.85,12.88,16.65,1.06,6.36,1.15,2.16,0.11,5.64,16.92,True,Medium,Depot C,True,True,1.0,Resell
CON-102566,Drum,Metal,27.7,48,30,None,Safe,66.37,None,False,0.0,26.04,56.66,12.5,11.93,6.32,7.73,0.55,60.95,182.84,True,Low,Facility D,False,True,1.0,Resell
CON-102567,Tote,Plastic,5.38,29,93,Critical,Unsafe,54.97,None,True,38.87,22.05,0.0,0.98,6.35,3.65,2.15,0.11,5.6,16.79,True,High,Facility D,True,True,1.0,Recycle
CON-102568,Drum,Metal,34.19,18,32,Low,Minor Damage,76.16,None,False,6.96,24.78,83.51,16.48,13.55,7.1,9.35,0.68,75.23,225.68,True,Low,Hub B,True,True,1.0,Refurbish
CON-102569,Box,Cardboard,1.75,31,30,Low,Minor Damage,70.32,Chemical,False,0.75,9.7,10.32,0.13,13.59,3.21,1.24,0.03,0.7,2.1,True,Medium,Hub B,True,True,1.0,Resell
CON-102570,Box,Plastic,6.59,40,85,Medium,Minor Damage,71.84,None,True,3.14,14.97,6.9,1.39,6.65,1.29,2.45,0.13,6.86,20.57,True,Medium,Terminal E,False,False,1.0,Resell
CON-102571,Box,Cardboard,1.37,18,54,Medium,Minor Damage,81.48,None,True,2.97,10.43,9.64,0.12,5.34,0.66,1.14,0.03,0.55,1.65,True,Medium,Hub B,True,False,1.0,Resell
CON-102572,Crate,Metal,28.42,34,88,Medium,Moderate Damage,60.2,Organic,True,16.64,26.77,40.34,14.09,12.1,3.91,7.9,0.57,62.52,187.56,True,Medium,Depot C,False,True,1.0,Resell
CON-102573,Drum,Metal,31.12,2,3,Low,Minor Damage,85.06,Organic,False,6.77,20.54,116.16,16.0,12.78,6.73,8.58,0.62,68.46,205.37,True,Low,Hub B,False,True,1.0,Resell
CON-102574,Box,Cardboard,1.42,14,32,Low,Safe,84.11,None,False,0.85,7.83,12.59,0.11,5.36,3.17,1.16,0.03,0.57,1.71,True,Low,Warehouse A,True,True,1.0,Resell
CON-102575,Box,Cardboard,1.52,50,107,Medium,Moderate Damage,60.03,None,True,2.91,18.95,4.69,0.11,5.38,0.68,1.18,0.03,0.61,1.82,True,Medium,Terminal E,False,True,1.0,Resell
CON-102576,Drum,Metal,34.88,21,63,High,Moderate Damage,84.79,None,True,49.48,26.58,73.12,17.05,13.72,5.69,9.52,0.7,76.74,230.21,True,Medium,Hub B,False,True,1.0,Resell
CON-102577,Box,Cardboard,1.73,9,27,Low,Minor Damage,77.13,None,False,0.7,8.38,11.71,0.15,5.43,3.21,1.23,0.03,0.69,2.07,True,Low,Hub B,True,True,1.0,Resell
CON-102578,Crate,Metal,26.93,50,92,Low,Minor Damage,80.46,None,False,4.63,24.13,25.01,14.6,11.73,6.23,7.53,0.54,59.25,177.74,True,Low,Depot C,True,True,1.0,Resell
CON-102579,Crate,Metal,33.75,52,139,Medium,Minor Damage,62.29,None,True,18.84,31.56,15.09,18.35,13.44,4.55,9.24,0.67,74.25,222.74,True,Medium,Terminal E,True,True,1.0,Resell
CON-102580,Box,Cardboard,1.6,52,76,Medium,Minor Damage,59.24,None,True,3.11,15.96,5.27,0.13,5.4,0.69,1.2,0.03,0.64,1.91,True,Medium,Hub B,True,False,1.0,Resell
CON-102581,Drum,Plastic,6.91,14,40,None,Safe,77.11,None,False,0.0,25.43,96.94,1.4,6.73,3.83,2.53,0.14,7.18,21.55,True,Low,Terminal E,True,True,1.0,Resell
CON-102582,Tote,Plastic,5.45,29,14,None,Safe,74.41,Hazardous,False,0.0,11.24,0.0,0.0,38.17,3.65,2.16,0.11,5.66,16.99,False,High,Warehouse A,True,True,1.0,Dispose
CON-102583,Tote,Plastic,5.93,21,24,None,Safe,93.12,None,False,0.0,9.43,32.61,1.23,6.48,3.71,2.28,0.12,6.16,18.49,True,Low,Terminal E,False,True,1.0,Resell
CON-102584,Tote,Plastic,5.8,20,17,None,Safe,74.16,None,False,0.0,11.58,27.71,1.06,6.45,3.7,2.25,0.12,6.03,18.1,True,Low,Depot C,True,True,1.0,Resell
CON-102585,Crate,Plastic,4.98,34,78,Medium,Moderate Damage,78.73,None,True,13.95,22.99,37.45,0.97,6.25,1.1,2.05,0.1,5.18,15.55,True,Medium,Depot C,True,True,1.0,Resell
CON-102586,Box,Cardboard,1.49,52,163,None,Safe,65.95,None,False,0.0,23.66,2.19,0.13,5.37,3.18,1.17,0.03,0.6,1.79,True,Low,Hub B,True,False,1.0,Resell
CON-102587,Box,Plastic,5.4,42,122,Medium,Moderate Damage,73.97,None,True,2.42,18.35,4.72,1.1,6.35,1.15,2.15,0.11,5.62,16.85,True,Medium,Hub B,True,True,1.0,Resell
CON-102588,Box,Cardboard,1.61,5,2,Medium,Minor Damage,,None,True,3.57,6.69,14.15,0.14,5.4,0.69,1.2,0.03,0.64,1.93,True,Medium,Facility D,False,True,1.0,Resell
CON-102589,Crate,Plastic,5.71,23,35,Low,Minor Damage,74.48,Organic,False,3.6,19.33,51.05,1.25,6.43,3.68,2.23,0.11,5.93,17.8,True,Low,Warehouse A,True,True,1.0,Resell
CON-102590,Box,Cardboard,1.74,9,14,None,Safe,79.97,None,False,0.0,6.65,12.89,0.13,5.44,3.21,1.24,0.03,0.7,2.09,True,Low,Warehouse A,True,True,1.0,Resell
CON-102591,Box,Cardboard,1.42,48,165,Low,Minor Damage,37.79,Chemical,False,0.7,28.08,2.86,0.12,13.39,3.17,1.15,0.03,0.57,1.7,True,Medium,Facility D,True,True,1.0,Repair
CON-102592,Drum,Metal,28.63,19,50,Medium,Moderate Damage,71.03,Chemical,True,27.12,27.35,78.78,13.76,30.39,3.94,7.96,0.57,62.98,188.93,True,Medium,Terminal E,False,True,1.0,Resell
CON-102593,Drum,Plastic,6.15,16,43,Low,Minor Damage,71.57,None,False,6.91,26.56,89.63,1.33,6.54,3.74,2.34,0.12,6.4,19.19,True,Low,Facility D,True,True,1.0,Resell
CON-102594,Drum,Plastic,6.78,59,59,High,Moderate Damage,68.2,None,True,59.2,28.67,32.64,1.43,6.7,2.31,2.5,0.14,7.05,21.15,True,Medium,Depot C,True,True,1.0,Resell
CON-102595,Crate,Metal,26.17,17,35,None,Safe,75.25,None,False,0.0,19.21,65.55,13.66,11.54,6.14,7.34,0.52,57.57,172.71,True,Low,Depot C,True,True,1.0,Resell
CON-102596,Tote,Plastic,6.6,45,101,High,Unsafe,54.71,Organic,True,21.6,22.89,0.0,1.45,6.65,2.29,2.45,0.13,6.86,20.59,True,High,Facility D,True,True,1.0,Recycle
CON-102597,Tote,Plastic,4.87,5,17,None,Safe,87.51,None,False,0.0,9.57,34.12,1.05,6.22,3.58,2.02,0.1,5.07,15.2,True,Low,Terminal E,False,True,1.0,Resell
CON-102598,Drum,Metal,33.45,33,74,Medium,Moderate Damage,67.23,None,True,19.63,30.32,60.72,18.04,13.36,4.51,9.16,0.67,73.59,220.77,True,Medium,Depot C,False,True,1.0,Resell
CON-102599,Tote,Plastic,5.82,10,27,None,Safe,67.49,None,False,0.0,13.58,35.48,1.26,6.45,3.7,2.25,0.12,6.05,18.15,True,Low,Warehouse A,True,True,1.0,Resell
CON-102600,Box,Plastic,5.38,45,137,Medium,Minor Damage,52.41,Hazardous,True,2.52,23.09,0.0,0.0,38.07,1.15,2.14,0.11,5.59,16.78,False,High,Depot C,True,True,1.0,Dispose
CON-102601,Pallet,Wood,19.08,18,27,Low,Minor Damage,69.31,None,False,2.29,14.8,38.21,0.0,9.77,5.29,5.57,0.38,3.05,9.16,False,Low,Hub B,True,True,1.0,Resell
CON-102602,Drum,Plastic,7.01,23,58,Critical,Unsafe,61.18,None,True,119.77,29.62,0.0,1.28,6.75,3.84,2.55,0.14,7.29,21.87,True,High,Depot C,False,True,1.0,Recycle
CON-102603,Crate,Plastic,6.43,6,18,Medium,Moderate Damage,79.61,None,True,14.73,16.86,73.51,1.17,6.61,1.27,2.41,0.13,6.68,20.05,True,Medium,Hub B,False,True,1.0,Resell
CON-102604,Box,Plastic,6.16,24,34,Medium,Moderate Damage,89.7,None,True,2.66,7.19,11.22,1.25,6.54,1.24,2.34,0.12,6.41,19.23,True,Medium,Facility D,True,True,1.0,Resell
CON-102605,Box,Cardboard,1.42,39,66,High,Moderate Damage,84.35,None,True,7.31,11.2,6.66,0.12,5.36,1.67,1.16,0.03,0.57,1.71,True,Medium,Facility D,True,False,1.0,Resell
CON-102606,Drum,Plastic,6.13,34,66,Low,Minor Damage,64.61,None,False,5.82,29.91,58.1,1.16,6.53,3.74,2.33,0.12,6.37,19.12,True,Low,Depot C,True,True,1.0,Resell
CON-102607,Pallet,Plastic,6.17,54,187,Medium,Minor Damage,39.74,None,True,10.93,35.24,5.31,1.21,6.54,1.24,2.34,0.12,6.42,19.25,True,Medium,Hub B,True,True,1.0,Resell
CON-102608,Crate,Plastic,6.21,46,128,Medium,Minor Damage,59.76,None,True,13.49,30.84,21.37,1.27,6.55,1.24,2.35,0.12,6.46,19.37,True,Medium,Terminal E,False,True,1.0,Resell
CON-102609,Box,Plastic,6.4,15,44,None,Safe,78.6,None,False,0.0,9.86,10.63,1.2,6.6,3.77,2.4,0.13,6.66,19.97,True,Low,Facility D,True,True,1.0,Resell
CON-102610,Crate,Plastic,5.89,26,61,Low,Minor Damage,82.81,None,False,3.7,20.68,50.51,1.08,6.47,3.71,2.27,0.12,6.13,18.38,True,Low,Depot C,True,True,1.0,Resell
CON-102611,Drum,Metal,24.22,49,43,None,Safe,70.12,None,False,0.0,26.78,48.89,12.58,11.06,5.91,6.86,0.48,53.29,159.86,True,Low,Facility D,True,True,1.0,Resell
CON-102612,Crate,Plastic,4.99,36,73,Low,Safe,85.01,None,False,4.76,21.55,37.49,0.9,6.25,3.6,2.05,0.1,5.19,15.58,True,Low,Facility D,True,False,1.0,Resell
CON-102613,Pallet,Wood,20.5,13,42,Low,Safe,70.29,Organic,False,2.93,16.16,36.11,0.0,10.12,5.46,5.92,0.41,3.28,9.84,False,Low,Terminal E,True,True,1.0,Resell
CON-102614,Pallet,Plastic,5.82,26,30,None,Safe,79.6,None,False,0.0,13.56,34.05,1.2,6.45,3.7,2.25,0.12,6.05,18.15,True,Low,Hub B,False,True,1.0,Resell
CON-102615,Box,Cardboard,1.32,44,86,Medium,Minor Damage,61.29,None,True,3.12,16.66,6.02,0.12,5.33,0.66,1.13,0.03,0.53,1.58,True,Medium,Warehouse A,True,True,1.0,Resell
CON-102616,Pallet,Wood,21.28,10,26,Medium,Moderate Damage,91.02,None,True,11.81,11.45,44.01,0.0,10.32,3.05,6.12,0.43,3.4,10.21,False,Medium,Depot C,False,True,1.0,Resell
CON-102617,Crate,Wood,22.51,54,153,Medium,Minor Damage,67.76,None,True,15.71,32.14,12.08,0.0,10.63,3.2,6.43,0.45,3.6,10.8,False,Medium,Warehouse A,False,True,1.0,Resell
CON-102618,Drum,Plastic,5.16,55,168,High,Unsafe,42.54,None,True,54.01,43.42,0.0,0.96,6.29,2.12,2.09,0.1,5.37,16.11,True,High,Terminal E,True,False,1.0,Recycle
CON-102619,Pallet,Wood,23.26,5,7,None,Safe,80.99,None,False,0.0,11.05,46.25,0.0,10.81,5.79,6.61,0.47,3.72,11.16,False,Low,Facility D,True,False,1.0,Resell
CON-102620,Box,Plastic,6.86,29,50,High,Unsafe,85.87,None,True,5.85,9.37,0.0,1.27,6.71,2.32,2.51,0.14,7.13,21.39,True,High,Facility D,True,False,1.0,Recycle
CON-102621,Crate,Metal,35.15,43,126,Medium,Minor Damage,57.92,Organic,True,14.49,30.91,25.75,18.55,13.79,4.72,9.59,0.7,77.32,231.97,True,Medium,Hub B,True,True,1.0,Resell
CON-102622,Drum,Plastic,4.98,57,69,Medium,Moderate Damage,75.9,None,True,26.66,28.51,33.92,1.09,6.25,1.1,2.05,0.1,5.18,15.55,True,Medium,Warehouse A,True,True,1.0,Resell
CON-102623,Drum,Metal,25.7,14,30,Medium,Moderate Damage,65.22,Organic,True,26.46,26.22,100.93,12.55,11.42,3.58,7.22,0.51,56.54,169.62,True,Medium,Warehouse A,True,False,1.0,Resell
CON-102624,Drum,Metal,28.98,7,15,Low,Minor Damage,76.86,None,False,6.49,22.97,106.05,14.47,12.25,6.48,8.05,0.58,63.76,191.27,True,Low,Warehouse A,False,True,0.56,Manual_Review
CON-102625,Pallet,Wood,20.4,36,28,None,Safe,89.66,Chemical,False,0.0,11.85,30.71,0.0,25.25,5.45,5.9,0.41,3.26,9.79,False,Medium,Terminal E,False,True,1.0,Resell
CON-102626,Pallet,Plastic,5.19,2,2,Low,Minor Damage,92.89,None,False,2.5,8.77,51.48,1.14,6.3,3.62,2.1,0.1,5.4,16.2,True,Low,Facility D,True,True,1.0,Resell
CON-102627,Box,Cardboard,1.41,43,132,Critical,Unsafe,49.43,None,True,14.52,23.03,0.0,0.11,5.35,3.17,1.15,0.03,0.56,1.69,True,High,Facility D,False,True,1.0,Recycle
CON-102628,Drum,Plastic,5.28,16,11,None,Safe,76.03,None,False,0.0,22.7,88.45,1.15,6.32,3.63,2.12,0.11,5.49,16.48,True,Low,Depot C,True,True,1.0,Resell
CON-102629,Drum,Metal,32.62,4,11,Low,Minor Damage,81.79,Organic,False,5.19,21.83,102.61,15.37,13.16,6.91,8.96,0.65,71.77,215.32,True,Low,Warehouse A,True,False,1.0,Resell
CON-102630,Drum,Metal,27.79,32,90,Low,Safe,61.41,None,False,6.04,32.79,60.76,13.36,11.95,6.34,7.75,0.56,61.15,183.45,True,Low,Warehouse A,True,True,1.0,Resell
CON-102631,Drum,Metal,24.49,5,16,Low,Safe,67.81,None,False,5.88,24.43,119.53,12.29,11.12,5.94,6.92,0.49,53.88,161.64,True,Low,Depot C,True,True,1.0,Resell
CON-102632,Pallet,Plastic,6.55,19,23,High,Unsafe,72.8,None,True,23.16,13.88,0.0,1.43,6.64,2.29,2.44,0.13,6.81,20.43,True,High,Terminal E,True,True,1.0,Recycle
CON-102633,Tote,Plastic,7.07,25,49,None,Safe,85.9,None,False,0.0,13.02,24.52,1.28,6.77,3.85,2.57,0.14,7.35,22.06,True,Low,Depot C,True,False,1.0,Resell
CON-102634,Pallet,Plastic,6.31,7,5,Medium,Minor Damage,93.11,None,True,9.2,9.03,44.65,1.33,6.58,1.26,2.38,0.13,6.57,19.7,True,Medium,Terminal E,True,True,1.0,Resell
CON-102635,Pallet,Plastic,6.16,40,94,Low,Safe,59.34,None,False,2.77,23.0,19.48,1.17,6.54,3.74,2.34,0.12,6.4,19.2,True,Low,Terminal E,False,True,1.0,Resell
CON-102636,Drum,Metal,35.92,25,74,Low,Minor Damage,58.31,None,False,6.95,31.65,77.12,18.97,13.98,7.31,9.78,0.72,79.03,237.1,True,Low,Depot C,True,True,1.0,Resell
CON-102637,Drum,Metal,30.41,19,26,Low,Safe,94.16,None,False,5.27,21.48,83.68,14.41,12.6,6.65,8.4,0.61,66.89,200.67,True,Low,Terminal E,True,False,1.0,Resell
CON-102638,Box,Cardboard,1.43,25,30,None,Safe,67.68,None,False,0.0,10.1,10.29,0.11,5.36,3.17,1.16,0.03,0.57,1.72,True,Low,Depot C,True,False,1.0,Resell
CON-102639,Box,Cardboard,1.69,33,57,High,Unsafe,75.47,None,True,7.67,11.63,0.0,0.13,5.42,1.7,1.22,0.03,0.68,2.03,True,High,Terminal E,True,False,1.0,Recycle
CON-102640,Pallet,Wood,23.0,4,13,Critical,Unsafe,87.81,None,True,34.57,10.63,0.0,0.0,10.75,5.76,6.55,0.46,3.68,11.04,False,High,Terminal E,True,True,1.0,Dispose
CON-102641,Box,Cardboard,1.45,25,45,None,Safe,87.68,Organic,False,0.0,8.6,10.64,0.11,5.36,3.17,1.16,0.03,0.58,1.74,True,Low,Terminal E,False,True,1.0,Resell
CON-102642,Drum,Metal,26.27,26,34,Low,Minor Damage,78.9,None,False,5.67,24.56,76.75,13.65,11.57,6.15,7.37,0.53,57.8,173.4,True,Low,Depot C,True,True,1.0,Resell
CON-102643,Crate,Plastic,6.53,52,72,Critical,Unsafe,56.11,None,True,73.99,25.78,0.0,1.35,6.63,3.78,2.43,0.13,6.79,20.36,True,High,Terminal E,True,True,1.0,Recycle
CON-102644,Crate,Wood,22.1,7,20,None,Safe,73.93,None,False,0.0,17.91,70.86,0.0,10.52,5.65,6.32,0.44,3.54,10.61,False,Low,Hub B,True,False,1.0,Resell
CON-102645,Drum,Plastic,5.49,27,53,Low,Safe,69.93,None,False,5.79,27.81,68.29,1.18,6.37,3.66,2.17,0.11,5.71,17.12,True,Low,Terminal E,True,False,1.0,Resell
CON-102646,Pallet,Wood,22.88,15,19,None,Safe,75.12,None,False,0.0,13.13,37.98,0.0,10.72,5.75,6.52,0.46,3.66,10.98,False,Low,Facility D,True,False,1.0,Resell
CON-102647,Crate,Metal,32.95,23,37,Medium,Minor Damage,66.98,None,True,16.5,20.65,58.77,15.63,13.24,4.45,9.04,0.66,72.48,217.45,True,Medium,Terminal E,True,True,1.0,Resell
CON-102648,Box,Plastic,4.99,56,175,Medium,Moderate Damage,43.33,None,True,3.53,28.25,1.61,1.02,6.25,1.1,2.05,0.1,5.18,15.55,True,Medium,Facility D,True,False,1.0,Resell
CON-102649,Pallet,Wood,23.69,44,119,Medium,Minor Damage,62.28,None,True,10.66,25.06,15.71,0.0,10.92,3.34,6.72,0.47,3.79,11.37,False,Medium,Facility D,True,False,1.0,Resell
CON-102650,Drum,Plastic,5.96,47,137,High,Moderate Damage,53.62,None,True,57.99,38.66,27.8,1.15,6.49,2.21,2.29,0.12,6.19,18.58,True,Medium,Depot C,False,False,1.0,Resell
CON-102651,Pallet,Plastic,6.06,37,128,High,Moderate Damage,46.86,Organic,True,19.4,28.27,19.81,1.27,6.52,2.23,2.32,0.12,6.31,18.92,True,Medium,Depot C,True,True,1.0,Resell
CON-102652,Pallet,Wood,22.94,49,171,Medium,Moderate Damage,,None,True,10.32,30.56,7.96,0.0,10.73,3.25,6.53,0.46,3.67,11.01,False,Medium,Warehouse A,True,True,1.0,Resell
CON-102653,Tote,Plastic,5.56,58,121,Medium,Minor Damage,73.23,None,True,6.56,22.11,7.5,1.05,6.39,1.17,2.19,0.11,5.79,17.36,True,Medium,Facility D,True,True,1.0,Resell
CON-102654,Tote,Plastic,5.83,13,19,Medium,Moderate Damage,70.07,Organic,True,9.55,12.39,30.01,1.19,6.46,1.2,2.26,0.12,6.07,18.2,True,Medium,Terminal E,False,True,1.0,Resell
CON-102655,Tote,Plastic,6.37,6,6,None,Safe,97.01,None,False,0.0,7.05,36.51,1.36,6.59,3.76,2.39,0.13,6.62,19.87,True,Low,Facility D,True,True,1.0,Resell
CON-102656,Crate,Plastic,5.73,44,111,Critical,Unsafe,71.47,Chemical,True,77.55,27.38,0.0,1.16,16.08,3.69,2.23,0.11,5.96,17.87,True,High,Hub B,True,True,1.0,Recycle
CON-102657,Pallet,Plastic,5.3,26,28,Low,Safe,68.84,None,False,2.04,14.97,32.79,1.05,6.33,3.64,2.13,0.11,5.51,16.54,True,Low,Facility D,True,False,1.0,Resell
CON-102658,Pallet,Plastic,5.55,4,8,None,Safe,74.91,Chemical,False,0.0,12.06,48.78,1.06,15.97,3.67,2.19,0.11,5.77,17.31,True,Medium,Warehouse A,True,True,1.0,Resell
CON-102659,Pallet,Wood,17.83,7,4,None,Safe,87.55,None,False,0.0,9.77,43.66,0.0,9.46,5.14,5.26,0.36,2.85,8.56,False,Low,Facility D,False,True,1.0,Resell
CON-102660,Tote,Plastic,5.67,21,29,None,Safe,71.7,None,False,0.0,13.15,29.48,1.1,6.42,3.68,2.22,0.11,5.9,17.69,True,Low,Terminal E,False,True,1.0,Resell
CON-102661,Box,Cardboard,1.58,33,47,Low,Minor Damage,88.21,Hazardous,False,0.89,8.72,0.0,0.0,32.37,3.19,1.2,0.03,0.63,1.9,False,High,Facility D,True,True,1.0,Dispose
CON-102662,Drum,Metal,27.55,38,21,None,Safe,82.53,None,False,0.0,22.72,70.92,13.32,11.89,6.31,7.69,0.55,60.62,181.86,True,Low,Terminal E,True,True,1.0,Resell
CON-102663,Crate,Plastic,4.97,2,3,None,Safe,83.03,None,False,0.0,14.85,74.61,1.09,6.24,3.6,2.04,0.1,5.17,15.52,True,Low,Hub B,True,True,1.0,Resell
CON-102664,Pallet,Plastic,5.17,14,39,Low,Safe,81.8,None,False,2.85,14.13,41.0,0.93,6.29,3.62,2.09,0.1,5.37,16.12,True,Low,Warehouse A,True,True,1.0,Resell
CON-102665,Tote,Plastic,4.86,16,39,None,Safe,62.49,None,False,0.0,15.53,31.33,1.02,6.21,3.58,2.01,0.1,5.05,15.16,True,Low,Facility D,False,True,1.0,Resell
CON-102666,Pallet,Wood,21.26,50,43,None,Safe,83.76,None,False,0.0,14.24,21.01,0.0,10.31,5.55,6.11,0.43,3.4,10.2,False,Low,Depot C,True,True,1.0,Resell
CON-102667,Tote,Plastic,5.5,49,109,Critical,Unsafe,78.03,Chemical,True,34.1,20.2,0.0,1.14,15.94,3.66,2.18,0.11,5.72,17.17,True,High,Terminal E,True,True,1.0,Recycle
CON-102668,Pallet,Wood,20.07,56,195,Medium,Moderate Damage,56.84,None,True,11.49,33.47,5.34,0.0,10.02,2.91,5.82,0.4,3.21,9.63,False,Medium,Terminal E,True,True,1.0,Resell
CON-102669,Tote,Plastic,5.2,3,9,High,Moderate Damage,83.88,None,True,19.53,9.32,36.01,0.99,6.3,2.12,2.1,0.1,5.41,16.22,True,Medium,Terminal E,True,True,1.0,Resell
CON-102670,Box,Cardboard,1.69,45,123,High,Unsafe,74.03,Chemical,True,6.71,18.45,0.0,0.14,13.56,1.7,1.22,0.03,0.68,2.03,True,High,Hub B,True,False,1.0,Recycle
CON-102671,Crate,Plastic,4.91,59,194,Low,Safe,46.75,None,False,3.61,39.39,7.83,1.0,6.23,3.59,2.03,0.1,5.11,15.33,True,Low,Terminal E,True,True,1.0,Resell
CON-102672,Crate,Metal,30.29,13,15,High,Moderate Damage,81.32,None,True,40.62,16.3,69.09,14.5,12.57,5.14,8.37,0.61,66.65,199.94,True,Medium,Facility D,True,True,1.0,Resell
CON-102673,Crate,Wood,18.66,4,11,None,Safe,69.68,None,False,0.0,17.65,75.21,0.0,9.67,5.24,5.47,0.37,2.99,8.96,False,Low,Facility D,True,True,1.0,Resell
CON-102674,Box,Cardboard,1.75,30,58,Medium,Minor Damage,86.62,None,True,2.7,10.06,7.98,0.13,5.44,0.71,1.24,0.03,0.7,2.1,True,Medium,Terminal E,True,False,1.0,Resell
CON-102675,Box,Plastic,7.06,55,145,High,Moderate Damage,64.99,Hazardous,True,6.47,22.0,0.0,0.0,40.58,2.35,2.56,0.14,7.34,22.01,False,High,Terminal E,True,False,1.0,Dispose
CON-102676,Drum,Metal,29.75,50,66,Low,Minor Damage,74.65,None,False,5.86,28.4,48.1,14.04,12.44,6.57,8.24,0.59,65.44,196.33,True,Low,Facility D,True,True,1.0,Resell
CON-102677,Crate,Wood,17.18,36,29,Low,Safe,88.41,None,False,3.54,16.64,46.72,0.0,9.3,5.06,5.1,0.34,2.75,8.25,False,Low,Hub B,True,True,1.0,Resell
CON-102678,Tote,Plastic,4.81,14,31,None,Safe,90.29,Chemical,False,0.0,10.56,28.84,0.94,15.51,3.58,2.0,0.1,5.0,15.01,True,Medium,Depot C,False,True,1.0,Resell
CON-102679,Drum,Plastic,6.15,36,119,Critical,Unsafe,56.21,None,True,89.61,36.47,0.0,1.22,6.54,3.74,2.34,0.12,6.39,19.17,True,High,Warehouse A,False,True,1.0,Recycle
CON-102680,Tote,Plastic,5.4,16,31,Low,Minor Damage,89.1,None,False,2.36,10.74,33.17,1.02,6.35,3.65,2.15,0.11,5.61,16.84,True,Low,Terminal E,True,True,1.0,Resell
CON-102681,Crate,Wood,20.8,9,24,Low,Minor Damage,93.95,None,False,4.77,15.31,71.08,0.0,10.2,5.5,6.0,0.42,3.33,9.98,False,Low,Hub B,True,False,1.0,Resell
CON-102682,Pallet,Plastic,6.49,2,1,Low,Minor Damage,81.22,Hazardous,False,2.84,10.42,0.0,0.0,39.74,3.78,2.42,0.13,6.75,20.25,False,High,Depot C,False,True,1.0,Dispose
CON-102683,Drum,Metal,32.06,42,77,Medium,Moderate Damage,83.49,None,True,28.35,28.18,53.79,14.56,13.02,4.35,8.82,0.64,70.54,211.62,True,Medium,Facility D,False,False,1.0,Resell
CON-102684,Drum,Plastic,6.18,29,34,Medium,Moderate Damage,90.38,None,True,25.57,22.84,83.66,1.3,6.54,1.24,2.34,0.12,6.43,19.28,True,Medium,Depot C,True,True,1.0,Resell
CON-102685,Drum,Metal,35.07,34,105,Medium,Minor Damage,70.2,None,True,25.67,32.97,49.78,19.17,13.77,4.71,9.57,0.7,77.15,231.46,True,Medium,Depot C,False,False,1.0,Resell
CON-102686,Box,Plastic,6.85,59,58,Medium,Minor Damage,61.46,None,True,3.35,13.83,4.41,1.36,6.71,1.32,2.51,0.14,7.13,21.38,True,Medium,Facility D,True,True,1.0,Resell
CON-102687,Box,Plastic,5.57,30,31,Low,Minor Damage,86.38,None,False,0.64,7.39,10.07,1.06,6.39,3.67,2.19,0.11,5.79,17.37,True,Low,Depot C,False,False,1.0,Resell
CON-102688,Box,Cardboard,1.43,52,100,Medium,Minor Damage,63.52,None,True,3.56,17.72,3.84,0.12,5.36,0.67,1.16,0.03,0.57,1.72,True,Medium,Terminal E,True,True,1.0,Resell
CON-102689,Tote,Plastic,6.99,11,14,Medium,Minor Damage,78.46,None,True,8.44,10.63,33.82,1.34,6.75,1.34,2.55,0.14,7.27,21.8,True,Medium,Depot C,True,True,1.0,Resell
CON-102690,Box,Plastic,5.31,58,101,Medium,Minor Damage,63.91,None,True,2.88,17.76,3.18,1.06,6.33,1.14,2.13,0.11,5.53,16.58,True,Medium,Facility D,True,True,1.0,Resell
CON-102691,Crate,Metal,32.52,55,43,None,Safe,91.33,None,False,0.0,17.6,26.55,17.02,13.13,6.9,8.93,0.65,71.54,214.63,True,Low,Warehouse A,False,True,1.0,Resell
CON-102692,Box,Cardboard,1.64,20,68,Medium,Minor Damage,73.06,None,True,2.98,13.09,10.94,0.13,5.41,0.7,1.21,0.03,0.65,1.96,True,Medium,Terminal E,True,True,1.0,Resell
CON-102693,Crate,Metal,33.5,10,18,Low,Safe,74.12,Chemical,False,4.14,17.68,65.78,16.7,33.44,7.02,9.18,0.67,73.71,221.13,True,Medium,Terminal E,True,True,1.0,Resell
CON-102694,Tote,Plastic,6.46,52,90,Medium,Moderate Damage,52.25,Organic,True,9.41,22.16,11.87,1.29,6.61,1.27,2.41,0.13,6.71,20.14,True,Medium,Facility D,True,True,1.0,Resell
CON-102695,Crate,Wood,23.79,48,124,Low,Minor Damage,55.77,None,False,4.47,31.03,22.15,0.0,10.95,5.85,6.75,0.48,3.81,11.42,False,Low,Facility D,False,True,1.0,Resell
CON-102696,Drum,Metal,33.21,7,13,Medium,Minor Damage,76.38,None,True,28.44,22.84,103.21,15.47,13.3,4.49,9.1,0.66,73.07,219.21,True,Medium,Facility D,True,True,1.0,Resell
CON-102697,Box,Plastic,6.44,55,109,High,Unsafe,73.77,None,True,5.4,17.08,0.0,1.19,6.61,2.27,2.41,0.13,6.69,20.08,True,High,Hub B,False,False,1.0,Recycle
CON-102698,Drum,Metal,29.27,14,38,None,Safe,92.12,None,False,0.0,22.98,101.1,15.4,12.32,6.51,8.12,0.59,64.39,193.18,True,Low,Hub B,False,True,1.0,Resell
CON-102699,Box,Plastic,5.31,36,85,Low,Minor Damage,55.75,Organic,False,0.72,17.39,6.92,1.15,6.33,3.64,2.13,0.11,5.52,16.55,True,Low,Hub B,False,True,1.0,Resell
CON-102700,Pallet,Wood,19.17,15,33,None,Safe,78.09,Chemical,False,0.0,14.09,43.09,0.0,24.48,5.3,5.59,0.38,3.07,9.2,False,Medium,Depot C,False,True,1.0,Resell
CON-102701,Crate,Plastic,6.74,58,118,Critical,Unsafe,55.94,None,True,54.98,30.41,0.0,1.4,6.68,3.81,2.48,0.13,7.01,21.02,True,High,Warehouse A,True,True,1.0,Recycle
CON-102702,Pallet,Plastic,6.98,16,20,None,Safe,89.21,Organic,False,0.0,11.12,42.92,1.3,6.75,3.84,2.55,0.14,7.26,21.79,True,Low,Warehouse A,False,True,1.0,Resell
CON-102703,Crate,Plastic,6.37,21,25,High,Moderate Damage,86.67,None,True,38.19,16.5,60.71,1.32,6.59,2.26,2.39,0.13,6.63,19.89,True,Medium,Facility D,True,True,1.0,Resell
CON-102704,Tote,Plastic,6.99,30,64,Low,Safe,76.23,None,False,1.79,15.97,24.66,1.53,6.75,3.84,2.55,0.14,7.27,21.82,True,Low,Warehouse A,True,True,1.0,Resell
CON-102705,Drum,Plastic,6.86,49,161,High,Unsafe,58.9,None,True,51.24,40.26,0.0,1.35,6.71,2.32,2.51,0.14,7.13,21.4,True,High,Depot C,True,True,1.0,Recycle
CON-102706,Crate,Metal,28.38,32,16,Medium,Minor Damage,78.11,None,True,16.4,16.88,50.53,14.28,12.1,3.91,7.9,0.57,62.45,187.34,True,Medium,Depot C,True,True,1.0,Resell
CON-102707,Tote,Plastic,6.37,60,198,None,Safe,42.5,None,False,0.0,34.43,4.3,1.21,6.59,3.76,2.39,0.13,6.63,19.89,True,Low,Facility D,True,True,1.0,Resell
CON-102708,Crate,Wood,18.93,31,89,Low,Minor Damage,61.36,None,False,4.59,26.7,39.84,0.0,9.73,5.27,5.53,0.38,3.03,9.09,False,Low,Hub B,False,False,1.0,Resell
CON-102709,Box,Cardboard,1.47,13,16,Low,Minor Damage,72.58,None,False,0.79,7.96,12.15,0.12,5.37,3.18,1.17,0.03,0.59,1.77,True,Low,Terminal E,False,True,1.0,Resell
CON-102710,Crate,Plastic,6.63,26,34,None,Safe,90.89,None,False,0.0,16.77,49.98,1.38,6.66,3.8,2.46,0.13,6.9,20.69,True,Low,Facility D,True,True,1.0,Resell
CON-102711,Crate,Plastic,4.89,44,89,Critical,Unsafe,78.98,None,True,57.34,24.05,0.0,1.0,6.22,3.59,2.02,0.1,5.09,15.27,True,High,Facility D,True,False,1.0,Recycle
CON-102712,Crate,Wood,22.2,36,82,Medium,Moderate Damage,76.21,None,True,18.87,23.77,40.12,0.0,10.55,3.16,6.35,0.44,3.55,10.65,False,Medium,Terminal E,True,True,1.0,Resell
CON-102713,Drum,Metal,24.1,1,2,Critical,Unsafe,89.89,None,True,105.79,19.72,0.0,12.95,11.02,5.89,6.82,0.48,53.02,159.06,True,High,Depot C,True,False,1.0,Recycle
CON-102714,Box,Cardboard,1.33,46,138,High,Unsafe,42.58,None,True,7.4,24.66,0.0,0.11,5.33,1.66,1.13,0.03,0.53,1.6,True,High,Warehouse A,True,True,1.0,Recycle
CON-102715,Pallet,Plastic,7.1,34,90,Medium,Moderate Damage,57.69,None,True,8.15,22.85,24.44,1.33,6.77,1.35,2.57,0.14,7.38,22.14,True,Medium,Warehouse A,True,True,1.0,Resell
CON-102716,Tote,Plastic,5.8,57,51,Medium,Minor Damage,84.98,None,True,7.33,13.35,14.32,1.14,6.45,1.2,2.25,0.12,6.04,18.11,True,Medium,Facility D,False,True,1.0,Resell
CON-102717,Crate,Metal,30.28,13,21,Low,Safe,94.25,None,False,3.63,14.96,70.46,15.17,12.57,6.63,8.37,0.61,66.63,199.88,True,Low,Terminal E,True,False,1.0,Resell
CON-102718,Tote,Plastic,6.83,25,12,None,Safe,97.59,None,False,0.0,7.56,27.44,1.43,6.71,3.82,2.51,0.14,7.11,21.32,True,Low,Depot C,False,True,1.0,Resell
CON-102719,Drum,Metal,33.11,26,40,None,,85.67,None,False,0.0,24.15,75.8,16.8,13.28,6.97,9.08,0.66,72.84,218.51,True,Low,Depot C,True,True,1.0,Resell
CON-102720,Drum,Plastic,6.36,26,34,Low,Safe,77.35,None,False,6.54,24.8,74.9,1.38,6.59,3.76,2.39,0.13,6.61,19.84,True,Low,Depot C,True,True,1.0,Resell
CON-102721,Box,Plastic,7.19,18,57,None,Safe,77.03,Chemical,False,0.0,11.39,9.73,1.35,16.99,3.86,2.6,0.14,7.48,22.44,True,Medium,Warehouse A,True,False,1.0,Resell
CON-102722,Crate,Plastic,5.4,35,59,None,Safe,67.57,None,False,0.0,22.77,45.58,1.02,6.35,3.65,2.15,0.11,5.62,16.86,True,Low,Hub B,True,True,1.0,Resell
CON-102723,Crate,Wood,21.4,31,63,Low,Minor Damage,70.46,None,False,3.4,22.73,48.98,0.0,10.35,5.57,6.15,0.43,3.42,10.27,False,Low,Hub B,True,True,1.0,Resell
CON-102724,Tote,Plastic,5.23,43,139,Medium,Moderate Damage,47.89,None,True,7.79,27.72,12.74,0.97,6.31,1.13,2.11,0.1,5.44,16.31,True,Medium,Hub B,False,False,1.0,Resell
CON-102725,Drum,Plastic,5.35,17,14,None,Safe,78.81,None,False,0.0,22.58,98.31,1.12,6.34,3.64,2.14,0.11,5.57,16.7,True,Low,Depot C,True,True,1.0,Resell
CON-102726,Box,Cardboard,1.74,51,167,Medium,Minor Damage,39.78,None,True,3.43,27.98,2.11,0.14,5.44,0.71,1.24,0.03,0.7,2.09,True,Medium,Warehouse A,False,True,1.0,Resell
CON-102727,Box,Cardboard,1.65,43,119,High,Unsafe,68.18,None,True,6.38,18.92,0.0,0.12,5.41,1.7,1.21,0.03,0.66,1.98,True,High,Warehouse A,True,True,1.0,Recycle
CON-102728,Box,Cardboard,1.31,16,43,None,Safe,66.59,None,False,0.0,11.56,11.15,0.11,5.33,3.16,1.13,0.03,0.52,1.57,True,Low,Facility D,False,False,1.0,Resell
CON-102729,Drum,Plastic,7.1,17,32,High,Moderate Damage,71.07,Chemical,True,45.31,25.54,95.83,1.47,16.94,2.35,2.58,0.14,7.39,22.16,True,Medium,Warehouse A,True,True,1.0,Resell
CON-102730,Pallet,Plastic,6.83,12,20,Medium,Minor Damage,76.73,None,True,10.85,12.99,41.55,1.44,6.71,1.32,2.51,0.14,7.1,21.31,True,Medium,Depot C,True,True,1.0,Resell
CON-102731,Crate,Wood,17.07,14,31,None,Safe,89.78,None,False,0.0,16.63,59.09,0.0,9.27,5.05,5.07,0.34,2.73,8.19,False,Low,Facility D,False,True,1.0,Resell
CON-102732,Crate,Plastic,5.87,22,14,None,Safe,77.45,None,False,0.0,16.78,60.41,1.26,6.47,3.7,2.27,0.12,6.1,18.31,True,Low,Hub B,True,True,1.0,Resell
CON-102733,Crate,Plastic,7.19,15,39,Medium,Minor Damage,76.26,Organic,True,15.34,19.46,62.78,1.51,6.8,1.36,2.6,0.14,7.48,22.43,True,Medium,Facility D,True,True,1.0,Refurbish
CON-102734,Drum,Plastic,6.96,41,105,High,Moderate Damage,67.94,None,True,56.03,33.31,45.63,1.38,6.74,2.34,2.54,0.14,7.24,21.72,True,Medium,Facility D,True,True,1.0,Resell
CON-102735,Pallet,Wood,20.21,16,14,Low,Safe,92.69,None,False,2.32,10.0,44.44,0.0,10.05,5.43,5.85,0.4,3.23,9.7,False,Low,Facility D,True,True,1.0,Resell
CON-102736,Drum,Plastic,5.79,29,70,None,Safe,70.41,None,False,0.0,29.44,71.98,1.16,6.45,3.69,2.25,0.12,6.02,18.06,True,Low,Facility D,True,True,1.0,Resell
CON-102737,Pallet,Plastic,6.28,19,53,None,Safe,60.06,None,False,0.0,18.79,35.8,1.31,6.57,3.75,2.37,0.13,6.54,19.61,True,Low,Warehouse A,True,False,1.0,Resell
CON-102738,Pallet,Plastic,7.11,4,3,None,Safe,85.58,None,False,0.0,9.96,47.65,1.44,6.78,3.85,2.58,0.14,7.39,22.17,True,Low,Hub B,False,True,1.0,Resell
CON-102739,Drum,Plastic,5.5,37,123,High,Unsafe,55.03,None,True,58.49,37.05,0.0,1.11,6.38,2.16,2.18,0.11,5.72,17.16,True,High,Hub B,True,True,1.0,Recycle
CON-102740,Box,Cardboard,1.67,7,19,Medium,Minor Damage,81.06,None,True,2.9,6.99,13.13,0.12,5.42,0.7,1.22,0.03,0.67,2.01,True,Medium,Hub B,True,True,1.0,Resell
CON-102741,Crate,Wood,18.03,38,106,Medium,Minor Damage,61.85,None,True,13.43,28.32,31.97,0.0,9.51,2.66,5.31,0.36,2.88,8.65,False,Medium,Warehouse A,True,True,1.0,Resell
CON-102742,Crate,Metal,32.34,58,60,Medium,Minor Damage,68.23,Hazardous,True,17.11,22.77,0.0,0.0,78.5,4.38,8.88,0.65,71.14,213.41,False,High,Depot C,False,True,1.0,Dispose
CON-102743,Pallet,Plastic,6.76,13,39,None,Safe,88.75,None,False,0.0,13.09,36.62,1.34,6.69,3.81,2.49,0.14,7.03,21.09,True,Low,Depot C,True,True,1.0,Resell
CON-102744,Crate,Wood,22.07,16,23,Low,Minor Damage,81.5,Organic,False,4.29,17.07,65.75,0.0,10.52,5.65,6.32,0.44,3.53,10.59,False,Low,Facility D,False,True,1.0,Resell
CON-102745,Pallet,Plastic,6.72,50,75,Low,Minor Damage,75.32,None,False,2.07,18.7,16.47,1.29,6.68,3.81,2.48,0.13,6.99,20.96,True,Low,Terminal E,False,False,1.0,Recycle
CON-102746,Box,Cardboard,1.72,2,6,Low,Minor Damage,96.24,None,False,0.77,3.41,14.99,0.12,5.43,3.21,1.23,0.03,0.69,2.06,True,Low,Depot C,False,True,1.0,Resell
CON-102747,Tote,Plastic,6.8,18,34,Low,Safe,79.42,None,False,1.74,12.49,31.59,1.43,6.7,3.82,2.5,0.14,7.07,21.21,True,Low,Depot C,False,True,1.0,Resell
CON-102748,Box,Cardboard,1.29,49,53,Medium,Moderate Damage,67.95,Organic,True,2.79,12.36,6.52,0.1,5.32,0.66,1.12,0.03,0.52,1.55,True,Medium,Facility D,False,True,1.0,Dispose
CON-102749,Box,Cardboard,1.6,12,24,Low,Safe,75.63,None,False,0.74,8.31,11.97,0.12,5.4,3.19,1.2,0.03,0.64,1.92,True,Low,Facility D,True,True,1.0,Resell
CON-102750,Tote,Plastic,6.38,43,141,Medium,Minor Damage,48.67,None,True,9.15,27.8,11.28,1.38,6.59,1.27,2.39,0.13,6.63,19.89,True,Medium,Depot C,False,True,1.0,Resell
CON-102751,Box,Plastic,4.95,39,117,Medium,Moderate Damage,49.94,None,True,3.6,21.46,5.53,0.9,6.24,1.09,2.04,0.1,5.15,15.45,True,Medium,Facility D,True,True,1.0,Resell
CON-102752,Box,Plastic,6.43,25,31,None,Safe,78.49,None,False,0.0,8.58,11.08,1.41,6.61,3.77,2.41,0.13,6.69,20.06,True,Low,Warehouse A,True,False,1.0,Resell
CON-102753,Crate,Wood,22.99,45,120,Medium,Minor Damage,57.87,None,True,13.82,30.32,24.13,0.0,10.75,3.26,6.55,0.46,3.68,11.03,False,Medium,Hub B,True,False,1.0,Resell
CON-102754,Drum,Plastic,6.47,22,34,None,Safe,78.97,None,False,0.0,24.55,93.74,1.34,6.62,3.78,2.42,0.13,6.73,20.19,True,Low,Terminal E,False,False,1.0,Resell
CON-102755,Crate,Plastic,6.49,12,41,None,Safe,91.52,Organic,False,0.0,17.37,65.84,1.32,6.62,3.78,2.42,0.13,6.75,20.25,True,Low,Hub B,True,True,1.0,Resell
CON-102756,Tote,Plastic,5.93,17,29,Medium,Minor Damage,92.27,None,True,8.14,10.06,30.48,1.19,6.48,1.21,2.28,0.12,6.17,18.5,True,Medium,Warehouse A,True,True,1.0,Resell
CON-102757,Tote,Plastic,6.06,12,31,None,Safe,91.91,None,False,0.0,10.31,33.31,1.28,6.52,3.73,2.32,0.12,6.31,18.92,True,Low,Warehouse A,False,True,1.0,Resell
CON-102758,Crate,Metal,31.2,10,11,Medium,Moderate Damage,86.95,None,True,16.3,15.06,65.04,15.78,12.8,4.24,8.6,0.62,68.64,205.92,True,Medium,Warehouse A,False,True,0.77,Manual_Review
CON-102759,Pallet,Wood,20.87,15,43,None,Safe,62.88,None,False,0.0,17.37,38.53,0.0,10.22,5.5,6.02,0.42,3.34,10.02,False,Low,Facility D,False,True,1.0,Resell
CON-102760,Crate,Metal,31.79,20,39,Medium,Minor Damage,79.88,None,True,18.24,18.92,59.66,15.89,12.95,4.31,8.75,0.64,69.93,209.79,True,Medium,Facility D,True,True,1.0,Resell
CON-102761,Pallet,Wood,16.82,1,3,Low,Safe,69.44,None,False,2.73,12.38,53.62,0.0,9.21,5.02,5.01,0.34,2.69,8.07,False,Low,Warehouse A,True,False,1.0,Resell
CON-102762,Crate,Plastic,6.6,48,121,Medium,Minor Damage,56.28,None,True,12.87,30.66,21.44,1.19,6.65,1.29,2.45,0.13,6.86,20.59,True,Medium,Terminal E,False,True,1.0,Resell
CON-102763,Crate,Plastic,6.0,6,13,Low,Minor Damage,81.46,None,False,4.08,16.08,77.1,1.18,6.5,3.72,2.3,0.12,6.24,18.72,True,Low,Hub B,False,True,1.0,Resell
CON-102764,Pallet,Wood,18.4,29,53,Medium,Moderate Damage,60.18,None,True,9.92,18.77,28.38,0.0,9.6,2.71,5.4,0.37,2.94,8.83,False,Medium,Hub B,True,True,1.0,Resell
CON-102765,Box,Cardboard,1.41,12,13,Low,Minor Damage,91.2,None,False,0.75,4.87,13.8,0.11,5.35,3.17,1.15,0.03,0.56,1.69,True,Low,Depot C,True,True,1.0,Resell
CON-102766,Crate,Wood,18.56,41,20,Low,Minor Damage,92.08,None,False,4.2,15.19,43.27,0.0,9.64,5.23,5.44,0.37,2.97,8.91,False,Low,Terminal E,False,True,1.0,Resell
CON-102767,Tote,Plastic,5.88,27,44,None,Safe,73.78,None,False,0.0,14.33,26.23,1.08,6.47,3.71,2.27,0.12,6.12,18.35,True,Low,Depot C,False,True,1.0,Resell
CON-102768,Tote,Plastic,6.35,34,52,None,Safe,65.41,Organic,False,0.0,16.39,22.27,1.29,6.59,3.76,2.39,0.13,6.6,19.81,True,Low,Depot C,True,True,1.0,Resell
CON-102769,Tote,Plastic,7.1,17,57,Medium,Moderate Damage,86.66,None,True,9.1,13.7,28.27,1.37,6.78,1.35,2.58,0.14,7.39,22.16,True,Medium,Depot C,False,True,1.0,Resell
CON-102770,Pallet,Plastic,6.34,6,5,None,Safe,83.54,None,False,0.0,10.47,45.98,1.24,6.58,3.76,2.38,0.13,6.59,19.77,True,Low,Warehouse A,True,False,1.0,Resell
CON-102771,Drum,Plastic,5.7,38,118,Critical,,72.6,None,True,105.86,33.91,0.0,1.17,6.42,3.68,2.22,0.11,5.92,17.77,True,High,Warehouse A,True,True,1.0,Recycle
CON-102772,Crate,Plastic,5.64,8,14,Low,Minor Damage,87.54,None,False,3.25,15.27,69.42,1.18,6.41,3.68,2.21,0.11,5.87,17.6,True,Low,Warehouse A,True,True,1.0,Resell
CON-102773,Drum,Metal,34.32,48,149,Low,Safe,40.78,None,False,5.36,41.78,24.98,18.66,13.58,7.12,9.38,0.69,75.5,226.49,True,Low,Warehouse A,False,True,1.0,Resell
CON-102774,Pallet,Plastic,6.27,31,44,None,Safe,74.09,None,False,0.0,15.79,33.1,1.17,6.57,3.75,2.37,0.13,6.52,19.56,True,Low,Hub B,True,False,1.0,Recycle
CON-102775,Tote,Plastic,6.63,21,50,None,Safe,66.65,None,False,0.0,16.0,29.18,1.46,6.66,3.8,2.46,0.13,6.9,20.7,True,Low,Facility D,False,True,1.0,Resell
CON-102776,Drum,Metal,30.97,53,108,Critical,Unsafe,52.37,None,True,98.41,35.94,0.0,15.7,12.74,6.72,8.54,0.62,68.14,204.42,True,High,Terminal E,False,False,1.0,Recycle
CON-102777,Crate,Wood,22.33,49,32,Medium,Moderate Damage,85.28,None,True,13.1,17.41,34.71,0.0,10.58,3.18,6.38,0.45,3.57,10.72,False,Medium,Hub B,False,True,1.0,Resell
CON-102778,Box,Cardboard,1.21,29,67,None,Safe,65.91,None,False,0.0,14.06,8.03,0.09,5.3,3.15,1.1,0.02,0.48,1.45,True,Low,Facility D,True,True,1.0,Resell
CON-102779,Crate,Metal,27.65,6,16,None,Safe,81.8,None,False,0.0,16.33,66.36,13.67,11.91,6.32,7.71,0.55,60.83,182.5,True,Low,Hub B,False,True,1.0,Resell
CON-102780,Tote,Plastic,6.52,38,108,Medium,Moderate Damage,58.28,Hazardous,True,8.55,23.06,0.0,0.0,39.78,1.28,2.43,0.13,6.78,20.34,False,High,Depot C,True,True,1.0,Dispose
CON-102781,Crate,Wood,21.53,52,26,None,Safe,72.55,None,False,0.0,18.72,33.14,0.0,10.38,5.58,6.18,0.43,3.44,10.33,False,Low,Facility D,True,True,1.0,Resell
CON-102782,Crate,Wood,22.16,48,124,Critical,Unsafe,64.72,None,True,77.58,29.69,0.0,0.0,10.54,5.66,6.34,0.44,3.54,10.63,False,High,Facility D,False,True,1.0,Dispose
CON-102783,Pallet,Wood,18.54,36,44,Low,Minor Damage,67.76,None,False,2.18,16.74,29.41,0.0,9.64,5.22,5.44,0.37,2.97,8.9,False,Low,Terminal E,True,True,1.0,Resell
CON-102784,Tote,Plastic,5.07,47,104,High,Unsafe,76.67,Chemical,True,17.85,19.9,0.0,0.91,15.67,2.11,2.07,0.1,5.27,15.81,True,High,Facility D,True,False,1.0,Recycle
CON-102785,Tote,Plastic,6.07,3,5,High,Unsafe,78.5,None,True,21.44,9.73,0.0,1.2,6.52,2.23,2.32,0.12,6.32,18.95,True,High,Terminal E,True,True,1.0,Recycle
CON-102786,Pallet,Plastic,5.82,43,74,High,Unsafe,70.96,None,True,26.41,19.26,0.0,1.18,6.46,2.2,2.26,0.12,6.05,18.16,True,High,Facility D,True,True,1.0,Recycle
CON-102787,Box,Plastic,7.06,49,118,High,Unsafe,61.96,None,True,6.36,19.76,0.0,1.27,6.77,2.35,2.57,0.14,7.35,22.04,True,High,Warehouse A,True,True,1.0,Recycle
CON-102788,Tote,Plastic,4.86,35,113,High,Unsafe,61.54,Hazardous,True,16.87,23.07,0.0,0.0,37.29,2.08,2.02,0.1,5.06,15.17,False,High,Terminal E,True,True,1.0,Dispose
CON-102789,Pallet,Wood,20.21,10,13,High,Moderate Damage,96.91,None,True,21.33,9.26,41.83,0.0,10.05,3.93,5.85,0.4,3.23,9.7,False,Medium,Facility D,True,False,1.0,Resell
CON-102790,Box,Cardboard,1.46,44,130,None,Safe,63.7,None,False,0.0,20.69,4.38,0.11,5.36,3.17,1.16,0.03,0.58,1.75,True,Low,Facility D,True,True,1.0,Refurbish
CON-102791,Drum,Plastic,4.91,3,9,Medium,Moderate Damage,88.13,None,True,28.31,20.68,109.69,0.99,6.23,1.09,2.03,0.1,5.1,15.31,True,Medium,Hub B,True,True,0.85,Resell
CON-102792,Box,Plastic,5.54,51,72,Medium,Minor Damage,75.64,None,True,3.29,13.1,5.34,1.19,6.39,1.17,2.19,0.11,5.77,17.3,True,Medium,Terminal E,True,True,1.0,Resell
CON-102793,Tote,Plastic,5.77,32,29,Low,Safe,85.07,None,False,2.01,11.14,24.01,1.21,6.44,3.69,2.24,0.12,6.0,18.0,True,Low,Facility D,True,False,1.0,Resell
CON-102794,Box,Plastic,6.89,43,45,High,Unsafe,71.59,None,True,7.05,11.01,0.0,1.47,6.72,2.33,2.52,0.14,7.17,21.5,True,High,Facility D,False,True,1.0,Recycle
CON-102795,Box,Cardboard,1.64,17,26,None,Safe,86.6,None,False,0.0,6.86,12.77,0.14,5.41,3.2,1.21,0.03,0.66,1.97,True,Low,Terminal E,False,True,1.0,Resell
CON-102796,Box,Plastic,4.82,37,60,None,Safe,86.47,Chemical,False,0.0,10.28,7.77,1.05,15.52,3.58,2.01,0.1,5.02,15.05,True,Medium,Hub B,True,True,1.0,Resell
CON-102797,Tote,Plastic,6.93,27,91,Low,Safe,75.11,None,False,2.29,18.83,19.81,1.4,6.73,3.83,2.53,0.14,7.21,21.62,True,Low,Facility D,True,True,1.0,Resell
CON-102798,Box,Plastic,5.41,17,55,Low,Minor Damage,59.14,None,False,0.67,13.88,10.52,1.01,6.35,3.65,2.15,0.11,5.62,16.87,True,Low,Depot C,True,True,1.0,Resell
CON-102799,Tote,Plastic,5.75,50,155,High,Unsafe,41.16,None,True,19.0,30.33,0.0,1.25,6.44,2.19,2.24,0.11,5.98,17.93,True,High,Facility D,True,True,1.0,Recycle
CON-102800,Box,Plastic,5.09,58,69,Low,Safe,83.51,None,False,0.75,11.62,4.09,1.11,6.27,3.61,2.07,0.1,5.29,15.87,True,Low,Warehouse A,True,True,1.0,Resell
CON-102801,Box,Plastic,6.8,50,62,None,Safe,60.7,None,False,0.0,14.34,5.45,1.46,6.7,3.82,2.5,0.14,7.07,21.22,True,Low,Depot C,True,True,1.0,Resell
CON-102802,Crate,Metal,31.92,48,115,None,Safe,54.84,None,False,0.0,30.27,22.21,17.51,12.98,6.83,8.78,0.64,70.21,210.64,True,Low,Depot C,True,False,1.0,Resell
CON-102803,Pallet,Plastic,6.14,17,38,Medium,Moderate Damage,67.55,Organic,True,10.41,16.17,34.95,1.3,6.53,1.24,2.33,0.12,6.38,19.15,True,Medium,Hub B,False,True,1.0,Resell
CON-102804,Pallet,Plastic,6.96,53,102,Medium,Moderate Damage,79.53,None,True,9.13,20.77,14.1,1.44,6.74,1.33,2.54,0.14,7.24,21.71,True,Medium,Depot C,False,True,1.0,Resell
CON-102805,Box,Cardboard,1.46,8,8,None,Safe,89.93,None,False,0.0,4.56,13.09,0.11,5.37,3.18,1.17,0.03,0.58,1.75,True,Low,Warehouse A,True,True,1.0,Resell
CON-102806,Pallet,Wood,17.66,17,56,High,Unsafe,78.46,None,True,23.18,16.33,0.0,0.0,9.42,3.62,5.22,0.35,2.83,8.48,False,High,Depot C,True,True,1.0,Dispose
CON-102807,Crate,Wood,22.93,22,11,Low,Minor Damage,70.72,None,False,3.3,17.49,60.68,0.0,10.73,5.75,6.53,0.46,3.67,11.01,False,Low,Depot C,True,True,1.0,Resell
CON-102808,Pallet,Plastic,5.25,20,11,Medium,Minor Damage,78.1,None,True,10.12,11.88,36.66,0.97,6.31,1.13,2.11,0.11,5.46,16.38,True,Medium,Hub B,True,True,1.0,Resell
CON-102809,Pallet,Wood,23.03,9,16,Low,Minor Damage,83.63,None,False,2.61,11.56,43.32,0.0,10.76,5.76,6.56,0.46,3.68,11.05,False,Low,Terminal E,True,False,1.0,Resell
CON-102810,Drum,Plastic,6.34,30,82,None,Safe,54.33,Organic,False,0.0,33.05,61.61,1.29,6.58,3.76,2.38,0.13,6.59,19.77,True,Low,Hub B,True,True,1.0,Resell
CON-102811,Drum,Metal,35.86,54,144,High,Unsafe,,None,True,60.8,38.56,0.0,19.59,13.96,5.8,9.76,0.72,78.89,236.66,True,High,Warehouse A,True,True,1.0,Recycle
CON-102812,Drum,Plastic,6.35,14,39,None,Safe,86.46,None,False,0.0,23.93,91.9,1.37,6.59,3.76,2.39,0.13,6.6,19.81,True,Low,Hub B,True,True,1.0,Repair
CON-102813,Crate,Wood,23.32,36,91,Medium,Minor Damage,76.12,None,True,14.84,24.68,33.72,0.0,10.83,3.3,6.63,0.47,3.73,11.19,False,Medium,Warehouse A,True,True,1.0,Resell
CON-102814,Box,Cardboard,1.35,9,19,Low,Safe,70.06,None,False,0.76,8.64,12.35,0.11,5.34,3.16,1.14,0.03,0.54,1.62,True,Low,Terminal E,True,True,1.0,Resell
CON-102815,Pallet,Plastic,6.11,7,11,Medium,Minor Damage,90.0,None,True,9.27,10.1,41.65,1.3,6.53,1.23,2.33,0.12,6.35,19.05,True,Medium,Warehouse A,False,True,0.67,Manual_Review
CON-102816,Pallet,Wood,21.73,23,15,,Safe,95.86,None,False,0.0,9.62,34.34,0.0,10.43,5.61,6.23,0.43,3.48,10.43,False,Low,Hub B,True,True,1.0,Resell
CON-102817,Tote,Plastic,5.15,60,202,Low,Safe,40.45,None,False,2.16,35.13,4.04,1.11,6.29,3.62,2.09,0.1,5.35,16.06,True,Low,Facility D,True,True,1.0,Resell
CON-102818,Pallet,Wood,16.48,19,11,Low,Minor Damage,71.81,None,False,2.89,12.83,42.11,0.0,9.12,4.98,4.92,0.33,2.64,7.91,False,Low,Facility D,True,True,1.0,Resell
CON-102819,Tote,Plastic,4.89,40,77,None,Safe,79.08,None,False,0.0,16.84,19.47,0.98,6.22,3.59,2.02,0.1,5.08,15.25,True,Low,Facility D,True,True,1.0,Resell
CON-102820,Tote,Plastic,6.63,36,118,High,Moderate Damage,72.99,None,True,21.27,21.85,14.68,1.32,6.66,2.3,2.46,0.13,6.9,20.69,True,Medium,Hub B,True,False,1.0,Resell
CON-102821,Crate,Wood,20.63,13,30,None,Safe,93.22,None,False,0.0,16.02,58.99,0.0,10.16,5.48,5.96,0.41,3.3,9.9,False,Low,Facility D,True,True,1.0,Resell
CON-102822,Pallet,Plastic,5.98,33,98,Medium,Moderate Damage,61.69,None,True,11.37,23.05,24.73,1.22,6.5,1.22,2.3,0.12,6.22,18.66,True,Medium,Warehouse A,True,True,1.0,Resell
CON-102823,Crate,Wood,17.22,51,151,None,Safe,65.74,None,False,0.0,32.24,14.9,0.0,9.31,5.07,5.11,0.34,2.76,8.27,False,Low,Hub B,True,True,1.0,Resell
CON-102824,Pallet,Plastic,5.97,57,91,Medium,Minor Damage,62.57,None,True,9.61,22.21,12.41,1.15,6.49,1.22,2.29,0.12,6.21,18.64,True,Medium,Terminal E,True,True,1.0,Resell
CON-102825,Tote,Plastic,6.57,18,49,Medium,Minor Damage,78.21,None,True,9.07,14.17,31.69,1.25,6.64,1.29,2.44,0.13,6.83,20.49,True,Medium,Depot C,True,True,1.0,Resell
CON-102826,Crate,Metal,26.93,32,50,None,Safe,63.76,None,False,0.0,22.44,46.4,13.37,11.73,6.23,7.53,0.54,59.24,177.73,True,Low,Warehouse A,True,True,1.0,Resell
CON-102827,Box,Cardboard,1.68,50,79,None,Safe,75.72,None,False,0.0,13.79,4.83,0.12,5.42,3.2,1.22,0.03,0.67,2.01,True,Low,Depot C,False,False,1.0,Resell
CON-102828,Box,Plastic,5.77,6,18,Low,Safe,66.73,Organic,False,0.7,9.04,14.7,1.04,6.44,3.69,2.24,0.12,6.0,18.01,True,Low,Facility D,True,True,1.0,Resell
CON-102829,Tote,Plastic,4.99,25,68,Critical,Unsafe,63.58,None,True,39.94,18.26,0.0,0.94,6.25,3.6,2.05,0.1,5.18,15.55,True,High,Facility D,True,True,1.0,Recycle
CON-102830,Tote,Plastic,5.26,1,0,None,Safe,79.27,None,False,0.0,9.11,36.6,1.11,6.31,3.63,2.11,0.11,5.47,16.4,True,Low,Depot C,True,True,1.0,Resell
CON-102831,Crate,Wood,20.83,41,90,High,Moderate Damage,65.38,None,True,39.02,26.19,33.44,0.0,10.21,4.0,6.01,0.42,3.33,10.0,False,Medium,Warehouse A,True,True,1.0,Resell
CON-102832,Pallet,Plastic,5.18,27,94,Medium,Moderate Damage,63.26,None,True,11.2,22.41,24.86,0.98,6.29,1.12,2.09,0.1,5.38,16.15,True,Medium,Hub B,True,True,1.0,Resell
CON-102833,Pallet,Wood,22.45,34,96,Medium,Moderate Damage,66.43,None,True,9.59,22.14,21.52,0.0,10.61,3.19,6.41,0.45,3.59,10.78,False,Medium,Depot C,False,True,1.0,Resell
CON-102834,Pallet,Plastic,6.92,29,53,None,Safe,69.47,None,False,0.0,17.38,30.68,1.35,6.73,3.83,2.53,0.14,7.2,21.59,True,Low,Warehouse A,False,True,1.0,Resell
CON-102835,Drum,Plastic,6.47,44,123,Critical,Unsafe,63.59,None,True,103.1,35.76,0.0,1.41,6.62,3.78,2.42,0.13,6.72,20.17,True,High,Terminal E,True,True,1.0,Recycle
CON-102836,Tote,Plastic,5.04,7,10,Low,Safe,95.19,None,False,2.18,7.72,34.64,0.93,6.26,3.6,2.06,0.1,5.24,15.71,True,Low,Depot C,True,True,1.0,Resell
CON-102837,Drum,Metal,24.89,44,145,Critical,Unsafe,68.77,None,True,118.14,37.18,0.0,13.4,11.22,5.99,7.02,0.5,54.76,164.29,True,High,Depot C,True,False,1.0,Recycle
CON-102838,Box,Plastic,5.77,21,30,Low,Minor Damage,74.36,None,False,0.74,9.1,11.04,1.23,6.44,3.69,2.24,0.12,6.0,17.99,True,Low,Hub B,True,True,1.0,Resell
CON-102839,Box,Plastic,5.77,59,45,Medium,Minor Damage,79.39,None,True,3.45,9.84,4.52,1.06,6.44,1.19,2.24,0.12,6.0,18.0,True,Medium,Hub B,False,True,1.0,Resell
CON-102840,Tote,Plastic,5.89,2,6,None,Safe,84.7,None,False,0.0,8.9,37.8,1.29,6.47,3.71,2.27,0.12,6.13,18.38,True,Low,Facility D,True,True,1.0,Resell
CON-102841,Crate,Plastic,6.85,50,84,High,Moderate Damage,61.91,None,True,36.76,26.11,28.54,1.5,6.71,2.32,2.51,0.14,7.13,21.38,True,Medium,Depot C,True,True,1.0,Resell
CON-102842,Crate,Metal,26.07,43,112,Low,Safe,52.51,None,False,4.8,30.32,26.32,12.56,11.52,6.13,7.32,0.52,57.35,172.06,True,Low,Depot C,False,True,1.0,Resell
CON-102843,Tote,Plastic,5.1,54,37,Low,Minor Damage,65.76,Organic,False,1.7,14.84,16.62,0.93,6.28,3.61,2.08,0.1,5.31,15.93,True,Low,Warehouse A,False,False,1.0,Resell
CON-102844,Tote,Plastic,5.03,45,68,None,,79.26,None,False,0.0,15.91,17.95,0.99,6.26,3.6,2.06,0.1,5.24,15.71,True,Low,Depot C,True,True,1.0,Resell
CON-102845,Drum,Plastic,5.58,49,160,Medium,Minor Damage,39.6,None,True,21.8,43.06,23.95,1.18,6.39,1.17,2.19,0.11,5.8,17.41,True,Medium,Warehouse A,False,True,1.0,Resell
CON-102846,Crate,Wood,16.77,57,64,Medium,Minor Damage,59.26,None,True,14.66,24.51,24.85,0.0,9.19,2.51,4.99,0.34,2.68,8.05,False,Medium,Facility D,True,True,1.0,Dispose
CON-102847,Tote,Plastic,6.33,35,62,High,Unsafe,74.01,None,True,15.2,16.1,0.0,1.34,6.58,2.26,2.38,0.13,6.59,19.76,True,High,Terminal E,True,True,1.0,Recycle
CON-102848,Crate,Metal,34.3,18,43,Low,,82.21,None,False,3.58,18.97,58.7,17.85,13.58,7.12,9.38,0.69,75.47,226.41,True,Low,Depot C,False,True,1.0,Resell
CON-102849,Box,Cardboard,1.6,33,92,Critical,Unsafe,56.52,None,True,11.43,17.97,0.0,0.13,5.4,3.19,1.2,0.03,0.64,1.92,True,High,Facility D,True,True,1.0,Recycle
CON-102850,Box,Cardboard,1.48,6,19,None,Safe,80.65,None,False,0.0,7.05,13.86,0.12,5.37,3.18,1.17,0.03,0.59,1.78,True,Low,Facility D,True,True,1.0,Resell
CON-102851,Tote,Plastic,5.59,51,126,High,Unsafe,73.82,None,True,21.04,22.53,0.0,1.04,6.4,2.17,2.2,0.11,5.81,17.43,True,High,Warehouse A,True,True,1.0,Recycle
CON-102852,Drum,Plastic,6.01,26,86,High,Moderate Damage,74.16,None,True,56.93,30.48,67.15,1.1,6.5,2.22,2.3,0.12,6.25,18.76,True,Medium,Depot C,True,True,1.0,Resell
CON-102853,Drum,Metal,32.88,33,80,High,Moderate Damage,68.68,None,True,59.09,30.7,61.6,16.95,13.22,5.45,9.02,0.66,72.33,216.98,True,Medium,Facility D,True,True,1.0,Resell
CON-102854,Box,Plastic,7.05,22,50,Low,Safe,66.64,Organic,False,0.66,12.25,10.98,1.54,6.76,3.85,2.56,0.14,7.33,21.99,True,Low,Hub B,True,True,1.0,Resell
CON-102855,Box,Cardboard,1.51,23,76,Low,Minor Damage,81.1,Chemical,False,0.74,12.68,8.67,0.11,13.44,3.18,1.18,0.03,0.6,1.81,True,Medium,Depot C,True,True,1.0,Resell
CON-102856,Drum,Metal,25.73,21,51,Medium,Minor Damage,68.81,Chemical,True,20.93,27.78,88.55,13.6,28.58,3.59,7.23,0.51,56.6,169.8,True,Medium,Depot C,True,True,1.0,Resell
CON-102857,Drum,Metal,34.76,17,14,Low,Minor Damage,95.23,None,False,5.49,20.11,100.26,16.83,13.69,7.17,9.49,0.7,76.46,229.39,True,Low,Depot C,True,True,1.0,Resell
CON-102858,Box,Plastic,5.66,55,149,Low,Minor Damage,55.37,None,False,0.81,23.84,2.42,1.07,6.42,3.68,2.22,0.11,5.89,17.66,True,Low,Depot C,True,True,1.0,Resell
CON-102859,Drum,Metal,26.67,47,111,Low,Minor Damage,48.97,None,False,4.97,36.75,39.07,13.56,11.67,6.2,7.47,0.53,58.67,176.02,True,Low,Warehouse A,True,True,1.0,Resell
CON-102860,Box,Cardboard,1.59,4,3,None,Safe,89.55,None,False,0.0,4.12,13.95,0.13,5.4,3.19,1.2,0.03,0.64,1.91,True,Low,Warehouse A,True,True,1.0,Resell
CON-102861,Tote,Plastic,6.51,57,46,Medium,Minor Damage,86.62,None,True,6.98,12.61,14.14,1.39,6.63,1.28,2.43,0.13,6.77,20.3,True,Medium,Warehouse A,False,True,1.0,Resell
CON-102862,Drum,Metal,35.29,49,136,Low,Minor Damage,66.58,None,False,5.05,36.61,30.45,17.58,13.82,7.24,9.62,0.71,77.65,232.94,True,Low,Terminal E,True,False,1.0,Resell
CON-102863,Pallet,Plastic,6.28,8,9,None,Safe,85.47,None,False,0.0,10.58,49.13,1.27,6.57,3.75,2.37,0.13,6.53,19.6,True,Low,Hub B,False,True,1.0,Resell
CON-102864,Tote,Plastic,5.87,24,19,None,Safe,93.96,Organic,False,0.0,8.81,28.59,1.18,6.47,3.7,2.27,0.12,6.11,18.32,True,Low,Depot C,True,False,0.68,Manual_Review
CON-102865,Crate,Metal,29.25,48,139,High,Moderate Damage,69.33,None,True,35.21,30.5,20.49,15.13,12.31,5.01,8.11,0.59,64.35,193.06,True,Medium,Terminal E,True,True,1.0,Resell
CON-102866,Crate,Plastic,4.87,55,108,High,Moderate Damage,77.93,None,True,42.02,26.11,20.27,0.94,6.22,2.08,2.02,0.1,5.07,15.21,True,Medium,Terminal E,True,True,1.0,Resell
CON-102867,Box,Cardboard,1.67,2,5,Low,Safe,82.06,None,False,0.76,5.44,15.27,0.13,5.42,3.2,1.22,0.03,0.67,2.0,True,Low,Hub B,True,True,1.0,Resell
CON-102868,Pallet,Plastic,6.04,48,74,Medium,Moderate Damage,83.1,None,True,11.08,17.44,18.12,1.11,6.51,1.22,2.31,0.12,6.28,18.84,True,Medium,Hub B,True,True,1.0,Recycle
CON-102869,Drum,Plastic,4.95,57,141,None,Safe,65.41,None,False,0.0,37.29,19.2,0.91,6.24,3.59,2.04,0.1,5.14,15.43,True,Low,Terminal E,True,True,1.0,Resell
CON-102870,Tote,Plastic,5.61,15,8,Medium,Minor Damage,83.7,None,True,9.09,9.25,34.87,1.07,6.4,1.17,2.2,0.11,5.83,17.5,True,Medium,Warehouse A,True,True,1.0,Resell
CON-102871,Drum,Metal,33.29,14,27,Medium,Minor Damage,93.78,Hazardous,True,24.37,21.63,0.0,0.0,79.93,4.49,9.12,0.67,73.23,219.7,False,High,Hub B,True,True,1.0,Dispose
CON-102872,Crate,Metal,25.56,31,28,None,Safe,82.67,None,False,0.0,17.4,54.05,12.65,11.39,6.07,7.19,0.51,56.22,168.66,True,Low,Depot C,True,True,1.0,Resell
CON-102873,Drum,Metal,25.77,57,163,High,Unsafe,65.58,Chemical,True,50.3,39.46,0.0,11.94,28.61,4.59,7.24,0.52,56.69,170.08,True,High,Terminal E,True,True,1.0,Recycle
CON-102874,Pallet,Plastic,6.74,29,68,Critical,Unsafe,82.52,None,True,50.77,16.92,0.0,1.46,6.68,3.81,2.48,0.13,7.01,21.02,True,High,Warehouse A,True,True,1.0,Recycle
CON-102875,Tote,Plastic,6.83,21,54,Low,Minor Damage,88.86,None,False,1.68,13.07,29.89,1.4,6.71,3.82,2.51,0.14,7.11,21.32,True,Low,Facility D,True,True,1.0,Resell
CON-102876,Drum,Metal,33.89,29,37,None,Safe,91.59,None,False,0.0,22.96,73.49,15.44,13.47,7.07,9.27,0.68,74.56,223.69,True,Low,Depot C,True,True,1.0,Resell
CON-102877,Drum,Plastic,6.71,18,9,High,Moderate Damage,96.74,None,True,57.15,19.39,100.65,1.42,6.68,2.31,2.48,0.13,6.98,20.95,True,Medium,Terminal E,True,True,1.0,Resell
CON-102878,Pallet,Plastic,6.87,6,8,Low,Safe,87.93,None,False,2.05,10.11,47.39,1.41,6.72,3.82,2.52,0.14,7.15,21.45,True,Low,Warehouse A,True,True,1.0,Resell
CON-102879,Drum,Plastic,5.54,17,8,Low,,97.99,None,False,4.89,19.1,105.29,1.06,6.39,3.67,2.19,0.11,5.76,17.29,True,Low,Facility D,True,True,1.0,Resell
CON-102880,Tote,Plastic,5.51,35,102,High,Unsafe,74.49,Chemical,True,16.43,20.03,0.0,1.19,15.94,2.16,2.18,0.11,5.73,17.19,True,High,Terminal E,True,True,1.0,Recycle
CON-102881,Pallet,Plastic,5.86,4,2,High,Moderate Damage,83.69,None,True,23.42,10.15,49.68,1.23,6.47,2.2,2.27,0.12,6.1,18.3,True,Medium,Warehouse A,True,True,1.0,Resell
CON-102882,Drum,Plastic,5.22,43,69,High,Moderate Damage,75.16,None,True,43.69,28.63,50.08,0.99,6.31,2.13,2.11,0.1,5.43,16.3,True,Medium,Depot C,True,True,1.0,Resell
CON-102883,Box,Plastic,5.42,41,73,Low,Minor Damage,70.97,None,False,0.86,13.9,7.06,1.19,6.35,3.65,2.15,0.11,5.63,16.9,True,Low,Facility D,True,True,1.0,Resell
CON-102884,Pallet,Wood,21.6,8,18,None,Safe,82.25,Organic,False,0.0,11.96,41.21,0.0,10.4,5.59,6.2,0.43,3.46,10.37,False,Low,Depot C,False,True,1.0,Resell
CON-102885,Crate,Plastic,5.71,27,36,Low,Safe,85.26,None,False,4.71,17.81,50.62,1.15,6.43,3.69,2.23,0.11,5.94,17.82,True,Low,Hub B,True,True,1.0,Resell
CON-102886,Drum,Metal,27.26,48,122,Medium,Moderate Damage,52.58,None,True,24.92,37.31,35.99,14.2,11.82,3.77,7.62,0.55,59.98,179.93,True,Medium,Terminal E,False,True,1.0,Resell
CON-102887,Crate,Plastic,7.13,59,192,None,,61.0,None,False,0.0,37.05,7.21,1.47,6.78,3.86,2.58,0.14,7.42,22.25,True,Low,Facility D,True,False,1.0,Resell
CON-102888,Tote,Plastic,6.35,19,41,Low,Minor Damage,75.0,None,False,1.98,13.85,29.96,1.2,6.59,3.76,2.39,0.13,6.6,19.8,True,Low,Facility D,False,True,1.0,Resell
CON-102889,Drum,Metal,29.43,3,4,Medium,Moderate Damage,73.51,None,True,24.6,22.37,111.99,15.76,12.36,4.03,8.16,0.59,64.75,194.26,True,Medium,Facility D,True,True,1.0,Resell
CON-102890,Drum,Plastic,5.86,52,97,Medium,Moderate Damage,59.77,None,True,19.75,33.73,33.64,1.2,6.46,1.2,2.26,0.12,6.09,18.28,True,Medium,Terminal E,True,False,1.0,Resell
CON-102891,Drum,Plastic,5.1,37,91,Medium,Minor Damage,78.4,None,True,24.76,30.34,53.06,1.09,6.28,1.11,2.08,0.1,5.31,15.92,True,Medium,Warehouse A,True,True,1.0,Resell
CON-102892,Tote,Plastic,4.86,24,72,None,Safe,63.59,Organic,False,0.0,18.66,23.22,1.05,6.22,3.58,2.02,0.1,5.06,15.17,True,Low,Terminal E,False,True,1.0,Resell
CON-102893,Crate,Plastic,5.95,31,100,Low,Safe,71.85,None,False,3.92,26.22,38.07,1.27,6.49,3.71,2.29,0.12,6.18,18.55,True,Low,Warehouse A,True,True,1.0,Resell
CON-102894,Box,Plastic,5.68,19,24,Critical,Unsafe,94.13,None,True,13.37,5.53,0.0,1.16,6.42,3.68,2.22,0.11,5.91,17.74,True,High,Terminal E,True,True,1.0,Recycle
CON-102895,Pallet,Plastic,5.73,41,47,None,Safe,62.11,None,False,0.0,17.88,23.64,1.2,6.43,3.69,2.23,0.11,5.96,17.89,True,Low,Depot C,True,True,1.0,Resell
CON-102896,Drum,Plastic,7.06,49,123,Critical,Unsafe,68.14,Organic,True,92.68,35.08,0.0,1.32,6.77,3.85,2.57,0.14,7.34,22.03,True,High,Depot C,True,False,1.0,Recycle
CON-102897,Pallet,Wood,21.49,11,21,Low,Minor Damage,91.88,None,False,2.7,10.82,43.46,0.0,10.37,5.58,6.17,0.43,3.44,10.31,False,Low,Hub B,False,True,1.0,Resell
CON-102898,Tote,Plastic,4.94,46,99,None,Safe,54.96,Chemical,False,0.0,22.66,14.67,1.04,15.59,3.59,2.04,0.1,5.14,15.43,True,Medium,Facility D,False,True,1.0,Resell
CON-102899,Tote,Plastic,6.69,12,34,High,Unsafe,72.76,None,True,18.29,13.49,0.0,1.38,6.67,2.3,2.47,0.13,6.96,20.88,True,High,Terminal E,True,True,1.0,Recycle
CON-102900,Box,Cardboard,1.78,39,116,Medium,Minor Damage,63.83,None,True,2.99,19.28,5.36,0.15,5.44,0.71,1.24,0.04,0.71,2.13,True,Medium,Terminal E,True,True,1.0,Resell
CON-102901,Crate,Metal,35.94,38,31,None,Safe,65.45,None,False,0.0,20.28,44.0,17.37,13.98,7.31,9.78,0.72,79.07,237.2,True,Low,Facility D,True,True,1.0,Resell
CON-102902,Box,Plastic,6.26,23,40,None,Safe,76.1,None,False,0.0,9.84,10.31,1.25,6.56,3.75,2.36,0.13,6.51,19.52,True,Low,Hub B,True,True,1.0,Resell
CON-102903,Box,Cardboard,1.33,55,151,Medium,Minor Damage,65.56,Hazardous,True,2.98,22.52,0.0,0.0,31.99,0.66,1.13,0.03,0.53,1.6,False,High,Hub B,True,True,1.0,Dispose
CON-102904,Pallet,Plastic,6.3,7,15,Low,Safe,76.1,None,False,2.64,12.59,46.55,1.36,6.57,3.76,2.37,0.13,6.55,19.64,True,Low,Terminal E,True,True,1.0,Resell
CON-102905,Crate,Plastic,6.96,3,3,None,Safe,83.13,Hazardous,False,0.0,14.83,0.0,0.0,40.44,3.84,2.54,0.14,7.24,21.72,False,High,Terminal E,True,True,1.0,Dispose
CON-102906,Crate,Metal,28.19,6,14,Medium,Minor Damage,72.91,None,True,16.4,17.46,77.72,15.24,12.05,3.88,7.85,0.56,62.01,186.03,True,Medium,Warehouse A,True,False,1.0,Resell
CON-102907,Drum,Plastic,5.17,37,123,Low,Minor Damage,50.59,None,False,5.3,37.71,46.61,1.03,6.29,3.62,2.09,0.1,5.38,16.13,True,Low,Depot C,True,False,1.0,Resell
CON-102908,Drum,Plastic,5.38,41,88,None,Safe,80.79,None,False,0.0,29.68,47.13,1.14,6.34,3.65,2.14,0.11,5.59,16.78,True,Low,Hub B,False,True,1.0,Resell
CON-102909,Box,Plastic,6.18,53,38,High,Moderate Damage,81.67,None,True,6.29,8.8,6.44,1.16,6.55,2.24,2.35,0.12,6.43,19.29,True,Medium,Facility D,False,False,1.0,Resell
CON-102910,Crate,Metal,33.29,33,40,Medium,Moderate Damage,87.69,None,True,17.4,17.85,51.49,17.52,13.32,4.49,9.12,0.67,73.23,219.7,True,Medium,Facility D,True,False,1.0,Resell
CON-102911,Crate,Metal,24.95,11,33,Medium,Moderate Damage,80.13,None,True,15.87,18.28,66.0,12.47,11.24,3.49,7.04,0.5,54.89,164.68,True,Medium,Terminal E,False,False,1.0,Resell
CON-102912,Drum,Plastic,6.49,55,156,Low,Minor Damage,42.81,None,False,5.71,42.18,18.07,1.22,6.62,3.78,2.42,0.13,6.75,20.25,True,Low,Depot C,True,True,1.0,Resell
CON-102913,Tote,Plastic,5.14,19,10,Low,Safe,76.87,None,False,2.24,10.47,28.49,1.04,6.28,3.62,2.08,0.1,5.34,16.03,True,Low,Hub B,True,True,1.0,Resell
CON-102914,Box,Cardboard,1.45,29,60,Low,Safe,79.27,None,False,0.84,11.36,8.67,0.11,5.36,3.17,1.16,0.03,0.58,1.74,True,Low,Warehouse A,True,True,1.0,Resell
CON-102915,Box,Cardboard,1.73,47,69,Critical,Unsafe,75.12,None,True,11.35,12.88,0.0,0.15,5.43,3.21,1.23,0.03,0.69,2.08,True,High,Hub B,False,True,1.0,Recycle
CON-102916,Box,Plastic,5.46,13,10,Medium,Moderate Damage,87.22,None,True,3.36,5.17,13.9,1.2,6.37,1.16,2.17,0.11,5.68,17.04,True,Medium,Warehouse A,True,True,1.0,Resell
CON-102917,Drum,Metal,29.44,16,48,Medium,Moderate Damage,66.06,None,True,20.0,27.89,92.12,15.85,12.36,4.03,8.16,0.59,64.76,194.29,True,Medium,Warehouse A,True,True,1.0,Resell
CON-102918,Box,Cardboard,1.75,11,36,Medium,Moderate Damage,92.33,None,True,2.49,7.0,11.04,0.14,5.44,0.71,1.24,0.04,0.7,2.1,True,Medium,Depot C,True,False,1.0,Resell
CON-102919,Pallet,Plastic,6.85,18,22,Low,Safe,70.56,None,False,2.08,14.12,41.35,1.46,6.71,3.82,2.51,0.14,7.13,21.38,True,Low,Warehouse A,True,True,1.0,Resell
CON-102920,Crate,Metal,26.91,5,13,Low,Minor Damage,79.06,None,False,4.74,16.44,80.0,14.3,11.73,6.23,7.53,0.54,59.2,177.6,True,Low,Facility D,True,True,1.0,Resell
CON-102921,Pallet,Plastic,6.71,49,97,None,Safe,62.39,None,False,0.0,22.84,15.54,1.44,6.68,3.81,2.48,0.13,6.98,20.94,True,Low,Depot C,True,True,1.0,Resell
CON-102922,Box,Plastic,5.21,20,34,Medium,Moderate Damage,70.49,None,True,3.45,10.08,10.73,1.08,6.3,1.12,2.1,0.1,5.41,16.24,True,Medium,Terminal E,False,True,1.0,Resell
CON-102923,Crate,Plastic,6.91,48,98,Low,Minor Damage,57.08,None,False,3.39,28.24,23.89,1.4,6.73,3.83,2.53,0.14,7.19,21.56,True,Low,Warehouse A,False,True,1.0,Resell
CON-102924,Box,Plastic,6.41,56,83,Low,Minor Damage,82.14,None,False,0.75,13.23,3.84,1.29,6.6,3.77,2.4,0.13,6.67,20.0,True,Low,Depot C,True,True,1.0,Resell
CON-102925,Crate,Plastic,6.59,40,136,Low,Minor Damage,49.83,Chemical,False,3.99,33.13,27.55,1.35,16.62,3.79,2.45,0.13,6.86,20.57,True,Medium,Terminal E,True,True,1.0,Resell
CON-102926,Box,Cardboard,1.46,33,81,,Moderate Damage,71.48,Organic,True,7.07,14.63,7.24,0.13,5.37,1.68,1.17,0.03,0.59,1.76,True,Medium,Warehouse A,True,True,1.0,Resell
CON-102927,Tote,Plastic,5.51,56,180,Medium,Minor Damage,50.64,None,True,8.12,31.4,3.91,1.09,6.38,1.16,2.18,0.11,5.73,17.18,True,Medium,Warehouse A,True,True,1.0,Resell
CON-102928,Pallet,Plastic,5.66,31,29,None,Safe,76.32,None,False,0.0,13.95,32.55,1.13,6.42,3.68,2.22,0.11,5.89,17.67,True,Low,Facility D,True,True,1.0,Resell
CON-102929,Drum,Metal,27.87,2,5,None,Safe,98.58,None,False,0.0,18.71,120.77,14.97,11.97,6.34,7.77,0.56,61.31,183.94,True,Low,Depot C,True,False,1.0,Recycle
CON-102930,Drum,Plastic,5.23,19,65,Medium,Moderate Damage,73.3,None,True,25.2,28.5,75.12,1.13,6.31,1.13,2.11,0.1,5.44,16.32,True,Medium,Facility D,True,True,1.0,Resell
CON-102931,Box,Cardboard,1.68,12,25,None,Safe,86.02,None,False,0.0,6.85,13.36,0.13,5.42,3.2,1.22,0.03,0.67,2.01,True,Low,Warehouse A,True,True,1.0,Resell
CON-102932,Pallet,Plastic,6.29,35,40,Medium,Moderate Damage,63.39,None,True,11.89,16.99,28.29,1.33,6.57,1.26,2.37,0.13,6.54,19.63,True,Medium,Warehouse A,True,True,1.0,Resell
CON-102933,Tote,Plastic,6.74,45,85,Medium,Moderate Damage,65.27,None,True,9.56,19.71,16.26,1.36,6.68,1.31,2.48,0.13,7.01,21.03,True,Medium,Warehouse A,True,True,1.0,Resell
CON-102934,Pallet,Wood,20.26,27,21,Medium,Minor Damage,70.01,None,True,8.59,14.1,34.67,0.0,10.06,2.93,5.86,0.41,3.24,9.72,False,Medium,Facility D,True,True,1.0,Resell
CON-102935,Pallet,Wood,21.88,26,69,Low,Minor Damage,84.33,None,False,2.93,16.75,32.52,0.0,10.47,5.63,6.27,0.44,3.5,10.5,False,Low,Terminal E,True,False,1.0,Resell
CON-102936,Drum,Plastic,6.61,28,73,Medium,Minor Damage,55.92,None,True,26.93,31.91,67.58,1.28,6.65,1.29,2.45,0.13,6.87,20.62,True,Medium,Facility D,True,True,1.0,Resell
CON-102937,Crate,Wood,23.85,25,51,Medium,Minor Damage,62.02,None,True,16.76,22.8,55.05,0.0,10.96,3.36,6.76,0.48,3.82,11.45,False,Medium,Hub B,True,True,1.0,Resell
CON-102938,Box,Plastic,6.27,2,4,Medium,Moderate Damage,74.62,None,True,3.49,6.46,15.52,1.35,6.57,1.25,2.37,0.13,6.53,19.58,True,Medium,Facility D,True,False,1.0,Resell
CON-102939,Crate,Wood,22.04,4,9,Low,Minor Damage,86.51,None,False,4.02,14.92,75.96,0.0,10.51,5.64,6.31,0.44,3.53,10.58,False,Low,Hub B,True,True,1.0,Resell
CON-102940,Box,Cardboard,1.62,21,63,Low,Minor Damage,87.36,None,False,0.81,10.45,10.03,0.14,5.41,3.19,1.21,0.03,0.65,1.95,True,Low,Facility D,True,True,1.0,Resell
CON-102941,Pallet,Plastic,5.7,51,26,None,Safe,80.78,Hazardous,False,0.0,12.98,0.0,0.0,38.54,3.68,2.22,0.11,5.92,17.77,False,High,Warehouse A,True,False,1.0,Dispose
CON-102942,Box,Plastic,5.93,9,17,Low,Safe,91.81,None,False,0.68,5.18,13.02,1.09,6.48,3.71,2.28,0.12,6.16,18.49,True,Low,Hub B,True,True,1.0,Resell
CON-102943,Box,Cardboard,1.74,35,114,High,Unsafe,49.73,Organic,True,6.7,21.19,0.0,0.15,5.43,1.71,1.23,0.03,0.69,2.08,True,High,Terminal E,True,False,1.0,Recycle
CON-102944,Drum,Plastic,4.86,11,22,Medium,Moderate Damage,72.08,None,True,22.51,24.39,100.39,0.92,6.21,1.08,2.01,0.1,5.05,15.16,True,Medium,Warehouse A,True,True,1.0,Resell
CON-102945,Crate,Plastic,6.96,8,8,Medium,Minor Damage,90.81,None,True,17.93,14.18,66.25,1.41,6.74,1.33,2.54,0.14,7.23,21.7,True,Medium,Facility D,True,True,1.0,Resell
CON-102946,Tote,Plastic,6.91,41,53,Medium,Minor Damage,78.63,None,True,7.33,14.5,17.78,1.28,6.73,1.33,2.53,0.14,7.18,21.54,True,Medium,Warehouse A,False,True,1.0,Resell
CON-102947,Crate,Metal,35.73,5,7,Low,Safe,92.11,None,False,3.96,13.88,78.95,18.58,13.93,7.29,9.73,0.71,78.6,235.81,True,Low,Hub B,False,False,1.0,Resell
CON-102948,Crate,Plastic,5.34,30,90,High,Moderate Damage,80.74,None,True,38.51,23.89,45.22,1.0,6.34,2.14,2.14,0.11,5.56,16.67,True,Medium,Hub B,True,True,1.0,Resell
CON-102949,Pallet,Plastic,6.75,29,21,High,Unsafe,70.92,None,True,19.83,13.96,0.0,1.27,6.69,2.31,2.49,0.13,7.02,21.05,True,High,Depot C,True,True,1.0,Recycle
CON-102950,Tote,Plastic,6.16,58,103,High,Unsafe,53.31,None,True,15.89,23.3,0.0,1.21,6.54,2.24,2.34,0.12,6.41,19.23,True,High,Hub B,True,True,1.0,Recycle
CON-102951,Crate,Metal,35.63,51,68,None,Safe,69.84,None,False,0.0,23.32,26.15,16.15,13.91,7.28,9.71,0.71,78.38,235.15,True,Low,Terminal E,True,True,1.0,Resell
CON-102952,Pallet,Wood,20.27,40,86,None,Safe,56.48,None,False,0.0,22.63,22.6,0.0,10.07,5.43,5.87,0.41,3.24,9.73,False,Low,Hub B,True,True,1.0,Resell
CON-102953,Pallet,Wood,22.5,45,92,Medium,Minor Damage,78.49,None,True,8.02,19.93,18.56,0.0,10.63,3.2,6.43,0.45,3.6,10.8,False,Medium,Hub B,True,True,1.0,Resell
CON-102954,Pallet,Plastic,4.84,1,0,None,Safe,92.65,None,False,0.0,8.6,52.82,1.05,6.21,3.58,2.01,0.1,5.03,15.1,True,Low,Facility D,False,False,1.0,Resell
CON-102955,Drum,Metal,28.66,48,47,Low,Minor Damage,76.3,Organic,False,5.8,26.25,51.18,14.12,12.17,6.44,7.97,0.57,63.06,189.18,True,Low,Facility D,True,True,1.0,Resell
CON-102956,Pallet,Wood,22.75,50,103,High,Moderate Damage,73.36,None,True,18.39,21.8,15.83,0.0,10.69,4.23,6.49,0.45,3.64,10.92,False,Medium,Facility D,True,True,1.0,Resell
CON-102957,Tote,Plastic,5.51,32,20,Low,Minor Damage,85.14,None,False,2.34,10.23,25.72,1.02,6.38,3.66,2.18,0.11,5.73,17.18,True,Low,Warehouse A,False,True,1.0,Resell
CON-102958,Pallet,Wood,23.03,35,116,Critical,Unsafe,76.46,None,True,49.03,22.63,0.0,0.0,10.76,5.76,6.56,0.46,3.69,11.06,False,High,Facility D,True,True,1.0,Dispose
CON-102959,Box,Plastic,6.54,11,17,None,Safe,85.28,None,False,0.0,6.16,12.85,1.18,6.64,3.79,2.44,0.13,6.81,20.42,True,Low,Terminal E,True,True,1.0,Resell
CON-102960,Crate,Wood,21.33,40,114,Low,Minor Damage,76.95,Chemical,False,4.09,26.86,27.52,0.0,25.83,5.56,6.13,0.43,3.41,10.24,False,Medium,Terminal E,True,True,1.0,Refurbish
CON-102961,Crate,Plastic,6.98,30,64,Low,Safe,58.88,None,False,3.63,24.57,48.49,1.52,6.74,3.84,2.54,0.14,7.26,21.78,True,Low,Hub B,True,True,1.0,Resell
CON-102962,Tote,Plastic,7.0,30,97,Low,Safe,68.99,None,False,1.77,20.35,18.96,1.45,6.75,3.84,2.55,0.14,7.28,21.85,True,Low,Terminal E,True,True,1.0,Resell
CON-102963,Drum,Plastic,4.93,60,145,High,Unsafe,51.94,None,True,57.03,39.71,0.0,0.99,6.23,2.09,2.03,0.1,5.13,15.4,True,High,Terminal E,True,True,1.0,Recycle
CON-102964,Pallet,Plastic,6.49,54,66,Medium,Minor Damage,83.0,Organic,True,11.5,16.65,17.17,1.31,6.62,1.28,2.42,0.13,6.75,20.26,True,Medium,Warehouse A,True,True,1.0,Resell
CON-102965,Drum,Metal,26.82,47,85,None,Safe,74.49,None,False,0.0,30.33,40.32,14.67,11.7,6.22,7.5,0.54,59.0,177.01,True,Low,Facility D,True,True,1.0,Resell
CON-102966,Tote,Plastic,7.12,17,21,None,Safe,80.9,Hazardous,False,0.0,10.97,0.0,0.0,40.68,3.85,2.58,0.14,7.4,22.21,False,High,Facility D,True,True,1.0,Dispose
CON-102967,Tote,Plastic,5.78,9,5,None,Safe,74.25,None,False,0.0,10.36,39.04,1.14,6.45,3.69,2.25,0.12,6.01,18.03,True,Low,Depot C,False,True,1.0,Resell
CON-102968,Crate,Plastic,5.88,27,92,Medium,Minor Damage,78.09,None,True,15.91,24.49,44.68,1.21,6.47,1.21,2.27,0.12,6.11,18.34,True,Medium,Facility D,True,True,1.0,Resell
CON-102969,Crate,Wood,18.1,36,103,Medium,Moderate Damage,65.77,None,True,16.46,27.43,35.48,0.0,9.53,2.67,5.33,0.36,2.9,8.69,False,Medium,Warehouse A,False,True,1.0,Resell
CON-102970,Drum,Plastic,4.9,43,24,Low,Minor Damage,65.53,None,False,5.35,25.57,59.63,0.91,6.23,3.59,2.03,0.1,5.1,15.3,True,Low,Hub B,False,False,1.0,Resell
CON-102971,Tote,Plastic,6.73,54,113,None,Safe,73.27,Organic,False,0.0,21.31,9.09,1.45,6.68,3.81,2.48,0.13,7.0,20.99,True,Low,Facility D,False,True,1.0,Resell
CON-102972,Box,Cardboard,1.34,26,42,High,Unsafe,72.36,None,True,7.87,10.6,0.0,0.1,5.33,1.66,1.13,0.03,0.53,1.6,True,High,Warehouse A,True,False,1.0,Recycle
CON-102973,Pallet,Plastic,5.36,24,12,None,Safe,96.66,None,False,0.0,9.2,38.49,1.0,6.34,3.64,2.14,0.11,5.57,16.71,True,Low,Facility D,False,True,1.0,Resell
CON-102974,Box,Plastic,4.98,39,111,High,Moderate Damage,77.61,None,True,6.56,16.71,5.93,0.97,6.25,2.1,2.05,0.1,5.18,15.54,True,Medium,Terminal E,True,True,1.0,Resell
CON-102975,Pallet,Wood,16.44,31,97,None,Safe,54.97,None,False,0.0,23.95,22.97,0.0,9.11,4.97,4.91,0.33,2.63,7.89,False,Low,Facility D,True,True,1.0,Refurbish
CON-102976,Pallet,Wood,18.72,44,94,High,Unsafe,60.6,None,True,18.51,22.81,0.0,0.0,9.68,3.75,5.48,0.37,3.0,8.99,False,High,Hub B,True,True,1.0,Dispose
CON-102977,Drum,Plastic,6.77,58,98,None,Safe,79.02,None,False,0.0,30.95,26.6,1.39,6.69,3.81,2.49,0.14,7.04,21.12,True,Low,Facility D,True,True,1.0,Resell
CON-102978,Crate,Wood,21.11,23,13,None,Safe,,None,False,0.0,15.52,55.66,0.0,10.28,5.53,6.08,0.42,3.38,10.14,False,Low,Facility D,False,True,1.0,Resell
CON-102979,Crate,Metal,28.97,9,29,Medium,Moderate Damage,92.37,None,True,14.03,16.04,65.7,14.48,12.24,3.98,8.04,0.58,63.73,191.18,True,Medium,Facility D,True,True,1.0,Resell
CON-102980,Pallet,Plastic,6.48,57,88,Medium,Moderate Damage,72.1,Chemical,True,11.6,20.49,12.95,1.29,16.55,1.28,2.42,0.13,6.74,20.23,True,Medium,Depot C,True,True,1.0,Resell
CON-102981,Crate,Plastic,5.19,51,173,Medium,Minor Damage,42.52,None,True,18.32,37.92,10.48,1.02,6.3,1.12,2.1,0.1,5.4,16.2,True,Medium,Depot C,True,True,1.0,Resell
CON-102982,Pallet,Plastic,5.9,18,24,Low,Minor Damage,88.38,Organic,False,2.98,11.64,40.73,1.2,6.47,3.71,2.27,0.12,6.14,18.41,True,Low,Depot C,True,True,1.0,Resell
CON-102983,Drum,Plastic,6.91,4,5,High,Unsafe,70.71,None,True,56.94,22.89,0.0,1.45,6.73,2.33,2.53,0.14,7.18,21.55,True,High,Depot C,False,True,1.0,Recycle
CON-102984,Tote,Plastic,6.39,19,15,High,Moderate Damage,84.7,None,True,20.1,9.8,32.0,1.37,6.6,2.27,2.4,0.13,6.64,19.93,True,Medium,Warehouse A,True,False,1.0,Resell
CON-102985,Crate,Wood,20.91,11,24,Medium,Minor Damage,93.22,None,True,13.64,15.42,69.19,0.0,10.23,3.01,6.03,0.42,3.35,10.04,False,Medium,Hub B,True,True,1.0,Resell
CON-102986,Tote,Plastic,7.13,4,13,Medium,Minor Damage,,Organic,True,6.41,8.97,38.05,1.47,6.78,1.36,2.58,0.14,7.41,22.24,True,Medium,Facility D,True,True,1.0,Resell
CON-102987,Crate,Wood,18.12,23,73,Low,Minor Damage,56.56,Chemical,False,4.79,25.82,51.42,0.0,23.82,5.17,5.33,0.36,2.9,8.7,False,Medium,Hub B,True,True,1.0,Resell
CON-102988,Drum,Metal,30.17,2,3,None,Safe,97.27,None,False,0.0,18.71,122.34,15.36,12.54,6.62,8.34,0.6,66.37,199.12,True,Low,Terminal E,True,True,1.0,Resell
CON-102989,Crate,Plastic,6.29,48,92,Medium,Minor Damage,76.92,None,True,16.88,24.66,25.07,1.33,6.57,1.25,2.37,0.13,6.54,19.61,True,Medium,Hub B,False,True,1.0,Resell
CON-102990,Tote,Plastic,5.57,17,47,Low,Safe,67.58,None,False,1.96,15.56,30.24,1.11,6.39,3.67,2.19,0.11,5.79,17.37,True,Low,Depot C,True,True,0.65,Manual_Review
CON-102991,Box,Plastic,7.04,25,62,Critical,Unsafe,74.29,None,True,11.5,12.31,0.0,1.45,6.76,3.84,2.56,0.14,7.32,21.96,True,High,Hub B,True,True,1.0,Recycle
CON-102992,Pallet,Wood,23.66,32,74,None,Safe,77.54,None,False,0.0,18.27,26.55,0.0,10.92,5.84,6.72,0.47,3.79,11.36,False,Low,Facility D,True,True,1.0,Resell
CON-102993,Drum,Plastic,5.19,42,45,Low,Minor Damage,65.93,Chemical,False,6.16,27.61,55.22,0.96,15.74,3.62,2.1,0.1,5.4,16.2,True,Medium,Terminal E,True,True,1.0,Resell
CON-102994,Tote,Plastic,7.16,59,93,Medium,Minor Damage,65.58,None,True,6.87,20.46,8.78,1.46,6.79,1.36,2.59,0.14,7.44,22.33,True,Medium,Warehouse A,False,True,1.0,Resell
CON-102995,Tote,Plastic,5.2,60,81,None,Safe,55.07,None,False,0.0,20.84,9.26,1.0,6.3,3.62,2.1,0.1,5.41,16.22,True,Low,Hub B,True,True,1.0,Resell
CON-102996,Tote,Plastic,4.97,43,48,Low,Minor Damage,65.88,None,False,1.91,15.92,18.31,0.91,6.24,3.6,2.04,0.1,5.17,15.51,True,Low,Facility D,True,True,1.0,Resell
CON-102997,Pallet,Wood,22.42,52,29,None,Safe,89.05,None,False,0.0,12.04,21.22,0.0,10.61,5.69,6.41,0.45,3.59,10.76,False,Low,Depot C,True,False,1.0,Resell
CON-102998,Drum,Metal,33.22,23,19,Low,Safe,67.93,None,False,6.95,24.71,83.05,15.13,13.31,6.99,9.11,0.66,73.09,219.26,True,Low,Facility D,True,True,1.0,Repair
CON-102999,Drum,Plastic,7.17,14,14,Low,Minor Damage,78.19,None,False,6.44,22.67,107.96,1.49,6.79,3.86,2.59,0.14,7.45,22.36,True,Low,Facility D,True,True,1.0,Resell
CON-103000,Tote,Plastic,5.56,6,4,Low,Minor Damage,94.29,None,False,2.23,7.26,35.49,1.12,6.39,3.67,2.19,0.11,5.78,17.35,True,Low,Hub B,True,True,1.0,Resell
CON-103001,Box,Plastic,6.87,20,25,Medium,Moderate Damage,70.72,None,True,3.11,9.14,11.92,1.39,6.72,1.32,2.52,0.14,7.14,21.42,True,Medium,Depot C,True,False,1.0,Resell
CON-103002,Drum,Metal,31.6,43,47,None,Safe,90.41,Chemical,False,0.0,24.14,57.97,17.16,32.25,6.79,8.7,0.63,69.51,208.53,True,Medium,Hub B,False,True,1.0,Resell
CON-103003,Crate,Plastic,6.85,15,37,Low,Minor Damage,76.76,None,False,3.91,19.19,55.94,1.32,6.71,3.82,2.51,0.14,7.12,21.37,True,Low,Warehouse A,True,True,1.0,Resell
CON-103004,Box,Cardboard,1.25,35,63,Medium,Minor Damage,57.48,None,True,3.09,14.93,7.82,0.1,5.31,0.65,1.11,0.03,0.5,1.5,True,Medium,Depot C,False,True,1.0,Resell
CON-103005,Drum,Plastic,6.55,44,71,,Moderate Damage,56.74,None,True,44.38,31.59,52.37,1.25,6.64,2.29,2.44,0.13,6.81,20.43,True,Medium,Depot C,True,True,0.57,Manual_Review
CON-103006,Crate,Plastic,5.89,45,63,Critical,Unsafe,74.82,None,True,75.34,22.08,0.0,1.28,6.47,3.71,2.27,0.12,6.12,18.37,True,High,Depot C,False,True,1.0,Recycle
CON-103007,Tote,Plastic,5.95,20,15,Low,Safe,86.87,None,False,1.86,9.47,30.39,1.08,6.49,3.71,2.29,0.12,6.19,18.57,True,Low,Hub B,True,True,1.0,Resell
CON-103008,Drum,Metal,25.41,45,88,None,Safe,56.49,None,False,0.0,33.33,47.91,13.56,11.35,6.05,7.15,0.51,55.9,167.69,True,Low,Depot C,True,True,1.0,Resell
CON-103009,Box,Plastic,5.29,57,177,Medium,Minor Damage,48.3,None,True,2.99,27.7,1.35,1.06,6.32,1.13,2.12,0.11,5.5,16.5,True,Medium,Facility D,True,False,1.0,Resell
CON-103010,Drum,Metal,28.22,4,7,Low,Safe,85.65,Organic,False,6.25,20.85,104.93,13.32,12.05,6.39,7.85,0.56,62.08,186.25,True,Low,Facility D,True,True,1.0,Resell
CON-103011,Box,Plastic,6.38,37,89,High,Unsafe,68.91,None,True,5.95,15.81,0.0,1.3,6.59,2.27,2.39,0.13,6.63,19.9,True,High,Depot C,False,True,1.0,Recycle
CON-103012,Tote,Plastic,6.42,36,67,None,Safe,61.78,None,False,0.0,18.43,21.71,1.19,6.6,3.77,2.4,0.13,6.67,20.02,True,Low,Terminal E,True,True,1.0,Resell
CON-103013,Tote,Plastic,6.51,29,88,High,Moderate Damage,74.72,None,True,16.91,18.59,20.15,1.28,6.63,2.28,2.43,0.13,6.77,20.31,True,Medium,Terminal E,False,False,1.0,Resell
CON-103014,Drum,Plastic,7.01,12,39,Medium,Minor Damage,91.83,None,True,19.54,23.12,101.62,1.46,6.75,1.34,2.55,0.14,7.29,21.87,True,Medium,Warehouse A,True,True,1.0,Resell
CON-103015,Crate,Wood,16.93,13,39,Low,Safe,80.66,None,False,4.36,18.8,67.9,0.0,9.23,5.03,5.03,0.34,2.71,8.12,False,Low,Warehouse A,True,True,1.0,Resell
CON-103016,Tote,Plastic,5.46,35,34,Medium,Minor Damage,64.78,None,True,7.7,14.68,24.45,1.19,6.37,1.16,2.17,0.11,5.68,17.05,True,Medium,Warehouse A,True,True,1.0,Resell
CON-103017,Box,Plastic,6.41,11,27,,Safe,74.78,None,False,0.77,8.73,12.22,1.32,6.6,3.77,2.4,0.13,6.66,19.99,True,Low,Facility D,True,True,1.0,Resell
CON-103018,Tote,Plastic,5.67,33,88,Medium,Minor Damage,70.96,Organic,True,6.47,19.16,20.08,1.08,6.42,1.18,2.22,0.11,5.9,17.71,True,Medium,Facility D,True,True,1.0,Resell
CON-103019,Tote,Plastic,4.94,23,58,None,Safe,78.54,Organic,False,0.0,15.02,26.71,0.93,6.24,3.59,2.04,0.1,5.14,15.43,True,Low,Depot C,True,True,1.0,Resell
CON-103020,Box,Cardboard,1.46,54,113,High,Moderate Damage,76.77,None,True,8.08,17.03,3.51,0.13,5.37,1.68,1.17,0.03,0.58,1.75,True,Medium,Warehouse A,False,False,1.0,Resell
CON-103021,Crate,Plastic,6.86,28,89,Medium,Moderate Damage,56.07,None,True,13.46,27.49,42.4,1.44,6.72,1.32,2.52,0.14,7.14,21.42,True,Medium,Hub B,True,True,1.0,Resell
CON-103022,Drum,Metal,30.69,2,3,Medium,Moderate Damage,82.77,None,True,25.71,20.88,111.74,14.59,12.67,4.18,8.47,0.61,67.51,202.52,True,Medium,Facility D,False,False,1.0,Resell
CON-103023,Drum,Metal,27.42,1,0,None,Safe,94.08,None,False,0.0,18.89,115.6,14.38,11.85,6.29,7.65,0.55,60.32,180.96,True,Low,Terminal E,False,True,1.0,Resell
CON-103024,Tote,Plastic,5.23,10,25,Medium,Moderate Damage,75.99,Chemical,True,7.24,12.1,33.78,1.14,15.77,1.13,2.11,0.1,5.44,16.31,True,Medium,Terminal E,True,False,1.0,Resell
CON-103025,Tote,Plastic,5.23,24,17,Low,Safe,94.12,Chemical,False,2.29,8.58,26.93,1.03,15.77,3.63,2.11,0.1,5.44,16.33,True,Medium,Hub B,True,False,1.0,Resell
CON-103026,Drum,Plastic,6.47,31,20,Low,Minor Damage,78.68,None,False,5.2,23.2,83.47,1.3,6.62,3.78,2.42,0.13,6.73,20.2,True,Low,Hub B,True,True,1.0,Resell
CON-103027,Crate,Metal,33.45,6,7,Medium,Minor Damage,95.08,None,True,18.29,13.44,71.31,16.65,13.36,4.51,9.16,0.67,73.6,220.8,True,Medium,Terminal E,True,True,1.0,Resell
CON-103028,Box,Cardboard,1.57,49,155,Medium,Moderate Damage,44.82,None,True,3.49,26.03,2.85,0.12,5.39,0.69,1.19,0.03,0.63,1.89,True,Medium,Depot C,True,False,1.0,Resell
CON-103029,Pallet,Wood,19.7,58,58,High,Unsafe,83.91,None,True,19.98,15.71,0.0,0.0,9.93,3.86,5.73,0.39,3.15,9.46,False,High,Depot C,True,True,1.0,Dispose
CON-103030,Box,Cardboard,1.54,52,141,Medium,Moderate Damage,62.02,None,True,3.06,22.05,2.93,0.12,5.39,0.68,1.19,0.03,0.62,1.85,True,Medium,Hub B,True,True,0.78,Manual_Review
CON-103031,Crate,Plastic,6.53,3,10,Low,Minor Damage,74.54,None,False,4.63,16.82,70.99,1.19,6.63,3.78,2.43,0.13,6.79,20.37,True,Low,Terminal E,True,False,1.0,Resell
CON-103032,Crate,Metal,29.29,12,26,None,Safe,94.1,None,False,0.0,15.48,65.28,15.38,12.32,6.51,8.12,0.59,64.43,193.3,True,Low,Depot C,False,True,1.0,Resell
CON-103033,Crate,Plastic,6.09,53,134,Medium,Moderate Damage,68.89,None,True,17.32,30.07,15.2,1.12,6.52,1.23,2.32,0.12,6.34,19.01,True,Medium,Facility D,False,True,1.0,Resell
CON-103034,Crate,Wood,22.8,41,136,Low,Safe,43.15,None,False,3.68,34.13,23.99,0.0,10.7,5.74,6.5,0.46,3.65,10.94,False,Low,Warehouse A,True,True,1.0,Resell
CON-103035,Drum,Plastic,5.31,32,24,High,Unsafe,65.57,None,True,53.41,25.56,0.0,1.07,6.33,2.14,2.13,0.11,5.52,16.56,True,High,Depot C,True,False,1.0,Recycle
CON-103036,Tote,Plastic,6.72,46,43,None,Safe,61.87,None,False,0.0,16.02,19.5,1.31,6.68,3.81,2.48,0.13,6.98,20.95,True,Low,Depot C,False,True,1.0,Resell
CON-103037,Drum,Plastic,5.45,19,28,None,Safe,75.61,None,False,0.0,24.46,98.2,1.01,6.36,3.65,2.16,0.11,5.67,17.0,True,Low,Hub B,True,True,1.0,Resell
CON-103038,Pallet,Plastic,6.65,54,68,Low,Minor Damage,62.4,None,False,2.57,19.94,15.01,1.39,6.66,3.8,2.46,0.13,6.92,20.75,True,Low,Warehouse A,True,False,1.0,Resell
CON-103039,Drum,Metal,34.99,28,61,Medium,Minor Damage,69.64,None,True,19.91,28.65,68.36,19.07,13.75,4.7,9.55,0.7,76.98,230.93,True,Medium,Terminal E,True,False,1.0,Resell
CON-103040,Box,Plastic,5.15,38,77,Medium,Moderate Damage,84.16,Chemical,True,2.98,12.33,7.26,1.0,15.72,1.12,2.09,0.1,5.36,16.07,True,Medium,Facility D,True,True,1.0,Resell
CON-103041,Box,Plastic,5.7,22,53,Low,Minor Damage,62.01,None,False,0.61,13.25,9.74,1.16,6.43,3.68,2.23,0.11,5.93,17.8,True,Low,Terminal E,True,True,1.0,Resell
CON-103042,Tote,Plastic,6.43,36,114,Medium,Moderate Damage,54.32,None,True,6.69,24.25,16.56,1.39,6.61,1.27,2.41,0.13,6.68,20.05,True,Medium,Facility D,True,True,1.0,Resell
CON-103043,Pallet,Plastic,4.86,50,170,High,Moderate Damage,50.77,None,True,23.03,31.88,7.73,0.97,6.22,2.08,2.02,0.1,5.06,15.17,True,Medium,Depot C,True,True,1.0,Resell
CON-103044,Box,Cardboard,1.3,55,157,High,Unsafe,38.79,None,True,5.97,27.13,0.0,0.11,5.33,1.66,1.13,0.03,0.52,1.57,True,High,Hub B,True,False,1.0,Recycle
CON-103045,Tote,Plastic,6.72,15,30,Low,Minor Damage,73.05,None,False,2.07,13.04,28.73,1.34,6.68,3.81,2.48,0.13,6.99,20.97,True,Low,Facility D,True,True,1.0,Resell
CON-103046,Pallet,Wood,20.44,36,99,Low,Safe,78.23,None,False,2.75,20.67,22.21,0.0,10.11,5.45,5.91,0.41,3.27,9.81,False,Low,Depot C,False,True,1.0,Resell
CON-103047,Pallet,Wood,16.98,25,39,None,Safe,82.92,None,False,0.0,13.96,30.29,0.0,9.25,5.04,5.05,0.34,2.72,8.15,False,Low,Warehouse A,True,True,1.0,Resell
CON-103048,Tote,Plastic,5.87,49,26,None,Safe,73.7,Organic,False,0.0,12.54,19.67,1.17,6.47,3.7,2.27,0.12,6.11,18.33,True,Low,Depot C,True,True,1.0,Resell
CON-103049,Pallet,Wood,19.32,2,6,None,Safe,87.37,Organic,False,0.0,9.99,44.82,0.0,9.83,5.32,5.63,0.39,3.09,9.27,False,Low,Facility D,True,True,1.0,Resell
CON-103050,Box,Cardboard,1.54,15,11,None,Safe,97.24,None,False,0.0,3.76,13.41,0.11,5.39,3.19,1.19,0.03,0.62,1.85,True,Low,Terminal E,True,True,1.0,Resell
CON-103051,Pallet,Wood,17.56,42,23,None,Safe,75.52,Organic,False,0.0,13.47,29.13,0.0,9.39,5.11,5.19,0.35,2.81,8.43,False,Low,Hub B,True,False,1.0,Resell
CON-103052,Box,Plastic,4.81,56,181,Low,Minor Damage,52.15,None,False,0.86,27.53,1.47,0.91,6.2,3.58,2.0,0.1,5.0,15.01,True,Low,Facility D,True,True,1.0,Resell
CON-103053,Pallet,Wood,21.06,19,30,Low,Safe,80.98,None,False,2.2,13.35,40.07,0.0,10.27,5.53,6.07,0.42,3.37,10.11,False,Low,Depot C,True,True,1.0,Resell
CON-103054,Box,Plastic,6.5,27,24,None,Safe,94.13,Chemical,False,0.0,5.53,10.93,1.32,16.57,3.78,2.43,0.13,6.76,20.29,True,Medium,Facility D,True,True,1.0,Resell
CON-103055,Crate,Metal,24.9,47,157,Critical,Unsafe,62.39,None,True,55.2,33.34,0.0,12.19,11.22,5.99,7.02,0.5,54.77,164.31,True,High,Hub B,True,False,1.0,Recycle
CON-103056,Pallet,Plastic,7.14,31,44,High,Moderate Damage,81.06,None,True,21.78,14.74,30.89,1.38,6.79,2.36,2.59,0.14,7.43,22.28,True,Medium,Hub B,True,True,1.0,Resell
CON-103057,Tote,Plastic,5.95,13,15,None,Safe,79.36,None,False,0.0,10.6,36.11,1.08,6.49,3.71,2.29,0.12,6.19,18.57,True,Low,Warehouse A,True,False,1.0,Resell
CON-103058,Drum,Plastic,5.67,6,15,Low,Minor Damage,81.41,Hazardous,False,5.44,22.29,0.0,0.0,38.5,3.68,2.22,0.11,5.89,17.68,False,High,Depot C,True,True,1.0,Dispose
CON-103059,Crate,Metal,34.85,24,74,Low,Minor Damage,69.87,None,False,4.35,23.92,50.68,16.69,13.71,7.18,9.51,0.7,76.67,230.0,True,Low,Depot C,True,True,1.0,Resell
CON-103060,Tote,Plastic,5.14,11,5,None,Safe,69.67,None,False,0.0,11.05,32.42,1.03,6.28,3.62,2.08,0.1,5.34,16.03,True,Low,Terminal E,True,True,1.0,Resell
CON-103061,Box,Plastic,6.64,3,5,None,Safe,95.4,Hazardous,False,0.0,3.44,0.0,0.0,39.96,3.8,2.46,0.13,6.9,20.71,False,High,Terminal E,True,True,1.0,Dispose
CON-103062,Drum,Plastic,6.32,52,29,Medium,Moderate Damage,91.38,None,True,20.73,22.19,49.54,1.17,6.58,1.26,2.38,0.13,6.57,19.72,True,Medium,Terminal E,True,True,1.0,Resell
CON-103063,Crate,Plastic,6.09,48,149,Medium,Moderate Damage,46.66,None,True,13.71,34.9,16.57,1.1,6.52,1.23,2.32,0.12,6.33,19.0,True,Medium,Terminal E,False,True,1.0,Resell
CON-103064,Drum,Plastic,5.35,32,52,Low,Minor Damage,86.95,None,False,5.14,25.16,66.24,1.17,6.34,3.64,2.14,0.11,5.56,16.68,True,Low,Facility D,True,False,1.0,Resell
CON-103065,Crate,Wood,16.52,19,30,None,Safe,83.35,None,False,0.0,17.5,65.49,0.0,9.13,4.98,4.93,0.33,2.64,7.93,False,Low,Warehouse A,True,True,1.0,Resell
CON-103066,Drum,Plastic,5.53,13,44,Low,Minor Damage,63.86,None,False,6.75,27.82,89.23,1.15,6.38,3.66,2.18,0.11,5.75,17.26,True,Low,Terminal E,True,True,1.0,Resell
CON-103067,Tote,Plastic,6.16,11,14,None,Safe,77.85,None,False,0.0,10.72,31.83,1.28,6.54,3.74,2.34,0.12,6.4,19.21,True,Low,Depot C,False,True,1.0,Resell
CON-103068,Box,Plastic,5.51,32,21,Low,Minor Damage,95.42,Chemical,False,0.65,5.04,8.95,1.06,15.94,3.66,2.18,0.11,5.73,17.19,True,Medium,Hub B,True,True,1.0,Resell
CON-103069,Drum,Metal,35.93,35,20,Low,Minor Damage,87.02,None,False,5.69,21.95,66.89,18.61,13.98,7.31,9.78,0.72,79.04,237.12,True,Low,Warehouse A,False,True,1.0,Resell
CON-103070,Box,Plastic,6.65,18,38,Low,Safe,79.03,None,False,0.66,9.2,11.41,1.42,6.66,3.8,2.46,0.13,6.92,20.75,True,Low,Facility D,True,True,1.0,Resell
CON-103071,Tote,Plastic,6.72,28,68,None,Safe,73.38,Organic,False,0.0,16.79,21.53,1.43,6.68,3.81,2.48,0.13,6.99,20.98,True,Low,Facility D,True,True,1.0,Resell
CON-103072,Drum,Plastic,5.42,36,106,High,Unsafe,73.71,None,True,55.19,32.54,0.0,1.18,6.36,2.15,2.16,0.11,5.64,16.92,True,High,Warehouse A,True,True,1.0,Recycle
CON-103073,Tote,Plastic,5.65,57,31,Low,Safe,78.36,None,False,1.72,12.35,13.6,1.1,6.41,3.68,2.21,0.11,5.88,17.64,True,Low,Depot C,True,True,1.0,Resell
CON-103074,Pallet,Plastic,6.44,10,5,Low,Safe,70.84,Chemical,False,2.73,12.37,46.04,1.36,16.53,3.77,2.41,0.13,6.7,20.09,True,Medium,Depot C,True,False,1.0,Resell
CON-103075,Tote,Plastic,6.67,12,25,Low,Safe,70.72,None,False,2.31,12.89,35.0,1.43,6.67,3.8,2.47,0.13,6.94,20.81,True,Low,Depot C,True,True,1.0,Resell
CON-103076,Box,Cardboard,1.69,15,32,None,Safe,93.04,None,False,0.0,6.49,12.35,0.14,5.42,3.2,1.22,0.03,0.67,2.02,True,Low,Facility D,False,False,1.0,Resell
CON-103077,Box,Cardboard,1.64,22,11,None,Safe,71.37,None,False,0.0,7.65,11.55,0.12,5.41,3.2,1.21,0.03,0.66,1.97,True,Low,Depot C,False,True,1.0,Resell
CON-103078,Crate,Metal,27.33,55,99,Medium,Minor Damage,53.51,None,True,15.71,28.87,19.14,13.48,11.83,3.78,7.63,0.55,60.12,180.37,True,Medium,Hub B,True,True,1.0,Resell
CON-103079,Crate,Metal,33.61,27,53,None,Safe,71.42,None,False,0.0,21.59,49.54,15.67,13.4,7.03,9.2,0.67,73.95,221.84,True,Low,Facility D,True,True,1.0,Resell
CON-103080,Pallet,Wood,23.71,15,29,None,Safe,88.48,None,False,0.0,12.13,42.46,0.0,10.93,5.84,6.73,0.47,3.79,11.38,False,Low,Terminal E,True,False,1.0,Resell
CON-103081,Drum,Plastic,6.64,44,128,Medium,Minor Damage,46.68,None,True,25.78,38.8,34.77,1.28,6.66,1.3,2.46,0.13,6.9,20.7,True,Medium,Warehouse A,False,True,1.0,Resell
CON-103082,Pallet,Plastic,5.72,45,96,Low,Minor Damage,79.8,None,False,2.72,20.13,17.38,1.05,6.43,3.69,2.23,0.11,5.95,17.86,True,Low,Warehouse A,False,True,1.0,Resell
CON-103083,Pallet,Plastic,6.6,29,36,Low,Safe,78.93,Hazardous,False,2.07,14.26,0.0,0.0,39.9,3.79,2.45,0.13,6.86,20.59,False,High,Warehouse A,True,True,1.0,Dispose
CON-103084,Pallet,Plastic,6.86,31,82,None,Safe,61.11,None,False,0.0,21.53,24.42,1.27,6.72,3.82,2.52,0.14,7.14,21.41,True,Low,Warehouse A,True,True,1.0,Resell
CON-103085,Box,Plastic,5.29,30,63,None,Safe,65.41,None,False,0.0,13.74,8.29,1.01,6.32,3.64,2.12,0.11,5.5,16.51,True,Low,Depot C,True,True,1.0,Resell
CON-103086,Pallet,Wood,21.22,50,84,None,Safe,65.43,None,False,0.0,21.09,16.28,0.0,10.3,5.55,6.1,0.42,3.39,10.18,False,Low,Hub B,False,True,0.85,Resell
CON-103087,Tote,Plastic,5.34,13,8,Low,Minor Damage,81.99,None,False,2.01,9.5,33.24,1.17,6.33,3.64,2.13,0.11,5.55,16.65,True,Low,Warehouse A,False,True,1.0,Dispose
CON-103088,Box,Plastic,6.95,33,84,Medium,Minor Damage,60.67,None,True,2.74,16.55,7.79,1.52,6.74,1.33,2.54,0.14,7.23,21.69,True,Medium,Hub B,True,True,1.0,Resell
CON-103089,Drum,Metal,35.13,52,111,Low,Safe,54.88,None,False,5.28,35.87,30.55,16.73,13.78,7.22,9.58,0.7,77.29,231.86,True,Low,Hub B,True,False,1.0,Resell
CON-103090,Pallet,Wood,20.72,13,26,Low,Safe,85.63,None,False,2.23,12.25,36.87,0.0,10.18,5.49,5.98,0.41,3.31,9.94,False,Low,Terminal E,True,True,1.0,Resell
CON-103091,Drum,Plastic,5.98,17,38,None,Safe,86.47,Chemical,False,0.0,23.83,93.93,1.17,16.24,3.72,2.29,0.12,6.22,18.65,True,Medium,Warehouse A,True,True,1.0,Resell
CON-103092,Pallet,Wood,21.09,52,134,None,Safe,56.45,None,False,0.0,27.43,10.31,0.0,10.27,5.53,6.07,0.42,3.37,10.12,False,Low,Hub B,True,True,1.0,Resell
CON-103093,Box,Cardboard,1.25,26,50,Medium,Moderate Damage,88.46,None,True,3.0,8.98,9.1,0.09,5.31,0.65,1.11,0.03,0.5,1.5,True,Medium,Facility D,False,True,0.7,Manual_Review
CON-103094,Crate,Metal,35.93,31,30,None,Safe,78.08,None,False,0.0,18.29,46.08,17.38,13.98,7.31,9.78,0.72,79.04,237.13,True,Low,Warehouse A,True,False,1.0,Resell
CON-103095,Box,Cardboard,1.52,43,52,Medium,Minor Damage,71.55,None,True,3.49,11.72,7.05,0.12,5.38,0.68,1.18,0.03,0.61,1.82,True,Medium,Warehouse A,True,True,1.0,Resell
CON-103096,Tote,Plastic,5.46,37,57,High,Unsafe,81.25,Chemical,True,18.65,14.51,0.0,1.14,15.91,2.15,2.16,0.11,5.68,17.03,True,High,Hub B,True,True,1.0,Recycle
CON-103097,Crate,Metal,28.97,56,142,High,Unsafe,58.65,None,True,40.77,32.4,0.0,15.3,12.24,4.98,8.04,0.58,63.74,191.21,True,High,Hub B,True,True,1.0,Recycle
CON-103098,Drum,Plastic,6.13,5,12,None,Safe,86.03,None,False,0.0,21.3,100.84,1.12,6.53,3.74,2.33,0.12,6.37,19.11,True,Low,Warehouse A,True,False,1.0,Refurbish
CON-103099,Drum,Metal,35.9,57,176,Medium,Minor Damage,35.18,None,True,23.23,45.32,11.28,17.18,13.98,4.81,9.78,0.72,78.99,236.96,True,Medium,Facility D,True,False,1.0,Resell
CON-103100,Drum,Plastic,6.49,31,101,High,Moderate Damage,55.87,None,True,52.0,34.72,58.08,1.35,6.62,2.28,2.42,0.13,6.75,20.24,True,Medium,Hub B,True,True,1.0,Resell
CON-103101,Tote,Plastic,5.82,50,96,High,Moderate Damage,59.86,None,True,16.21,21.62,12.55,1.1,6.46,2.2,2.26,0.12,6.06,18.17,True,Medium,Facility D,False,True,1.0,Resell
CON-103102,Crate,Plastic,6.67,58,178,Low,Minor Damage,53.79,Chemical,False,3.92,36.73,7.75,1.39,16.67,3.8,2.47,0.13,6.94,20.82,True,Medium,Terminal E,True,False,1.0,Resell
CON-103103,Crate,Metal,26.8,5,10,None,Safe,84.81,None,False,0.0,15.28,71.6,14.41,11.7,6.22,7.5,0.54,58.97,176.91,True,Low,Hub B,True,False,1.0,Resell
CON-103104,Crate,Wood,18.15,21,10,Low,Minor Damage,73.02,None,False,4.22,17.05,60.24,0.0,9.54,5.18,5.34,0.36,2.9,8.71,False,Low,Hub B,True,True,1.0,Resell
CON-103105,Crate,Metal,30.66,59,42,Low,Minor Damage,68.83,None,False,4.74,20.88,27.24,15.14,12.67,6.68,8.47,0.61,67.46,202.39,True,Low,Facility D,True,True,1.0,Dispose
CON-103106,Box,Plastic,5.31,17,13,Low,Safe,84.29,None,False,0.76,5.91,13.01,0.96,6.33,3.64,2.13,0.11,5.53,16.58,True,Low,Facility D,True,True,1.0,Recycle
CON-103107,Box,Plastic,7.0,1,3,Medium,Minor Damage,80.66,None,True,2.5,5.45,13.89,1.3,6.75,1.34,2.55,0.14,7.28,21.85,True,Medium,Depot C,True,True,1.0,Resell
CON-103108,Tote,Plastic,5.24,58,36,None,Safe,81.6,None,False,0.0,12.36,13.54,1.01,6.31,3.63,2.11,0.1,5.45,16.34,True,Low,Depot C,False,True,1.0,Resell
CON-103109,Box,Plastic,6.41,49,24,None,,83.37,None,False,0.0,7.14,7.44,1.24,6.6,3.77,2.4,0.13,6.66,19.99,True,Low,Depot C,False,True,1.0,Resell
CON-103110,Crate,Wood,16.41,26,13,Medium,Minor Damage,75.01,None,True,18.1,17.05,62.01,0.0,9.1,2.47,4.9,0.33,2.63,7.88,False,Medium,Facility D,True,True,1.0,Resell
CON-103111,Drum,Plastic,4.85,45,44,None,Safe,70.39,None,False,0.0,26.84,54.07,0.96,6.21,3.58,2.01,0.1,5.04,15.13,True,Low,Terminal E,True,False,1.0,Resell
CON-103112,Drum,Plastic,5.59,22,66,None,Safe,78.91,None,False,0.0,27.76,82.2,1.09,6.4,3.67,2.2,0.11,5.81,17.43,True,Low,Hub B,True,True,1.0,Resell
CON-103113,Pallet,Wood,22.5,20,46,None,Safe,73.15,Hazardous,False,0.0,16.13,0.0,0.0,63.75,5.7,6.43,0.45,3.6,10.8,False,High,Warehouse A,True,False,1.0,Dispose
CON-103114,Crate,Metal,30.67,19,15,Medium,Minor Damage,91.21,None,True,18.8,14.82,68.4,15.42,12.67,4.18,8.47,0.61,67.48,202.43,True,Medium,Depot C,True,True,1.0,Resell
CON-103115,Box,Cardboard,1.72,40,26,Low,Safe,90.06,Organic,False,0.78,6.34,8.62,0.15,5.43,3.21,1.23,0.03,0.69,2.06,True,Low,Terminal E,True,True,1.0,Resell
CON-103116,Pallet,Wood,22.33,18,62,Medium,,77.69,None,True,10.44,17.05,34.38,0.0,10.58,3.18,6.38,0.45,3.57,10.72,False,Medium,Warehouse A,True,True,1.0,Resell
CON-103117,Tote,Plastic,5.11,16,10,None,Safe,69.77,None,False,0.0,11.54,31.81,1.1,6.28,3.61,2.08,0.1,5.32,15.96,True,Low,Hub B,False,True,1.0,Resell
CON-103118,Box,Plastic,5.04,26,50,Low,Minor Damage,61.37,None,False,0.78,13.04,10.55,1.07,6.26,3.6,2.06,0.1,5.24,15.72,True,Low,Hub B,True,True,1.0,Resell
CON-103119,Drum,Metal,29.61,38,67,High,Unsafe,76.75,Organic,True,64.41,28.19,0.0,15.72,12.4,5.05,8.2,0.59,65.15,195.46,True,High,Warehouse A,True,True,1.0,Recycle
CON-103120,Box,Cardboard,1.52,40,126,Critical,Unsafe,47.74,None,True,14.92,22.69,0.0,0.12,5.38,3.18,1.18,0.03,0.61,1.83,True,High,Facility D,False,True,1.0,Recycle
CON-103121,Box,Cardboard,1.61,25,49,Low,Minor Damage,64.96,None,False,0.77,12.41,9.98,0.13,5.4,3.19,1.2,0.03,0.64,1.93,True,Low,Warehouse A,False,False,1.0,Resell
CON-103122,Box,Plastic,5.09,45,54,High,Moderate Damage,66.82,None,True,6.17,12.63,7.16,0.93,6.27,2.11,2.07,0.1,5.3,15.89,True,Medium,Depot C,True,True,1.0,Resell
CON-103123,Box,Plastic,5.13,20,26,None,Safe,80.39,None,False,0.0,7.79,11.02,0.94,6.28,3.62,2.08,0.1,5.34,16.01,True,Low,Depot C,True,True,1.0,Resell
CON-103124,Drum,Plastic,6.97,30,43,Medium,Minor Damage,65.24,None,True,20.39,27.51,69.93,1.33,6.74,1.34,2.54,0.14,7.25,21.75,True,Medium,Warehouse A,True,True,1.0,Resell
CON-103125,Box,Cardboard,1.39,34,113,Medium,Minor Damage,57.12,None,True,3.18,19.98,5.88,0.11,5.35,0.67,1.15,0.03,0.56,1.67,True,Medium,Facility D,False,True,0.79,Manual_Review
CON-103126,Crate,Wood,16.85,37,91,Low,Safe,56.66,None,False,3.48,27.6,36.56,0.0,9.21,5.02,5.01,0.34,2.7,8.09,False,Low,Depot C,False,True,1.0,Resell
CON-103127,Drum,Plastic,6.66,52,87,Medium,Minor Damage,79.84,None,True,26.67,29.72,40.26,1.22,6.66,1.3,2.46,0.13,6.92,20.77,True,Medium,Facility D,True,True,1.0,Resell
CON-103128,Tote,Plastic,4.97,58,69,Medium,Minor Damage,63.23,None,True,8.93,18.42,11.04,0.92,6.24,1.1,2.04,0.1,5.17,15.5,True,Medium,Warehouse A,True,True,1.0,Resell
CON-103129,Crate,Metal,33.83,34,59,High,Moderate Damage,69.9,None,True,34.07,22.42,42.51,18.02,13.46,5.56,9.26,0.68,74.43,223.29,True,Medium,Terminal E,False,True,1.0,Resell
CON-103130,Drum,Plastic,5.45,52,64,None,Safe,58.23,Organic,False,0.0,30.67,43.51,1.04,6.36,3.65,2.16,0.11,5.66,16.99,True,Low,Hub B,True,True,1.0,Resell
CON-103131,Tote,Plastic,6.83,45,46,None,Safe,63.9,Chemical,False,0.0,16.02,19.85,1.27,16.77,3.82,2.51,0.14,7.11,21.32,True,Medium,Warehouse A,True,False,1.0,Repair
CON-103132,Drum,Plastic,4.86,41,64,High,Unsafe,68.63,None,True,44.03,29.11,0.0,0.89,6.22,2.08,2.02,0.1,5.06,15.17,True,High,Hub B,True,True,1.0,Recycle
CON-103133,Crate,Wood,22.45,1,3,Critical,Unsafe,71.56,None,True,63.3,16.57,0.0,0.0,10.61,5.69,6.41,0.45,3.59,10.78,False,High,Depot C,True,True,1.0,Dispose
CON-103134,Drum,Metal,31.82,12,23,None,Safe,71.27,None,False,0.0,24.61,94.6,16.96,12.95,6.82,8.75,0.64,70.0,210.01,True,Low,Facility D,True,True,0.72,Manual_Review
CON-103135,Crate,Plastic,5.87,25,18,None,Safe,69.87,Organic,False,0.0,18.32,61.02,1.27,6.47,3.7,2.27,0.12,6.11,18.33,True,Low,Depot C,True,True,1.0,Resell
CON-103136,Tote,Plastic,4.95,42,139,Low,Minor Damage,45.57,None,False,2.11,28.06,12.49,0.96,6.24,3.59,2.04,0.1,5.15,15.45,True,Low,Hub B,True,True,1.0,Resell
CON-103137,Crate,Plastic,5.83,5,4,Low,Safe,92.59,None,False,3.65,13.51,79.27,1.28,6.46,3.7,2.26,0.12,6.06,18.19,True,Low,Facility D,True,True,1.0,Resell
CON-103138,Box,Cardboard,1.62,33,105,Medium,Minor Damage,52.22,None,True,3.39,19.92,7.15,0.14,5.41,0.69,1.21,0.03,0.65,1.95,True,Medium,Depot C,True,True,1.0,Resell
CON-103139,Drum,Metal,33.95,35,87,High,Unsafe,58.42,None,True,53.92,32.94,0.0,18.64,13.49,5.57,9.29,0.68,74.7,224.09,True,High,Warehouse A,True,False,1.0,Recycle
CON-103140,Drum,Plastic,6.83,16,43,Medium,Moderate Damage,68.16,None,True,21.82,27.08,89.81,1.25,6.71,1.32,2.51,0.14,7.11,21.32,True,Medium,Depot C,True,True,1.0,Resell
CON-103141,Pallet,Plastic,4.92,23,57,High,Unsafe,65.53,None,True,21.16,18.37,0.0,0.91,6.23,2.09,2.03,0.1,5.12,15.36,True,High,Facility D,True,True,1.0,Recycle
CON-103142,Tote,Plastic,6.65,30,34,None,Safe,88.53,None,False,0.0,11.12,23.96,1.2,6.66,3.8,2.46,0.13,6.92,20.75,True,Low,Warehouse A,True,False,1.0,Resell
CON-103143,Tote,Plastic,5.45,54,149,Critical,Unsafe,49.56,None,True,27.43,28.47,0.0,1.11,6.36,3.65,2.16,0.11,5.67,17.01,True,High,Hub B,True,True,1.0,Recycle
CON-103144,Box,Plastic,6.14,16,8,High,,77.86,None,True,7.69,6.37,0.0,1.16,6.54,2.24,2.34,0.12,6.39,19.17,True,High,Depot C,True,True,1.0,Recycle
CON-103145,Pallet,Plastic,5.14,58,86,None,Safe,59.73,None,False,0.0,22.14,12.07,1.0,6.29,3.62,2.09,0.1,5.35,16.04,True,Low,Facility D,True,False,1.0,Resell
CON-103146,Drum,Plastic,6.56,29,62,Critical,Unsafe,62.57,None,True,105.85,29.81,0.0,1.34,6.64,3.79,2.44,0.13,6.82,20.47,True,High,Depot C,True,True,0.77,Manual_Review
CON-103147,Box,Plastic,6.63,36,65,High,Moderate Damage,63.44,Organic,True,7.71,14.23,7.69,1.37,6.66,2.3,2.46,0.13,6.89,20.68,True,Medium,Terminal E,True,True,1.0,Resell
CON-103148,Tote,Plastic,6.25,34,37,None,Safe,75.77,None,False,0.0,13.33,23.73,1.33,6.56,3.75,2.36,0.12,6.5,19.5,True,Low,Terminal E,True,True,1.0,Resell
CON-103149,Box,Plastic,6.61,22,68,Medium,Minor Damage,66.32,None,True,2.85,14.1,10.01,1.31,6.65,1.29,2.45,0.13,6.87,20.62,True,Medium,Hub B,True,True,1.0,Resell
CON-103150,Tote,Plastic,5.66,29,86,High,Moderate Damage,58.96,None,True,14.63,20.76,21.74,1.05,6.41,2.18,2.21,0.11,5.88,17.65,True,Medium,Facility D,True,True,1.0,Resell
CON-103151,Tote,Plastic,6.93,19,21,Low,Safe,76.82,None,False,2.34,11.58,32.72,1.32,6.73,3.83,2.53,0.14,7.21,21.62,True,Low,Facility D,True,False,1.0,Resell
CON-103152,Crate,Plastic,4.83,31,37,None,Safe,75.38,None,False,0.0,19.39,45.15,0.97,6.21,3.58,2.01,0.1,5.02,15.07,True,Low,Terminal E,True,True,1.0,Resell
CON-103153,Pallet,Plastic,5.97,12,27,None,Safe,72.55,None,False,0.0,14.32,42.28,1.23,6.49,3.72,2.29,0.12,6.21,18.63,True,Low,Hub B,False,True,1.0,Resell
CON-103154,Drum,Plastic,6.39,18,35,Low,Safe,78.34,None,False,5.63,24.75,91.32,1.26,6.6,3.77,2.4,0.13,6.65,19.94,True,Low,Facility D,True,True,1.0,Resell
CON-103155,Tote,Plastic,5.06,44,140,Medium,Minor Damage,71.66,None,True,8.76,24.25,10.09,0.93,6.26,1.11,2.06,0.1,5.26,15.77,True,Medium,Terminal E,True,True,1.0,Resell
CON-103156,Tote,Plastic,4.94,32,44,Low,Minor Damage,64.91,None,False,1.81,15.66,24.68,1.08,6.24,3.59,2.04,0.1,5.14,15.42,True,Low,Terminal E,False,True,1.0,Resell
CON-103157,Pallet,Wood,19.18,9,10,None,Safe,86.54,Chemical,False,0.0,10.52,46.63,0.0,24.49,5.3,5.6,0.38,3.07,9.21,False,Medium,Depot C,False,True,1.0,Resell
CON-103158,Drum,Metal,29.16,42,50,Medium,Moderate Damage,74.15,None,True,20.78,26.88,62.04,13.87,12.29,4.0,8.09,0.58,64.15,192.46,True,Medium,Terminal E,True,True,1.0,Resell
CON-103159,Tote,Plastic,6.01,17,32,Low,Safe,71.81,None,False,1.96,13.43,31.59,1.26,6.5,3.72,2.3,0.12,6.25,18.75,True,Low,Facility D,True,True,1.0,Resell
CON-103160,Crate,Metal,31.56,30,83,Medium,Moderate Damage,65.62,None,True,17.96,25.46,46.02,14.91,12.89,4.29,8.69,0.63,69.43,208.28,True,Medium,Facility D,True,False,1.0,Resell
CON-103161,Drum,Metal,34.0,2,5,Low,Safe,76.73,None,False,6.07,21.99,126.68,17.14,13.5,7.08,9.3,0.68,74.8,224.41,True,Low,Facility D,True,True,1.0,Resell
CON-103162,Box,Plastic,5.56,14,15,,Safe,96.26,None,False,0.0,4.31,12.73,1.12,6.39,3.67,2.19,0.11,5.78,17.34,True,Low,Warehouse A,False,True,0.56,Manual_Review
CON-103163,Drum,Plastic,5.61,29,44,High,Unsafe,67.05,None,True,45.13,27.34,0.0,1.11,6.4,2.17,2.2,0.11,5.83,17.5,True,High,Terminal E,True,True,1.0,Recycle
CON-103164,Drum,Metal,33.84,41,45,Low,Safe,65.72,None,False,5.19,27.64,58.19,16.84,13.46,7.06,9.26,0.68,74.45,223.36,True,Low,Hub B,False,True,1.0,Resell
CON-103165,Tote,Plastic,6.68,48,156,None,Safe,52.74,None,False,0.0,28.69,8.64,1.39,6.67,3.8,2.47,0.13,6.95,20.84,True,Low,Warehouse A,True,True,1.0,Resell
CON-103166,Crate,Plastic,6.49,15,10,Low,Minor Damage,77.56,None,False,4.68,16.37,70.1,1.2,6.62,3.78,2.42,0.13,6.74,20.23,True,Low,Warehouse A,True,True,1.0,Resell
CON-103167,Box,Cardboard,1.54,58,45,None,Safe,61.02,None,False,0.0,12.6,5.35,0.13,5.38,3.18,1.18,0.03,0.62,1.85,True,Low,Depot C,True,True,1.0,Resell
CON-103168,Drum,Metal,33.94,29,24,None,Safe,81.64,None,False,0.0,23.15,71.6,16.61,13.48,7.07,9.28,0.68,74.66,223.99,True,Low,Facility D,False,True,1.0,Resell
CON-103169,Crate,Wood,18.33,57,68,Medium,Moderate Damage,73.57,None,True,14.03,22.76,23.85,0.0,9.58,2.7,5.38,0.37,2.93,8.8,False,Medium,Facility D,True,True,1.0,Resell
CON-103170,Drum,Plastic,6.09,54,119,Medium,Moderate Damage,54.68,None,True,21.32,36.7,28.3,1.3,6.52,1.23,2.32,0.12,6.34,19.01,True,Medium,Depot C,True,True,1.0,Resell
CON-103171,Pallet,Wood,23.79,42,52,Medium,Moderate Damage,67.41,None,True,9.06,17.59,21.56,0.0,10.95,3.36,6.75,0.48,3.81,11.42,False,Medium,Warehouse A,True,True,1.0,Resell
CON-103172,Box,Plastic,6.35,50,39,Low,Minor Damage,70.35,None,False,0.67,10.6,6.5,1.2,6.59,3.76,2.39,0.13,6.6,19.8,True,Low,Depot C,False,True,1.0,Resell
CON-103173,Drum,Metal,32.42,24,57,Low,Minor Damage,68.0,Hazardous,False,5.35,28.5,0.0,0.0,78.64,6.89,8.91,0.65,71.33,214.0,False,High,Terminal E,True,True,1.0,Dispose
CON-103174,Tote,Plastic,5.84,36,97,Medium,Minor Damage,70.97,None,True,7.71,20.05,18.54,1.06,6.46,1.2,2.26,0.12,6.08,18.23,True,Medium,Hub B,True,False,1.0,Resell
CON-103175,Box,Cardboard,1.36,13,17,None,Safe,84.38,None,False,0.0,6.29,12.09,0.11,5.34,3.16,1.14,0.03,0.54,1.63,True,Low,Terminal E,False,True,1.0,Resell
CON-103176,Pallet,Plastic,5.97,19,60,None,Safe,85.18,None,False,0.0,15.72,33.98,1.17,6.49,3.72,2.29,0.12,6.21,18.62,True,Low,Warehouse A,False,True,1.0,Resell
CON-103177,Crate,Plastic,5.52,39,94,High,Moderate Damage,69.47,Chemical,True,33.15,25.98,31.98,1.1,15.95,2.16,2.18,0.11,5.74,17.23,True,Medium,Terminal E,True,False,1.0,Resell
CON-103178,Pallet,Wood,20.45,23,29,Low,Safe,82.87,None,False,2.91,12.97,35.16,0.0,10.11,5.45,5.91,0.41,3.27,9.82,False,Low,Hub B,True,True,1.0,Resell
CON-103179,Tote,Plastic,5.74,26,30,High,Moderate Damage,86.32,None,True,17.58,11.05,25.05,1.23,6.44,2.19,2.24,0.11,5.97,17.92,True,Medium,Depot C,True,True,1.0,Resell
CON-103180,Pallet,Plastic,5.76,40,68,None,Safe,58.2,None,False,0.0,20.57,21.41,1.17,6.44,3.69,2.24,0.12,5.99,17.98,True,Low,Warehouse A,False,True,1.0,Resell
CON-103181,Crate,Metal,31.88,41,88,Low,Minor Damage,74.58,None,False,4.34,24.61,32.82,17.01,12.97,6.83,8.77,0.64,70.15,210.44,True,Low,Warehouse A,True,True,1.0,Resell
CON-103182,Crate,Metal,30.32,3,5,Low,Minor Damage,89.63,None,False,3.68,14.06,76.18,14.33,12.58,6.64,8.38,0.61,66.7,200.1,True,Low,Hub B,True,True,1.0,Resell
CON-103183,Tote,Plastic,5.27,39,52,Low,Safe,70.48,None,False,1.7,15.63,21.75,1.0,6.32,3.63,2.12,0.11,5.48,16.45,True,Low,Hub B,True,False,1.0,Resell
CON-103184,Box,Cardboard,1.73,52,64,Medium,Minor Damage,72.58,None,True,2.82,12.76,5.49,0.14,5.43,0.71,1.23,0.03,0.69,2.07,True,Medium,Depot C,True,True,1.0,Resell
CON-103185,Box,Cardboard,1.59,19,47,Low,Minor Damage,64.67,None,False,0.8,12.25,10.89,0.14,5.4,3.19,1.2,0.03,0.64,1.91,True,Low,Hub B,True,True,1.0,Resell
CON-103186,Box,Cardboard,1.28,31,22,High,Unsafe,66.21,Organic,True,7.87,9.52,0.0,0.1,5.32,1.65,1.12,0.03,0.51,1.54,True,High,Terminal E,True,True,1.0,Recycle
CON-103187,Tote,Plastic,6.8,7,17,None,Safe,88.46,None,False,0.0,9.43,36.34,1.48,6.7,3.82,2.5,0.14,7.07,21.21,True,Low,Warehouse A,True,True,0.82,Resell
CON-103188,Tote,Plastic,5.2,41,26,Medium,Moderate Damage,86.96,None,True,8.38,10.56,19.79,1.02,6.3,1.12,2.1,0.1,5.41,16.22,True,Medium,Terminal E,True,True,1.0,Resell
CON-103189,Drum,Plastic,5.4,9,26,High,Unsafe,78.15,Organic,True,54.53,23.88,0.0,1.17,6.35,2.15,2.15,0.11,5.62,16.86,True,High,Hub B,False,True,1.0,Recycle
CON-103190,Drum,Metal,35.85,36,18,Low,Safe,76.33,None,False,6.06,23.35,66.97,18.11,13.96,7.3,9.76,0.72,78.87,236.61,True,Low,Warehouse A,True,True,0.63,Manual_Review
CON-103191,Pallet,Plastic,6.09,35,119,None,Safe,57.31,None,False,0.0,25.8,21.78,1.26,6.52,3.73,2.32,0.12,6.34,19.01,True,Low,Hub B,True,True,0.53,Manual_Review
CON-103192,Tote,Plastic,6.96,28,61,Medium,Minor Damage,59.61,None,True,8.66,18.16,22.51,1.38,6.74,1.34,2.54,0.14,7.24,21.71,True,Medium,Facility D,True,True,1.0,Resell
CON-103193,Box,Cardboard,1.47,54,153,High,Moderate Damage,55.77,None,True,7.19,24.18,2.14,0.13,5.37,1.68,1.17,0.03,0.59,1.76,True,Medium,Terminal E,True,True,1.0,Resell
CON-103194,Crate,Metal,33.23,16,22,None,Safe,74.5,None,False,0.0,18.03,62.28,16.81,13.31,6.99,9.11,0.66,73.1,219.3,True,Low,Terminal E,False,True,1.0,Resell
CON-103195,Box,Cardboard,1.57,50,141,Low,Safe,43.6,None,False,0.85,24.81,3.18,0.13,5.39,3.19,1.19,0.03,0.63,1.88,True,Low,Facility D,True,False,1.0,Resell
CON-103196,Pallet,Wood,23.1,6,14,Medium,Minor Damage,86.7,None,True,10.22,10.9,49.8,0.0,10.77,3.27,6.57,0.46,3.7,11.09,False,Medium,Depot C,True,True,1.0,Resell
CON-103197,Drum,Metal,27.26,38,87,Critical,Unsafe,53.18,None,True,116.62,33.72,0.0,14.82,11.82,6.27,7.62,0.55,59.98,179.93,True,High,Depot C,True,True,1.0,Recycle
CON-103198,Crate,Metal,31.9,42,26,Low,Minor Damage,76.93,None,False,4.18,18.06,45.76,16.69,12.98,6.83,8.78,0.64,70.19,210.56,True,Low,Warehouse A,True,True,1.0,Resell
CON-103199,Box,Cardboard,1.54,40,135,Medium,Moderate Damage,54.21,Organic,True,2.8,22.62,4.96,0.12,5.38,0.68,1.18,0.03,0.61,1.84,True,Medium,Terminal E,False,True,1.0,Resell
CON-103200,Box,Cardboard,1.45,36,116,High,Unsafe,66.4,Organic,True,5.46,18.89,0.0,0.13,5.36,1.67,1.16,0.03,0.58,1.74,True,High,Hub B,True,True,1.0,Recycle
CON-103201,Box,Plastic,5.9,2,1,None,Safe,91.24,Organic,False,0.0,3.66,13.82,1.24,6.47,3.71,2.27,0.12,6.13,18.4,True,Low,Depot C,False,True,1.0,Resell
CON-103202,Tote,Plastic,5.59,53,170,Low,Minor Damage,39.8,Organic,False,1.62,32.03,5.12,1.16,6.4,3.67,2.2,0.11,5.82,17.45,True,Low,Depot C,False,False,1.0,Refurbish
CON-103203,Tote,Plastic,5.11,14,22,None,Safe,87.4,None,False,0.0,10.09,30.6,1.05,6.28,3.61,2.08,0.1,5.31,15.93,True,Low,Depot C,False,True,0.89,Resell
CON-103204,Tote,Plastic,5.74,42,77,Medium,Minor Damage,75.35,Chemical,True,7.76,17.4,16.25,1.18,16.09,1.19,2.24,0.11,5.97,17.92,True,Medium,Depot C,False,True,1.0,Resell
CON-103205,Tote,Plastic,5.96,30,49,None,Safe,61.88,None,False,0.0,16.62,24.23,1.15,6.49,3.72,2.29,0.12,6.2,18.6,True,Low,Hub B,True,False,1.0,Resell
CON-103206,Box,Cardboard,1.63,54,94,High,Unsafe,61.97,None,True,7.48,17.35,0.0,0.12,5.41,1.7,1.21,0.03,0.65,1.96,True,High,Warehouse A,True,True,1.0,Recycle
CON-103207,Pallet,Wood,17.56,21,59,Low,Minor Damage,61.93,None,False,2.21,19.11,33.31,0.0,9.39,5.11,5.19,0.35,2.81,8.43,False,Low,Facility D,True,False,1.0,Resell
CON-103208,Drum,Plastic,6.55,23,21,None,Safe,79.08,Organic,False,0.0,23.24,95.06,1.41,6.64,3.79,2.44,0.13,6.81,20.42,True,Low,Depot C,True,True,1.0,Resell
CON-103209,Tote,Plastic,6.06,43,73,High,Unsafe,82.05,None,True,14.79,15.99,0.0,1.17,6.52,2.23,2.32,0.12,6.3,18.91,True,High,Depot C,False,True,1.0,Recycle
CON-103210,Pallet,Wood,18.29,40,81,Critical,Unsafe,66.25,None,True,50.59,20.66,0.0,0.0,9.57,5.19,5.37,0.37,2.93,8.78,False,High,Depot C,True,True,0.83,Dispose
CON-103211,Crate,Plastic,4.88,43,117,Low,,53.65,None,False,3.88,30.65,26.79,1.06,6.22,3.59,2.02,0.1,5.08,15.24,True,Low,Warehouse A,True,False,1.0,Resell
CON-103212,Box,Cardboard,1.52,29,88,Medium,Moderate Damage,62.75,None,True,3.08,16.64,7.77,0.11,5.38,0.68,1.18,0.03,0.61,1.83,True,Medium,Terminal E,True,True,1.0,Resell
CON-103213,Pallet,Plastic,4.98,43,100,,Unsafe,58.44,None,True,18.05,23.73,0.0,0.92,6.25,2.1,2.05,0.1,5.18,15.55,True,High,Facility D,False,True,1.0,Recycle
CON-103214,Pallet,Plastic,4.92,17,36,None,Safe,66.82,None,False,0.0,16.08,38.05,1.01,6.23,3.59,2.03,0.1,5.12,15.36,True,Low,Facility D,True,True,1.0,Resell
CON-103215,Crate,Plastic,5.41,39,43,Medium,Moderate Damage,68.13,Chemical,True,18.87,21.08,41.0,1.09,15.88,1.15,2.15,0.11,5.62,16.87,True,Medium,Hub B,False,True,1.0,Resell
CON-103216,Tote,Plastic,6.73,25,35,Medium,Moderate Damage,77.29,None,True,7.34,12.91,24.78,1.23,6.68,1.31,2.48,0.13,7.0,21.01,True,Medium,Terminal E,False,True,1.0,Resell
CON-103217,Drum,Metal,31.68,2,6,Medium,Minor Damage,78.9,None,True,23.23,21.76,107.66,15.43,12.92,4.3,8.72,0.63,69.7,209.1,True,Medium,Facility D,True,True,1.0,Resell
CON-103218,Tote,Plastic,7.02,40,64,Medium,Moderate Damage,74.5,None,True,8.21,16.23,18.2,1.5,6.76,1.34,2.56,0.14,7.3,21.91,True,Medium,Hub B,False,False,1.0,Resell
CON-103219,Tote,Plastic,5.88,14,11,None,Safe,87.34,None,False,0.0,9.0,36.33,1.08,6.47,3.71,2.27,0.12,6.12,18.35,True,Low,Hub B,True,True,1.0,Resell
CON-103220,Pallet,Plastic,6.46,4,13,None,Safe,88.73,None,False,0.0,10.49,45.01,1.29,6.62,3.78,2.42,0.13,6.72,20.17,True,Low,Warehouse A,False,True,1.0,Resell
CON-103221,Pallet,Plastic,5.05,51,68,Medium,Minor Damage,70.97,None,True,8.54,18.65,17.39,1.05,6.26,1.11,2.06,0.1,5.25,15.74,True,Medium,Hub B,True,True,1.0,Resell
CON-103222,Box,Cardboard,1.51,5,3,Low,Minor Damage,99.31,None,False,0.75,2.65,14.53,0.11,5.38,3.18,1.18,0.03,0.61,1.82,True,Low,Depot C,True,True,1.0,Resell
CON-103223,Box,Cardboard,1.59,57,156,Critical,Unsafe,61.43,None,True,11.62,23.64,0.0,0.13,5.4,3.19,1.2,0.03,0.64,1.91,True,High,Hub B,False,True,1.0,Recycle
CON-103224,Crate,Wood,16.76,47,125,Low,Safe,66.93,None,False,4.36,29.46,23.03,0.0,9.19,5.01,4.99,0.34,2.68,8.04,False,Low,Depot C,True,True,1.0,Resell
CON-103225,Drum,Plastic,4.9,47,128,High,Unsafe,58.32,Hazardous,True,44.31,37.05,0.0,0.0,37.36,2.09,2.03,0.1,5.1,15.3,False,High,Hub B,True,True,1.0,Dispose
CON-103226,Drum,Metal,34.53,17,10,Low,Minor Damage,70.17,None,False,6.73,23.47,105.61,18.63,13.63,7.14,9.43,0.69,75.96,227.88,True,Low,Warehouse A,False,True,1.0,Resell
CON-103227,Tote,Plastic,4.81,24,59,High,Moderate Damage,,None,True,15.59,15.8,27.46,0.92,6.2,2.08,2.0,0.1,5.0,15.01,True,Medium,Terminal E,False,True,1.0,Resell
CON-103228,Pallet,Wood,18.68,23,39,Low,Minor Damage,,None,False,2.77,15.23,31.58,0.0,9.67,5.24,5.47,0.37,2.99,8.96,False,Low,Terminal E,True,True,1.0,Resell
CON-103229,Crate,Metal,33.48,38,82,None,Safe,57.37,None,False,0.0,26.59,38.06,16.7,13.37,7.02,9.17,0.67,73.66,220.98,True,Low,Hub B,True,False,0.75,Manual_Review
CON-103230,Pallet,Plastic,6.31,1,2,None,Safe,99.3,None,False,0.0,7.81,46.85,1.36,6.58,3.76,2.38,0.13,6.56,19.69,True,Low,Depot C,True,True,1.0,Resell
CON-103231,Crate,Plastic,6.43,26,40,High,Unsafe,76.53,None,True,37.93,19.52,0.0,1.35,6.61,2.27,2.41,0.13,6.69,20.06,True,High,Facility D,True,False,1.0,Recycle
CON-103232,Tote,Plastic,6.88,48,126,High,Moderate Damage,69.89,None,True,15.71,23.12,10.01,1.31,6.72,2.33,2.52,0.14,7.15,21.46,True,Medium,Warehouse A,True,True,1.0,Resell
CON-103233,Box,Cardboard,1.7,55,120,Medium,Minor Damage,53.83,None,True,3.31,21.18,2.99,0.13,5.42,0.7,1.22,0.03,0.68,2.04,True,Medium,Warehouse A,True,True,1.0,Resell
CON-103234,Box,Cardboard,1.53,7,6,High,Moderate Damage,92.31,None,True,7.23,4.0,13.92,0.13,5.38,1.68,1.18,0.03,0.61,1.83,True,Medium,Warehouse A,True,True,1.0,Resell
CON-103235,Crate,Plastic,5.52,10,12,Low,Safe,92.48,None,False,3.44,14.33,66.43,1.15,6.38,3.66,2.18,0.11,5.74,17.21,True,Low,Warehouse A,True,True,1.0,Resell
CON-103236,Tote,Plastic,6.11,44,43,Low,Safe,81.41,Chemical,False,2.27,13.09,19.49,1.24,16.32,3.73,2.33,0.12,6.35,19.05,True,Medium,Hub B,True,True,1.0,Resell
CON-103237,Drum,Metal,31.63,32,111,High,Moderate Damage,60.15,Organic,True,58.24,35.08,59.29,15.1,12.91,5.3,8.71,0.63,69.6,208.79,True,Medium,Facility D,False,True,1.0,Resell
CON-103238,Tote,Plastic,5.9,60,95,Medium,Moderate Damage,78.93,None,True,8.17,18.66,8.02,1.06,6.48,1.21,2.28,0.12,6.14,18.41,True,Medium,Facility D,True,False,1.0,Resell
CON-103239,Pallet,Plastic,4.93,32,107,Medium,Minor Damage,56.96,None,True,9.88,24.66,22.53,1.03,6.23,1.09,2.03,0.1,5.13,15.39,True,Medium,Facility D,True,True,1.0,Resell
CON-103240,Pallet,Plastic,5.25,10,13,Low,Minor Damage,76.17,None,False,2.2,12.37,46.89,1.1,6.31,3.63,2.11,0.1,5.46,16.38,True,Low,Hub B,True,True,1.0,Resell
CON-103241,Crate,Plastic,5.2,11,10,Low,Safe,69.62,None,False,3.51,17.56,74.53,1.09,6.3,3.62,2.1,0.1,5.41,16.22,True,Low,Warehouse A,True,False,1.0,Resell
CON-103242,Pallet,Wood,18.7,2,3,None,Safe,78.95,None,False,0.0,10.96,51.34,0.0,9.68,5.24,5.48,0.37,2.99,8.98,False,Low,Depot C,True,True,1.0,Resell
CON-103243,Pallet,Plastic,5.61,11,11,High,Moderate Damage,90.25,None,True,21.98,10.06,42.27,1.02,6.4,2.17,2.2,0.11,5.84,17.51,True,Medium,Terminal E,True,False,1.0,Resell
CON-103244,Crate,Wood,18.24,59,57,Medium,Minor Damage,82.7,None,True,14.58,20.29,25.83,0.0,9.56,2.69,5.36,0.36,2.92,8.75,False,Medium,Depot C,True,True,1.0,Resell
CON-103245,Pallet,Wood,21.73,29,58,Medium,Moderate Damage,64.77,None,True,11.62,18.58,27.2,0.0,10.43,3.11,6.23,0.43,3.48,10.43,False,Medium,Terminal E,True,True,1.0,Resell
CON-103246,Crate,Plastic,6.15,24,53,Medium,Minor Damage,74.14,None,True,15.01,21.18,57.46,1.33,6.54,1.24,2.34,0.12,6.39,19.18,True,Medium,Hub B,True,True,1.0,Resell
CON-103247,Box,Cardboard,1.49,36,63,Critical,Unsafe,70.67,None,True,11.75,12.95,0.0,0.13,5.37,3.18,1.17,0.03,0.6,1.79,True,High,Facility D,False,True,1.0,Recycle
CON-103248,Crate,Wood,21.95,7,9,None,Safe,76.0,None,False,0.0,16.5,79.59,0.0,10.49,5.63,6.29,0.44,3.51,10.53,False,Low,Facility D,True,True,1.0,Resell
CON-103249,Tote,Plastic,6.39,9,16,None,Safe,74.41,None,False,0.0,11.44,33.95,1.18,6.6,3.77,2.4,0.13,6.65,19.95,True,Low,Depot C,True,True,1.0,Resell
CON-103250,Box,Plastic,5.65,27,27,None,Safe,65.25,None,False,0.0,10.16,9.42,1.17,6.41,3.68,2.21,0.11,5.88,17.63,True,Low,Facility D,False,False,0.76,Manual_Review
CON-103251,Tote,Plastic,7.08,48,69,Medium,Moderate Damage,77.13,None,True,7.04,16.33,13.86,1.51,6.77,1.35,2.57,0.14,7.36,22.09,True,Medium,Hub B,True,True,1.0,Resell
CON-103252,Pallet,Wood,19.44,18,54,None,Safe,84.99,None,False,0.0,15.15,34.94,0.0,9.86,5.33,5.66,0.39,3.11,9.33,False,Low,Warehouse A,True,True,1.0,Resell
CON-103253,Pallet,Plastic,4.97,10,31,Medium,Moderate Damage,88.1,Organic,True,10.43,12.39,38.71,0.96,6.24,1.1,2.04,0.1,5.17,15.51,True,Medium,Facility D,True,True,1.0,Resell
CON-103254,Crate,Wood,21.81,5,13,Medium,Minor Damage,92.49,None,True,17.52,14.43,71.9,0.0,10.45,3.12,6.25,0.44,3.49,10.47,False,Medium,Facility D,True,False,1.0,Resell
CON-103255,Drum,Metal,29.22,42,99,None,Safe,71.49,None,False,0.0,32.18,42.75,14.36,12.3,6.51,8.1,0.58,64.28,192.84,True,Low,Hub B,True,True,1.0,Resell
CON-103256,Drum,Metal,32.81,47,33,Medium,Minor Damage,90.13,None,True,27.26,22.78,53.39,15.72,13.2,4.44,9.0,0.66,72.19,216.58,True,Medium,Warehouse A,True,True,1.0,Resell
CON-103257,Pallet,Wood,16.9,33,64,Medium,Minor Damage,86.43,None,True,8.28,15.93,25.78,0.0,9.22,2.53,5.02,0.34,2.7,8.11,False,Medium,Warehouse A,True,True,1.0,Resell
CON-103258,Box,Plastic,7.0,12,41,Medium,Moderate Damage,74.75,None,True,3.26,10.14,11.27,1.38,6.75,1.34,2.55,0.14,7.28,21.85,True,Medium,Warehouse A,True,True,1.0,Resell
CON-103259,Box,Plastic,6.44,14,10,Critical,Unsafe,86.89,None,True,10.65,5.22,0.0,1.35,6.61,3.77,2.41,0.13,6.7,20.11,True,High,Terminal E,False,False,1.0,Recycle
CON-103260,Drum,Plastic,4.84,28,51,Low,Minor Damage,70.38,None,False,5.44,27.54,70.71,0.91,6.21,3.58,2.01,0.1,5.03,15.09,True,Low,Warehouse A,True,True,0.64,Manual_Review
CON-103261,Crate,Metal,25.58,30,57,High,Moderate Damage,86.65,None,True,36.57,19.7,49.49,11.8,11.39,4.57,7.19,0.51,56.27,168.82,True,Medium,Depot C,True,True,1.0,Resell
CON-103262,Pallet,Plastic,6.83,17,19,None,Safe,77.71,Hazardous,False,0.0,12.74,0.0,0.0,40.25,3.82,2.51,0.14,7.1,21.31,False,High,Warehouse A,False,True,1.0,Dispose
CON-103263,Drum,Plastic,4.83,17,57,None,Safe,83.0,None,False,0.0,26.25,82.79,0.91,6.21,3.58,2.01,0.1,5.02,15.05,True,Low,Warehouse A,False,True,1.0,Resell
CON-103264,Pallet,Wood,19.51,21,56,Low,Minor Damage,79.17,None,False,2.18,16.22,35.42,0.0,9.88,5.34,5.68,0.39,3.12,9.36,False,Low,Warehouse A,False,True,1.0,Resell
CON-103265,Tote,Plastic,5.56,15,44,Low,Minor Damage,90.03,Organic,False,2.34,11.9,31.53,1.13,6.39,3.67,2.19,0.11,5.78,17.35,True,Low,Terminal E,True,True,1.0,Resell
CON-103266,Box,Plastic,6.65,2,5,High,Moderate Damage,94.06,None,True,7.09,3.64,15.19,1.45,6.66,2.3,2.46,0.13,6.92,20.76,True,Medium,Warehouse A,True,True,1.0,Resell
CON-103267,Crate,Metal,24.92,46,104,Low,Minor Damage,60.52,None,False,3.62,28.32,28.16,11.69,11.23,5.99,7.03,0.5,54.83,164.49,True,Low,Depot C,True,True,1.0,Resell
CON-103268,Pallet,Plastic,5.38,60,157,High,Unsafe,43.4,Organic,True,22.94,31.69,0.0,1.16,6.35,2.15,2.15,0.11,5.6,16.79,True,High,Warehouse A,True,True,1.0,Recycle
CON-103269,Pallet,Wood,21.59,30,28,Low,Minor Damage,88.73,None,False,2.49,11.99,33.72,0.0,10.4,5.59,6.2,0.43,3.45,10.36,False,Low,Facility D,True,True,1.0,Resell
CON-103270,Box,Plastic,4.81,45,142,Low,Minor Damage,42.78,None,False,0.84,25.03,3.99,0.99,6.2,3.58,2.0,0.1,5.0,15.0,True,Low,Warehouse A,True,True,1.0,Resell
CON-103271,Crate,Plastic,6.18,4,8,High,Moderate Damage,74.66,None,True,40.73,16.6,73.79,1.21,6.55,2.24,2.35,0.12,6.43,19.29,True,Medium,Hub B,True,True,1.0,Resell
CON-103272,Pallet,Plastic,6.56,44,40,Low,Minor Damage,90.26,None,False,2.92,12.96,24.87,1.29,6.64,3.79,2.44,0.13,6.82,20.47,True,Low,Terminal E,False,True,1.0,Resell
CON-103273,Box,Plastic,4.8,16,37,Low,Safe,72.85,None,False,0.9,10.02,11.88,0.94,6.2,3.58,2.0,0.1,5.0,14.99,True,Low,Facility D,True,True,0.71,Manual_Review
CON-103274,Pallet,Wood,17.75,38,86,None,Safe,81.48,None,False,0.0,18.88,21.91,0.0,9.44,5.13,5.24,0.35,2.84,8.52,False,Low,Facility D,False,True,0.79,Manual_Review
CON-103275,Crate,Wood,20.21,2,4,None,Safe,74.26,None,False,0.0,16.26,70.74,0.0,10.05,5.43,5.85,0.4,3.23,9.7,False,Low,Terminal E,True,False,1.0,Resell
CON-103276,Tote,Plastic,5.67,45,118,High,Moderate Damage,65.86,None,True,17.07,22.92,13.76,1.12,6.42,2.18,2.22,0.11,5.89,17.68,True,Medium,Depot C,True,True,1.0,Resell
CON-103277,Box,Cardboard,1.36,27,18,Medium,Minor Damage,85.25,None,True,3.12,6.26,10.82,0.11,5.34,0.66,1.14,0.03,0.54,1.63,True,Medium,Terminal E,True,True,1.0,Resell
CON-103278,Tote,Plastic,6.58,58,83,Low,Safe,71.01,None,False,2.09,18.65,10.2,1.25,6.65,3.79,2.45,0.13,6.84,20.53,True,Low,Warehouse A,False,True,1.0,Resell
CON-103279,Box,Cardboard,1.66,28,50,Medium,Moderate Damage,89.3,Chemical,True,3.2,8.85,9.66,0.12,13.54,0.7,1.22,0.03,0.66,1.99,True,Medium,Hub B,False,True,1.0,Resell
CON-103280,Box,Plastic,6.76,23,55,Low,Safe,62.21,None,False,0.62,13.42,10.14,1.36,6.69,3.81,2.49,0.14,7.04,21.11,True,Low,Terminal E,False,True,1.0,Resell
CON-103281,Box,Cardboard,1.45,19,41,None,Safe,66.29,None,False,0.0,11.41,11.76,0.12,5.36,3.17,1.16,0.03,0.58,1.75,True,Low,Depot C,True,True,1.0,Resell
CON-103282,Pallet,Plastic,6.39,32,43,None,Safe,76.51,None,False,0.0,15.32,29.81,1.19,6.6,3.77,2.4,0.13,6.64,19.93,True,Low,Facility D,True,True,1.0,Resell
CON-103283,Box,Cardboard,1.2,41,38,Low,Safe,77.32,None,False,0.68,9.45,8.25,0.09,5.3,3.14,1.1,0.02,0.48,1.44,True,Low,Facility D,True,False,1.0,Resell
CON-103284,Drum,Plastic,5.97,34,71,Low,,82.39,None,False,5.0,27.74,60.92,1.08,6.49,3.72,2.29,0.12,6.21,18.64,True,Low,Facility D,True,True,1.0,Resell
CON-103285,Crate,Wood,22.27,19,51,Medium,Moderate Damage,68.27,None,True,16.94,21.86,55.89,0.0,10.57,3.17,6.37,0.45,3.56,10.69,False,Medium,Hub B,True,True,1.0,Resell
CON-103286,Pallet,Plastic,5.05,22,28,None,Safe,89.32,Organic,False,0.0,11.9,35.34,1.06,6.26,3.61,2.06,0.1,5.25,15.76,True,Low,Hub B,True,True,1.0,Resell
CON-103287,Pallet,Wood,21.66,38,55,None,Safe,61.9,None,False,0.0,18.71,27.41,0.0,10.41,5.6,6.21,0.43,3.47,10.4,False,Low,Terminal E,True,True,1.0,Resell
CON-103288,Crate,Plastic,5.26,39,132,Critical,Unsafe,68.31,None,True,69.54,29.95,0.0,1.03,6.31,3.63,2.11,0.11,5.47,16.4,True,High,Depot C,True,True,1.0,Recycle
CON-103289,Pallet,Plastic,6.97,25,70,Low,Safe,67.39,None,False,2.51,19.39,32.61,1.38,6.74,3.84,2.54,0.14,7.25,21.75,True,Low,Hub B,False,False,1.0,Resell
CON-103290,Pallet,Wood,20.23,14,34,Medium,Minor Damage,71.89,Chemical,True,8.63,15.12,35.77,0.0,25.14,2.93,5.86,0.4,3.24,9.71,False,Medium,Terminal E,True,True,1.0,Resell
CON-103291,Pallet,Wood,18.36,47,157,High,Moderate Damage,59.08,None,True,26.08,29.34,11.43,0.0,9.59,3.7,5.39,0.37,2.94,8.81,False,Medium,Hub B,True,True,1.0,Resell
CON-103292,Tote,Plastic,4.91,2,3,Low,Minor Damage,73.19,None,False,2.1,10.32,39.0,0.98,6.23,3.59,2.03,0.1,5.1,15.31,True,Low,Hub B,True,True,1.0,Resell
CON-103293,Crate,Metal,25.57,37,42,Low,Minor Damage,84.08,None,False,3.27,18.59,44.89,13.19,11.39,6.07,7.19,0.51,56.25,168.76,True,Low,Depot C,True,True,1.0,Resell
CON-103294,Tote,Plastic,5.26,57,183,Low,Minor Damage,52.09,None,False,1.91,31.49,4.36,1.11,6.32,3.63,2.12,0.11,5.48,16.43,True,Low,Terminal E,True,True,1.0,Resell
CON-103295,Box,Cardboard,1.56,26,74,Medium,Minor Damage,79.7,None,True,3.47,12.69,8.98,0.13,5.39,0.69,1.19,0.03,0.63,1.88,True,Medium,Depot C,True,True,1.0,Resell
CON-103296,Tote,Plastic,6.28,51,70,Low,Minor Damage,70.51,Organic,False,1.66,17.42,15.24,1.15,6.57,3.75,2.37,0.13,6.53,19.6,True,Low,Hub B,True,True,1.0,Resell
CON-103297,Tote,Plastic,6.25,42,114,High,Unsafe,,None,True,15.9,22.05,0.0,1.32,6.56,2.25,2.36,0.12,6.5,19.49,True,High,Terminal E,True,True,1.0,Recycle
CON-103298,Crate,Wood,23.07,2,3,None,Safe,92.73,None,False,0.0,13.39,83.28,0.0,10.77,5.77,6.57,0.46,3.69,11.07,False,Low,Warehouse A,True,False,1.0,Resell
CON-103299,Box,Plastic,6.02,29,53,High,Unsafe,79.38,None,True,6.27,10.64,0.0,1.32,6.51,2.22,2.31,0.12,6.26,18.78,True,High,Depot C,False,True,1.0,Recycle
CON-103300,Pallet,Plastic,6.86,14,16,Low,Minor Damage,94.76,None,False,2.25,9.89,38.76,1.31,6.72,3.82,2.52,0.14,7.14,21.41,True,Low,Depot C,True,True,1.0,Resell
CON-103301,Crate,Plastic,5.8,5,12,None,Safe,68.78,None,False,0.0,17.88,70.59,1.1,6.45,3.7,2.25,0.12,6.03,18.09,True,Low,Depot C,True,True,1.0,Resell
CON-103302,Drum,Plastic,6.59,31,34,Low,Minor Damage,91.15,None,False,5.74,22.73,80.17,1.21,6.65,3.79,2.45,0.13,6.85,20.55,True,Low,Depot C,True,False,1.0,Resell
CON-103303,Box,Cardboard,1.7,38,36,None,Safe,72.5,None,False,0.0,9.97,8.7,0.15,5.42,3.2,1.22,0.03,0.68,2.03,True,Low,Depot C,False,True,1.0,Resell
CON-103304,Tote,Plastic,5.95,25,37,High,Moderate Damage,88.58,None,True,21.58,11.41,25.95,1.25,6.49,2.21,2.29,0.12,6.18,18.55,True,Medium,Depot C,True,True,1.0,Resell
CON-103305,Box,Cardboard,1.52,51,50,Medium,Moderate Damage,66.07,None,True,2.92,12.34,6.02,0.12,5.38,0.68,1.18,0.03,0.61,1.82,True,Medium,Terminal E,True,True,1.0,Resell
CON-103306,Drum,Plastic,6.63,22,55,Low,Minor Damage,88.58,None,False,6.2,25.21,84.89,1.45,6.66,3.8,2.46,0.13,6.89,20.68,True,Low,Terminal E,True,False,1.0,Resell
CON-103307,Crate,Wood,19.19,20,47,None,Safe,85.16,None,False,0.0,18.93,51.39,0.0,9.8,5.3,5.6,0.38,3.07,9.21,False,Low,Terminal E,True,True,1.0,Resell
CON-103308,Crate,Plastic,6.88,23,46,None,Safe,72.49,None,False,0.0,20.73,59.43,1.43,6.72,3.83,2.52,0.14,7.15,21.46,True,Low,Warehouse A,True,False,1.0,Resell
CON-103309,Tote,Plastic,6.8,4,5,Low,Safe,83.66,None,False,2.18,8.95,36.72,1.46,6.7,3.82,2.5,0.14,7.08,21.23,True,Low,Terminal E,False,True,1.0,Resell
CON-103310,Tote,Plastic,5.45,42,119,Low,Safe,75.46,None,False,2.1,21.58,14.56,1.13,6.36,3.65,2.16,0.11,5.67,17.01,True,Low,Hub B,True,True,1.0,Resell
CON-103311,Crate,Wood,17.25,58,202,Medium,Moderate Damage,35.0,None,True,12.85,41.95,8.06,0.0,9.31,2.57,5.11,0.34,2.76,8.28,False,Medium,Facility D,False,False,1.0,Resell
CON-103312,Tote,Plastic,6.09,29,49,Medium,Moderate Damage,62.06,None,True,6.93,16.59,22.88,1.2,6.52,1.23,2.32,0.12,6.34,19.01,True,Medium,Facility D,True,True,1.0,Resell
CON-103313,Pallet,Plastic,6.68,35,26,Medium,Moderate Damage,91.12,None,True,8.63,11.43,32.19,1.4,6.67,1.3,2.47,0.13,6.94,20.83,True,Medium,Hub B,False,True,1.0,Resell
CON-103314,Tote,Plastic,5.27,19,10,Low,Safe,70.83,None,False,2.27,11.38,32.04,1.03,6.32,3.63,2.12,0.11,5.48,16.45,True,Low,Facility D,True,True,1.0,Resell
CON-103315,Drum,Plastic,5.95,60,100,Medium,Minor Damage,64.93,None,True,23.66,33.26,22.46,1.3,6.49,1.21,2.29,0.12,6.19,18.57,True,Medium,Hub B,True,True,1.0,Resell
CON-103316,Tote,Plastic,5.86,44,82,Medium,Moderate Damage,58.34,None,True,7.26,20.45,14.55,1.21,6.46,1.2,2.26,0.12,6.09,18.27,True,Medium,Depot C,False,False,1.0,Resell
CON-103317,Crate,Metal,26.07,21,73,Medium,Minor Damage,55.97,None,True,16.77,25.9,46.63,12.49,11.52,3.63,7.32,0.52,57.35,172.06,True,Medium,Warehouse A,True,True,1.0,Resell
CON-103318,Pallet,Plastic,5.95,56,165,Critical,Unsafe,38.08,None,True,39.35,33.29,0.0,1.31,6.49,3.71,2.29,0.12,6.19,18.56,True,High,Hub B,True,False,1.0,Recycle
CON-103319,Tote,Plastic,5.0,6,17,None,Safe,83.07,None,False,0.0,10.24,32.8,0.99,6.25,3.6,2.05,0.1,5.2,15.61,True,Low,Facility D,True,True,1.0,Resell
CON-103320,Drum,Plastic,5.55,36,39,Medium,Moderate Damage,65.51,None,True,22.29,27.07,62.87,1.0,6.39,1.17,2.19,0.11,5.77,17.32,True,Medium,Hub B,True,True,1.0,Resell
CON-103321,Pallet,Wood,16.26,11,16,Low,Minor Damage,75.86,Organic,False,2.77,12.72,42.48,0.0,9.07,4.95,4.87,0.33,2.6,7.81,False,Low,Terminal E,True,True,1.0,Resell
CON-103322,Crate,Metal,33.16,49,90,Low,Safe,75.03,None,False,3.97,24.75,27.47,16.11,13.29,6.98,9.09,0.66,72.94,218.83,True,Low,Terminal E,True,True,1.0,Resell
CON-103323,Box,Plastic,6.72,14,20,Medium,Moderate Damage,84.35,Organic,True,2.63,6.6,13.32,1.32,6.68,1.31,2.48,0.13,6.99,20.98,True,Medium,Facility D,True,True,1.0,Resell
CON-103324,Crate,Metal,27.74,20,63,Medium,Minor Damage,86.49,Organic,True,18.91,20.33,52.88,14.57,11.94,3.83,7.74,0.55,61.03,183.1,True,Medium,Facility D,False,True,1.0,Resell
CON-103325,Drum,Metal,27.3,56,194,Low,Minor Damage,56.8,Organic,False,5.14,43.88,12.26,12.49,11.82,6.28,7.62,0.55,60.05,180.16,True,Low,Terminal E,True,True,1.0,Resell
CON-103326,Crate,Wood,19.45,43,83,Low,Safe,81.61,None,False,3.53,23.06,32.83,0.0,9.86,5.33,5.66,0.39,3.11,9.33,False,Low,Facility D,True,True,1.0,Resell
CON-103327,Pallet,Wood,21.79,40,80,Low,Safe,80.85,None,False,2.78,18.37,23.71,0.0,10.45,5.61,6.25,0.44,3.49,10.46,False,Low,Depot C,True,True,1.0,Resell
CON-103328,Drum,Metal,32.68,25,50,None,Safe,88.86,None,False,0.0,24.67,81.55,17.5,13.17,6.92,8.97,0.65,71.89,215.67,True,Low,Warehouse A,True,True,1.0,Resell
CON-103329,Box,Cardboard,1.27,56,179,Low,Safe,36.67,None,False,0.87,29.65,1.47,0.1,5.32,3.15,1.12,0.03,0.51,1.53,True,Low,Hub B,True,True,1.0,Resell
CON-103330,Crate,Plastic,6.18,40,95,Medium,Minor Damage,63.66,None,True,15.83,26.95,34.5,1.29,6.54,1.24,2.34,0.12,6.43,19.28,True,Medium,Warehouse A,False,False,1.0,Resell
CON-103331,Box,Cardboard,1.43,5,9,None,Safe,88.69,None,False,0.0,4.85,14.54,0.11,5.36,3.17,1.16,0.03,0.57,1.71,True,Low,Depot C,True,False,1.0,Resell
CON-103332,Box,Cardboard,1.73,5,8,Medium,Minor Damage,95.18,None,True,3.47,3.77,12.84,0.15,5.43,0.71,1.23,0.03,0.69,2.08,True,Medium,Hub B,False,True,1.0,Resell
CON-103333,Tote,Plastic,5.67,55,189,Medium,Moderate Damage,35.35,None,True,6.8,34.6,3.99,1.02,6.42,1.18,2.22,0.11,5.9,17.7,True,Medium,Terminal E,False,True,1.0,Resell
CON-103334,Crate,Wood,22.43,51,29,None,Safe,88.83,None,False,0.0,16.58,36.43,0.0,10.61,5.69,6.41,0.45,3.59,10.77,False,Low,Facility D,True,True,1.0,Resell
CON-103335,Tote,Plastic,6.87,20,69,Low,Minor Damage,84.9,None,False,2.04,15.16,26.01,1.43,6.72,3.82,2.52,0.14,7.15,21.45,True,Low,Depot C,True,True,1.0,Resell
CON-103336,Pallet,Wood,21.74,3,9,None,Safe,75.5,None,False,0.0,12.08,49.24,0.0,10.43,5.61,6.23,0.43,3.48,10.44,False,Low,Depot C,True,True,1.0,Resell
CON-103337,Crate,Wood,20.53,41,20,None,Safe,75.19,Organic,False,0.0,17.72,46.77,0.0,10.13,5.46,5.93,0.41,3.29,9.86,False,Low,Facility D,False,True,1.0,Resell
CON-103338,Crate,Wood,16.58,33,106,High,Unsafe,58.51,None,True,34.25,28.82,0.0,0.0,9.15,3.49,4.95,0.33,2.65,7.96,False,High,Warehouse A,True,True,1.0,Dispose
CON-103339,Pallet,Wood,16.26,51,104,High,Moderate Damage,69.4,None,True,22.86,22.49,15.26,0.0,9.07,3.45,4.87,0.33,2.6,7.81,False,Medium,Depot C,False,False,1.0,Resell
CON-103340,Tote,Plastic,5.26,2,2,Low,Minor Damage,93.42,None,False,1.64,7.19,35.78,1.15,6.32,3.63,2.12,0.11,5.47,16.41,True,Low,Terminal E,False,False,1.0,Resell
CON-103341,Crate,Wood,21.54,30,37,Medium,Moderate Damage,64.18,None,True,14.01,21.07,45.85,0.0,10.38,3.08,6.18,0.43,3.45,10.34,False,Medium,Warehouse A,True,True,1.0,Resell
CON-103342,Box,Cardboard,1.35,55,144,High,Moderate Damage,56.37,None,True,5.5,23.19,2.2,0.1,5.34,1.66,1.14,0.03,0.54,1.61,True,Medium,Depot C,True,True,1.0,Resell
CON-103343,Pallet,Wood,21.32,33,108,Medium,Minor Damage,52.16,None,True,10.71,25.48,23.08,0.0,10.33,3.06,6.13,0.43,3.41,10.24,False,Medium,Hub B,True,True,1.0,Resell
CON-103344,Drum,Metal,27.88,24,43,Low,Minor Damage,83.33,None,False,6.39,24.8,87.95,14.54,11.97,6.35,7.77,0.56,61.33,184.0,True,Low,Terminal E,False,True,1.0,Resell
CON-103345,Tote,Plastic,6.39,8,11,Medium,Moderate Damage,94.56,None,True,6.75,7.92,38.12,1.17,6.6,1.27,2.4,0.13,6.64,19.93,True,Medium,Depot C,True,True,1.0,Resell
CON-103346,Tote,Plastic,6.6,60,166,High,Unsafe,42.4,None,True,17.19,31.24,0.0,1.4,6.65,2.29,2.45,0.13,6.86,20.59,True,High,Terminal E,True,False,1.0,Recycle
CON-103347,Box,Cardboard,1.25,11,28,Low,Safe,65.09,None,False,0.73,10.29,11.32,0.1,5.31,3.15,1.11,0.02,0.5,1.5,True,Low,Facility D,True,True,1.0,Resell
CON-103348,Drum,Metal,26.24,36,96,,Minor Damage,69.15,None,True,22.02,32.23,51.69,12.61,11.56,3.65,7.36,0.52,57.73,173.19,True,Medium,Facility D,True,True,1.0,Resell
CON-103349,Drum,Plastic,6.39,42,28,Medium,Minor Damage,79.03,None,True,26.21,23.95,69.12,1.35,6.6,1.27,2.4,0.13,6.65,19.94,True,Medium,Warehouse A,True,False,1.0,Resell
CON-103350,Crate,Wood,20.2,5,9,Low,Safe,86.28,None,False,3.91,14.96,72.05,0.0,10.05,5.42,5.85,0.4,3.23,9.69,False,Low,Hub B,True,True,1.0,Resell
CON-103351,Drum,Plastic,7.09,8,26,None,Safe,77.31,None,False,0.0,24.0,112.83,1.53,6.77,3.85,2.57,0.14,7.37,22.12,True,Low,Facility D,True,True,1.0,Resell
CON-103352,Crate,Metal,28.29,51,81,Medium,Moderate Damage,76.12,None,True,13.7,23.68,26.91,13.0,12.07,3.89,7.87,0.57,62.23,186.7,True,Medium,Hub B,True,False,1.0,Resell
CON-103353,Tote,Plastic,7.02,43,43,High,Moderate Damage,71.51,None,True,15.52,14.57,17.51,1.29,6.76,2.34,2.56,0.14,7.3,21.91,True,Medium,Facility D,True,True,1.0,Resell
CON-103354,Pallet,Plastic,5.15,20,47,Low,Minor Damage,75.13,Organic,False,2.99,15.93,32.56,0.95,6.29,3.62,2.09,0.1,5.36,16.07,True,Low,Depot C,False,True,1.0,Resell
CON-103355,Pallet,Wood,23.07,18,54,None,Safe,88.73,None,False,0.0,14.59,32.86,0.0,10.77,5.77,6.57,0.46,3.69,11.07,False,Low,Hub B,True,True,1.0,Resell
CON-103356,Pallet,Wood,18.26,30,72,,Minor Damage,56.66,None,True,10.66,21.2,27.08,0.0,9.56,2.69,5.36,0.37,2.92,8.76,False,Medium,Terminal E,True,True,1.0,Resell
CON-103357,Box,Cardboard,1.46,48,68,High,Unsafe,74.41,None,True,6.68,12.89,0.0,0.12,5.36,1.67,1.16,0.03,0.58,1.75,True,High,Terminal E,False,True,1.0,Recycle
CON-103358,Tote,Plastic,6.36,20,14,None,Safe,86.77,None,False,0.0,9.38,33.07,1.32,6.59,3.76,2.39,0.13,6.61,19.83,True,Low,Depot C,False,True,1.0,Resell
CON-103359,Drum,Metal,26.61,27,54,Low,Safe,75.91,None,False,6.28,27.01,80.77,12.73,11.65,6.19,7.45,0.53,58.55,175.65,True,Low,Depot C,True,True,1.0,Resell
CON-103360,Box,Cardboard,1.29,54,154,High,Unsafe,44.76,None,True,7.38,25.94,0.0,0.1,5.32,1.65,1.12,0.03,0.51,1.54,True,High,Depot C,True,True,1.0,Recycle
CON-103361,Pallet,Wood,22.11,6,17,Medium,Minor Damage,90.23,None,True,11.91,10.66,44.45,0.0,10.53,3.15,6.33,0.44,3.54,10.61,False,Medium,Warehouse A,False,True,1.0,Resell
CON-103362,Drum,Plastic,6.43,59,184,High,Unsafe,62.01,None,True,56.24,42.1,0.0,1.29,6.61,2.27,2.41,0.13,6.68,20.05,True,High,Terminal E,True,True,1.0,Recycle
CON-103363,Box,Plastic,5.99,58,107,Medium,Minor Damage,61.11,None,True,2.99,18.78,3.35,1.15,6.5,1.22,2.3,0.12,6.23,18.68,True,Medium,Depot C,False,True,1.0,Resell
CON-103364,Pallet,Plastic,6.89,47,142,Critical,Unsafe,47.69,None,True,50.66,29.55,0.0,1.44,6.72,3.83,2.52,0.14,7.16,21.49,True,High,Terminal E,True,True,1.0,Recycle
CON-103365,Crate,Plastic,6.35,32,49,Low,Safe,74.63,None,False,4.23,20.71,42.12,1.26,6.59,3.76,2.39,0.13,6.61,19.82,True,Low,Warehouse A,True,True,1.0,Resell
CON-103366,Crate,Wood,16.48,47,92,High,Unsafe,58.38,None,True,31.25,27.44,0.0,0.0,9.12,3.48,4.92,0.33,2.64,7.91,False,High,Depot C,True,True,1.0,Dispose
CON-103367,Pallet,Plastic,5.74,4,5,None,Safe,75.43,None,False,0.0,11.69,49.73,1.06,6.43,3.69,2.23,0.11,5.96,17.89,True,Low,Terminal E,True,True,1.0,Resell
CON-103368,Drum,Plastic,6.35,19,56,High,Unsafe,80.15,None,True,64.2,26.58,0.0,1.33,6.59,2.26,2.39,0.13,6.6,19.8,True,High,Depot C,True,True,1.0,Recycle
CON-103369,Pallet,Wood,21.12,54,157,Medium,Minor Damage,59.07,Chemical,True,11.42,29.34,7.29,0.0,25.7,3.03,6.08,0.42,3.38,10.14,False,Medium,Warehouse A,True,True,1.0,Resell
CON-103370,Crate,Plastic,6.39,39,72,Low,Safe,63.88,None,False,4.35,24.62,38.03,1.27,6.6,3.77,2.4,0.13,6.64,19.93,True,Low,Facility D,True,True,1.0,Resell
CON-103371,Pallet,Wood,23.93,5,9,Low,Safe,74.91,Organic,False,2.15,12.16,44.38,0.0,10.98,5.87,6.78,0.48,3.83,11.49,False,Low,Hub B,True,False,1.0,Resell
CON-103372,Tote,Plastic,5.72,45,39,Low,Safe,81.2,Hazardous,False,2.12,12.72,0.0,0.0,38.57,3.69,2.23,0.11,5.95,17.84,False,High,Hub B,True,True,1.0,Dispose
CON-103373,Crate,Metal,30.38,28,40,Low,Minor Damage,82.76,None,False,4.61,18.59,47.67,14.49,12.6,6.65,8.4,0.61,66.84,200.52,True,Low,Facility D,True,True,1.0,Resell
CON-103374,Pallet,Wood,17.48,4,5,Critical,Unsafe,86.45,None,True,40.9,10.03,0.0,0.0,9.37,5.1,5.17,0.35,2.8,8.39,False,High,Facility D,True,True,1.0,Dispose
CON-103375,Box,Cardboard,1.63,33,62,Low,Safe,68.91,None,False,0.67,13.11,8.11,0.12,5.41,3.2,1.21,0.03,0.65,1.96,True,Low,Warehouse A,True,False,1.0,Resell
CON-103376,Box,Plastic,5.74,54,187,Medium,Minor Damage,38.92,None,True,3.28,30.11,1.37,1.13,6.43,1.19,2.23,0.11,5.96,17.89,True,Medium,Depot C,True,True,1.0,Resell
CON-103377,Box,Plastic,7.0,34,42,None,Safe,87.8,None,False,0.0,8.28,8.46,1.42,6.75,3.84,2.55,0.14,7.28,21.83,True,Low,Depot C,True,True,1.0,Resell
CON-103378,Box,Cardboard,1.22,37,60,High,Unsafe,65.6,None,True,7.96,13.41,0.0,0.1,5.3,1.65,1.1,0.02,0.49,1.46,True,High,Hub B,True,True,1.0,Recycle
CON-103379,Box,Plastic,5.56,39,63,Critical,Unsafe,60.68,None,True,11.92,14.45,0.0,1.1,6.39,3.67,2.19,0.11,5.78,17.34,True,High,Hub B,True,True,1.0,Recycle
CON-103380,Pallet,Plastic,6.96,12,7,None,Safe,71.54,None,False,0.0,12.47,40.85,1.47,6.74,3.83,2.54,0.14,7.24,21.71,True,Low,Warehouse A,False,True,1.0,Resell
CON-103381,Drum,Plastic,6.28,39,121,Low,Safe,53.78,None,False,5.5,37.03,44.04,1.27,6.57,3.75,2.37,0.13,6.53,19.6,True,Low,Facility D,True,True,1.0,Resell
CON-103382,Drum,Plastic,7.09,58,116,High,Moderate Damage,73.26,Organic,True,47.66,33.61,20.59,1.46,6.77,2.35,2.57,0.14,7.38,22.13,True,Medium,Hub B,True,True,1.0,Resell
CON-103383,Pallet,Wood,17.68,32,48,High,Unsafe,81.8,None,True,18.27,15.03,0.0,0.0,9.42,3.62,5.22,0.35,2.83,8.49,False,High,Hub B,True,True,1.0,Dispose
CON-103384,Tote,Plastic,6.12,27,16,Medium,Minor Damage,69.01,None,True,7.74,12.25,29.11,1.2,6.53,1.23,2.33,0.12,6.36,19.09,True,Medium,Depot C,True,True,1.0,Resell
CON-103385,Pallet,Plastic,4.93,8,25,None,Safe,74.89,Organic,False,0.0,13.77,39.82,0.96,6.23,3.59,2.03,0.1,5.13,15.39,True,Low,Warehouse A,True,True,1.0,Resell
CON-103386,Pallet,Plastic,6.39,42,102,High,Unsafe,71.69,None,True,24.73,21.95,0.0,1.34,6.6,2.27,2.4,0.13,6.64,19.93,True,High,Depot C,True,True,1.0,Recycle
CON-103387,Box,Cardboard,1.57,27,50,Low,Safe,80.1,None,False,0.72,10.24,8.89,0.13,5.39,3.19,1.19,0.03,0.63,1.88,True,Low,Hub B,True,True,1.0,Resell
CON-103388,Crate,Plastic,6.4,50,73,Medium,Moderate Damage,85.11,None,True,18.54,21.53,28.53,1.24,6.6,1.27,2.4,0.13,6.66,19.97,True,Medium,Warehouse A,True,False,1.0,Resell
CON-103389,Crate,Plastic,6.56,12,37,Critical,Unsafe,78.04,None,True,57.54,18.99,0.0,1.39,6.64,3.79,2.44,0.13,6.82,20.46,True,High,Terminal E,True,True,1.0,Recycle
CON-103390,Tote,Plastic,6.44,12,34,None,Safe,,None,False,0.0,12.24,31.12,1.19,6.61,3.77,2.41,0.13,6.69,20.08,True,Low,Hub B,True,False,1.0,Resell
CON-103391,Tote,Plastic,4.97,29,43,Low,Minor Damage,62.4,None,False,1.99,15.94,24.41,0.97,6.24,3.6,2.04,0.1,5.17,15.51,True,Low,Facility D,True,True,1.0,Resell
CON-103392,Crate,Metal,34.78,34,116,High,Moderate Damage,63.72,Organic,True,37.23,29.04,30.91,16.4,13.69,5.67,9.49,0.7,76.51,229.53,True,Medium,Depot C,True,False,1.0,Resell
CON-103393,Pallet,Plastic,6.03,26,79,High,Moderate Damage,73.65,None,True,19.64,19.35,29.88,1.18,6.51,2.22,2.31,0.12,6.27,18.8,True,Medium,Terminal E,False,True,1.0,Resell
CON-103394,Box,Plastic,6.21,27,40,Medium,Minor Damage,91.24,None,True,2.57,7.56,9.14,1.37,6.55,1.25,2.35,0.12,6.46,19.39,True,Medium,Warehouse A,True,True,1.0,Recycle
CON-103395,Box,Cardboard,1.54,16,50,Medium,Moderate Damage,65.95,None,True,3.22,12.36,10.58,0.12,5.38,0.68,1.18,0.03,0.61,1.84,True,Medium,Facility D,True,True,1.0,Resell
CON-103396,Tote,Plastic,6.19,41,38,None,Safe,62.72,None,False,0.0,15.39,21.4,1.27,6.55,3.74,2.35,0.12,6.44,19.31,True,Low,Terminal E,True,True,1.0,Resell
CON-103397,Pallet,Wood,21.83,49,60,Medium,Moderate Damage,66.07,None,True,10.04,18.59,20.95,0.0,10.46,3.12,6.26,0.44,3.49,10.48,False,Medium,Hub B,True,True,1.0,Resell
CON-103398,Tote,Plastic,6.68,40,119,Critical,Unsafe,57.28,None,True,39.71,24.31,0.0,1.38,6.67,3.8,2.47,0.13,6.94,20.83,True,High,Warehouse A,True,False,1.0,Recycle
CON-103399,Box,Plastic,4.85,14,16,None,Safe,83.67,None,False,0.0,6.3,13.65,1.02,6.21,3.58,2.01,0.1,5.04,15.12,True,Low,Depot C,True,True,1.0,Resell
CON-103400,Pallet,Plastic,5.97,52,46,None,Safe,85.42,None,False,0.0,14.29,20.94,1.1,6.49,3.72,2.29,0.12,6.21,18.63,True,Low,Depot C,True,True,1.0,Resell
CON-103401,Box,Plastic,6.28,38,40,None,Safe,75.0,None,False,0.0,10.0,8.76,1.19,6.57,3.75,2.37,0.13,6.54,19.61,True,Low,Warehouse A,True,True,1.0,Resell
CON-103402,Box,Plastic,4.81,26,26,Low,Minor Damage,69.8,None,False,0.86,9.38,10.9,0.91,6.2,3.58,2.0,0.1,5.0,15.01,True,Low,Terminal E,False,True,1.0,Refurbish
CON-103403,Drum,Plastic,6.83,42,93,Medium,Moderate Damage,59.08,None,True,23.8,33.44,51.13,1.5,6.71,1.32,2.51,0.14,7.1,21.29,True,Medium,Warehouse A,True,True,1.0,Resell
CON-103404,Box,Plastic,5.17,48,106,Medium,Minor Damage,62.68,None,True,2.8,18.45,5.06,1.01,6.29,1.12,2.09,0.1,5.38,16.14,True,Medium,Warehouse A,False,True,1.0,Resell
CON-103405,Tote,Plastic,7.19,51,35,Medium,Moderate Damage,79.26,None,True,7.75,12.61,17.6,1.55,6.8,1.36,2.6,0.14,7.48,22.44,True,Medium,Depot C,True,False,1.0,Resell
CON-103406,Tote,Plastic,5.77,48,50,None,Safe,78.65,None,False,0.0,14.2,18.42,1.17,6.44,3.69,2.24,0.12,6.01,18.02,True,Low,Terminal E,True,True,1.0,Resell
CON-103407,Box,Plastic,5.27,44,55,Medium,Minor Damage,80.1,None,True,2.9,10.74,6.21,1.04,6.32,1.13,2.12,0.11,5.48,16.45,True,Medium,Warehouse A,False,True,1.0,Resell
CON-103408,Crate,Wood,17.45,7,21,None,Safe,91.86,Chemical,False,0.0,15.32,73.11,0.0,23.41,5.09,5.16,0.35,2.79,8.38,False,Medium,Terminal E,False,True,1.0,Resell
CON-103409,Tote,Plastic,7.0,17,31,Medium,Minor Damage,80.19,None,True,8.52,12.07,28.27,1.43,6.75,1.34,2.55,0.14,7.28,21.84,True,Medium,Depot C,True,False,1.0,Resell
CON-103410,Pallet,Wood,17.35,7,4,Low,Minor Damage,92.98,None,False,2.09,8.95,50.3,0.0,9.34,5.08,5.14,0.35,2.78,8.33,False,Low,Hub B,True,True,1.0,Resell
CON-103411,Crate,Wood,16.52,29,98,Critical,Unsafe,53.59,Chemical,True,79.69,28.76,0.0,0.0,22.83,4.98,4.93,0.33,2.64,7.93,False,High,Hub B,True,True,1.0,Dispose
CON-103412,Box,Plastic,6.89,56,194,Medium,Minor Damage,33.1,None,True,3.53,31.69,1.54,1.29,6.72,1.33,2.52,0.14,7.17,21.5,True,Medium,Depot C,True,True,1.0,Resell
CON-103413,Pallet,Wood,16.26,60,127,Low,Minor Damage,64.37,None,False,2.04,25.54,7.37,0.0,9.07,4.95,4.87,0.33,2.6,7.81,False,Low,Terminal E,True,True,1.0,Resell
CON-103414,Drum,Metal,33.08,43,104,High,Moderate Damage,66.38,None,True,63.53,33.44,40.63,16.86,13.27,5.47,9.07,0.66,72.77,218.32,True,Medium,Hub B,True,True,1.0,Resell
CON-103415,Crate,Wood,17.6,59,121,Critical,Unsafe,72.47,None,True,67.07,28.23,0.0,0.0,9.4,5.11,5.2,0.35,2.82,8.45,False,High,Depot C,False,True,1.0,Dispose
CON-103416,Drum,Metal,27.82,16,18,Low,Safe,81.88,Organic,False,6.47,22.52,99.73,13.18,11.96,6.34,7.76,0.56,61.21,183.64,True,Low,Facility D,True,True,1.0,Resell
CON-103417,Box,Plastic,6.25,59,180,Critical,Unsafe,39.86,None,True,12.51,29.27,0.0,1.26,6.56,3.75,2.36,0.13,6.5,19.51,True,High,Terminal E,True,True,1.0,Recycle
CON-103418,Drum,Plastic,5.14,39,69,Low,Safe,60.58,None,False,6.13,30.81,54.07,0.96,6.28,3.62,2.08,0.1,5.34,16.03,True,Low,Hub B,True,False,1.0,Resell
CON-103419,Drum,Plastic,6.12,57,136,Low,Minor Damage,50.5,Chemical,False,5.72,39.03,20.61,1.17,16.33,3.73,2.33,0.12,6.37,19.11,True,Medium,Depot C,True,True,1.0,Resell
CON-103420,Crate,Plastic,5.39,8,14,High,Unsafe,87.41,None,True,34.43,15.29,0.0,0.99,6.35,2.15,2.15,0.11,5.61,16.82,True,High,Warehouse A,True,True,1.0,Recycle
CON-103421,Crate,Wood,17.81,56,106,Low,Minor Damage,64.5,None,False,3.9,27.93,17.44,0.0,9.45,5.14,5.25,0.36,2.85,8.55,False,Low,Terminal E,True,False,1.0,Resell
CON-103422,Crate,Metal,33.03,40,62,High,Moderate Damage,75.34,None,True,31.94,21.9,39.84,15.95,13.26,5.46,9.06,0.66,72.66,217.99,True,Medium,Depot C,True,False,1.0,Resell
CON-103423,Box,Cardboard,1.29,40,139,Medium,,56.85,None,True,3.43,22.62,5.21,0.1,5.32,0.65,1.12,0.03,0.52,1.55,True,Medium,Depot C,True,False,1.0,Resell
CON-103424,Drum,Plastic,5.78,33,52,Medium,Moderate Damage,68.49,None,True,20.62,27.93,70.06,1.12,6.45,1.19,2.25,0.12,6.01,18.04,True,Medium,Depot C,True,True,1.0,Resell
CON-103425,Drum,Metal,30.03,7,5,None,Safe,70.05,Chemical,False,0.0,22.99,109.01,16.1,31.27,6.6,8.31,0.6,66.07,198.21,True,Medium,Depot C,True,True,1.0,Resell
CON-103426,Crate,Wood,19.4,37,76,High,Unsafe,69.72,None,True,37.54,24.14,0.0,0.0,9.85,3.83,5.65,0.39,3.1,9.31,False,High,Terminal E,False,True,1.0,Dispose
CON-103427,Box,Plastic,6.49,34,51,None,Safe,86.16,None,False,0.0,9.43,8.5,1.35,6.62,3.78,2.42,0.13,6.75,20.25,True,Low,Terminal E,True,True,1.0,Resell
CON-103428,Box,Plastic,5.18,5,7,Low,Minor Damage,76.93,None,False,0.61,6.41,15.38,1.02,6.3,3.62,2.1,0.1,5.39,16.17,True,Low,Facility D,True,True,1.0,Resell
CON-103429,Crate,Plastic,5.43,20,11,High,Unsafe,93.03,None,True,35.78,14.14,0.0,1.13,6.36,2.15,2.16,0.11,5.65,16.94,True,High,Warehouse A,True,True,1.0,Recycle
CON-103430,Drum,Plastic,5.71,53,153,Low,Safe,67.9,Organic,False,7.12,38.11,19.49,1.23,6.43,3.69,2.23,0.11,5.94,17.82,True,Low,Terminal E,False,True,1.0,Resell
CON-103431,Tote,Plastic,5.75,42,65,Critical,Unsafe,68.36,None,True,33.83,17.25,0.0,1.22,6.44,3.69,2.24,0.11,5.98,17.94,True,High,Hub B,True,True,1.0,Recycle
CON-103432,Box,Plastic,5.08,48,33,Low,Safe,78.0,None,False,0.64,8.85,6.9,1.03,6.27,3.61,2.07,0.1,5.29,15.86,True,Low,Depot C,True,True,1.0,Dispose
CON-103433,Crate,Wood,16.51,48,37,None,Safe,84.9,None,False,0.0,17.97,36.92,0.0,9.13,4.98,4.93,0.33,2.64,7.93,False,Low,Facility D,True,False,1.0,Resell
CON-103434,Crate,Plastic,5.1,31,62,Medium,Minor Damage,80.03,Chemical,True,15.97,21.2,49.45,1.02,15.69,1.11,2.08,0.1,5.31,15.92,True,Medium,Depot C,True,True,1.0,Resell
CON-103435,Pallet,Plastic,5.36,14,41,Low,Safe,68.49,None,False,2.56,16.33,41.63,1.16,6.34,3.64,2.14,0.11,5.57,16.71,True,Low,Facility D,True,True,1.0,Resell
CON-103436,Crate,Metal,26.4,4,8,Low,Minor Damage,95.72,None,False,3.88,13.44,68.59,12.01,11.6,6.17,7.4,0.53,58.08,174.23,True,Low,Depot C,True,False,1.0,Resell
CON-103437,Tote,Plastic,6.9,19,62,High,Moderate Damage,58.64,None,True,19.72,18.4,28.44,1.41,6.72,2.33,2.52,0.14,7.17,21.52,True,Medium,Hub B,True,True,1.0,Resell
CON-103438,Box,Plastic,5.07,47,138,Low,Safe,53.63,None,False,0.63,23.0,3.83,0.99,6.27,3.61,2.07,0.1,5.27,15.81,True,Low,Warehouse A,False,True,1.0,Resell
CON-103439,Box,Plastic,5.91,41,102,High,Moderate Damage,59.35,None,True,7.62,18.55,5.98,1.19,6.48,2.21,2.28,0.12,6.14,18.43,True,Medium,Warehouse A,True,True,1.0,Resell
CON-103440,Drum,Plastic,6.98,50,126,High,Unsafe,61.31,None,True,48.38,36.4,0.0,1.36,6.75,2.34,2.55,0.14,7.26,21.79,True,High,Depot C,True,True,1.0,Recycle
CON-103441,Tote,Plastic,5.64,59,167,Medium,Minor Damage,50.9,None,True,9.54,30.07,3.8,1.17,6.41,1.18,2.21,0.11,5.86,17.59,True,Medium,Hub B,True,True,1.0,Resell
CON-103442,Crate,Metal,25.73,15,10,High,Unsafe,79.31,Chemical,True,28.94,16.1,0.0,11.69,28.58,4.59,7.23,0.51,56.6,169.8,True,High,Warehouse A,True,False,1.0,Recycle
CON-103443,Drum,Metal,30.25,25,58,Low,Minor Damage,81.33,None,False,6.68,26.6,82.94,16.27,12.56,6.63,8.36,0.61,66.56,199.68,True,Low,Warehouse A,True,True,1.0,Resell
CON-103444,Pallet,Wood,23.36,12,22,None,Safe,71.0,None,False,0.0,14.05,45.55,0.0,10.84,5.8,6.64,0.47,3.74,11.21,False,Low,Depot C,True,True,1.0,Resell
CON-103445,Drum,Metal,26.83,36,57,Medium,Moderate Damage,66.86,Organic,True,19.46,28.67,66.14,12.08,11.71,3.72,7.51,0.54,59.02,177.05,True,Medium,Warehouse A,True,True,1.0,Resell
CON-103446,Crate,Plastic,6.23,1,1,High,Moderate Damage,88.81,None,True,40.66,13.78,83.76,1.26,6.56,2.25,2.36,0.12,6.48,19.43,True,Medium,Facility D,True,True,1.0,Resell
CON-103447,Drum,Plastic,5.59,40,26,Low,Minor Damage,71.48,Organic,False,6.31,24.88,69.02,1.22,6.4,3.67,2.2,0.11,5.81,17.43,True,Low,Terminal E,True,False,1.0,Resell
CON-103448,Pallet,Wood,16.05,18,14,Medium,,90.31,None,True,10.03,10.35,39.5,0.0,9.01,2.43,4.81,0.32,2.57,7.7,False,Medium,Warehouse A,True,True,1.0,Resell
CON-103449,Drum,Metal,31.15,53,158,Medium,Moderate Damage,38.59,None,True,20.3,43.01,19.9,15.36,12.79,4.24,8.59,0.62,68.52,205.56,True,Medium,Facility D,True,True,1.0,Resell
CON-103450,Pallet,Wood,21.62,51,53,Low,Minor Damage,86.3,None,False,2.44,14.86,18.77,0.0,10.4,5.59,6.2,0.43,3.46,10.38,False,Low,Terminal E,True,True,1.0,Resell
CON-103451,Drum,Metal,25.18,14,15,None,Safe,79.69,None,False,0.0,22.55,103.92,12.75,11.3,6.02,7.1,0.5,55.4,166.21,True,Low,Terminal E,True,True,1.0,Resell
CON-103452,Box,Cardboard,1.56,47,69,Low,Safe,68.7,None,False,0.69,13.85,6.16,0.12,5.39,3.19,1.19,0.03,0.62,1.87,True,Low,Depot C,False,True,1.0,Resell
CON-103453,Drum,Metal,33.06,49,106,Medium,Minor Damage,68.33,None,True,22.0,33.35,35.17,16.56,13.27,4.47,9.07,0.66,72.74,218.22,True,Medium,Terminal E,False,True,1.0,Resell
CON-103454,Tote,Plastic,6.96,21,53,High,Unsafe,67.71,None,True,18.44,16.14,0.0,1.49,6.74,2.33,2.54,0.14,7.24,21.71,True,High,Warehouse A,False,True,1.0,Recycle
CON-103455,Tote,Plastic,7.02,56,84,Medium,Minor Damage,71.98,Chemical,True,7.4,18.6,11.19,1.3,16.89,1.34,2.55,0.14,7.3,21.89,True,Medium,Depot C,False,False,1.0,Resell
CON-103456,Pallet,Plastic,5.43,40,79,Low,Minor Damage,82.81,None,False,2.05,17.98,23.11,1.15,6.36,3.65,2.16,0.11,5.65,16.94,True,Low,Facility D,False,True,1.0,Resell
CON-103457,Pallet,Wood,20.04,3,7,None,Safe,86.07,None,False,0.0,10.29,50.31,0.0,10.01,5.4,5.81,0.4,3.21,9.62,False,Low,Depot C,True,True,0.75,Manual_Review
CON-103458,Pallet,Plastic,5.22,12,33,None,Safe,76.57,Organic,False,0.0,14.31,38.05,1.11,6.3,3.63,2.1,0.1,5.43,16.28,True,Low,Depot C,True,True,1.0,Resell
CON-103459,Pallet,Plastic,5.71,21,70,Medium,Minor Damage,59.39,None,True,9.86,20.59,31.16,1.16,6.43,1.18,2.23,0.11,5.94,17.81,True,Medium,Facility D,True,True,1.0,Resell
CON-103460,Tote,Plastic,5.46,49,142,Critical,Unsafe,49.7,None,True,30.24,27.75,0.0,1.12,6.37,3.66,2.17,0.11,5.68,17.04,True,High,Hub B,True,False,1.0,Recycle
CON-103461,Crate,Metal,31.31,54,124,Medium,Minor Damage,62.2,None,True,18.84,30.07,16.44,16.98,12.83,4.26,8.63,0.63,68.88,206.64,True,Medium,Terminal E,True,True,1.0,Resell
CON-103462,Crate,Wood,17.04,1,2,Low,Safe,97.63,None,False,4.27,12.56,72.41,0.0,9.26,5.04,5.06,0.34,2.73,8.18,False,Low,Terminal E,False,True,1.0,Resell
CON-103463,Crate,Metal,29.08,14,24,Low,Safe,78.26,None,False,3.35,17.66,66.39,15.62,12.27,6.49,8.07,0.58,63.97,191.92,True,Low,Depot C,True,True,1.0,Resell
CON-103464,Tote,Plastic,6.32,7,16,Low,Minor Damage,69.8,None,False,1.65,12.13,39.24,1.35,6.58,3.76,2.38,0.13,6.58,19.73,True,Low,Depot C,False,True,1.0,Resell
CON-103465,Crate,Plastic,6.24,18,18,None,Safe,74.92,None,False,0.0,17.56,58.49,1.29,6.56,3.75,2.36,0.12,6.49,19.47,True,Low,Depot C,True,False,1.0,Resell
CON-103466,Drum,Plastic,5.45,3,8,Low,Minor Damage,93.18,None,False,6.49,19.82,110.56,1.05,6.36,3.65,2.16,0.11,5.67,17.01,True,Low,Depot C,True,False,1.0,Resell
CON-103467,Crate,Plastic,6.62,1,3,High,Unsafe,74.55,None,True,34.26,16.12,0.0,1.43,6.66,2.29,2.46,0.13,6.89,20.66,True,High,Facility D,True,True,1.0,Recycle
CON-103468,Box,Cardboard,1.66,53,42,None,Safe,67.95,None,False,0.0,11.26,5.86,0.13,5.41,3.2,1.21,0.03,0.66,1.99,True,Low,Terminal E,True,True,1.0,Resell
CON-103469,Pallet,Plastic,5.91,4,10,Low,Safe,71.41,None,False,2.84,12.79,46.21,1.09,6.48,3.71,2.28,0.12,6.15,18.44,True,Low,Depot C,False,False,1.0,Resell
CON-103470,Tote,Plastic,5.84,2,6,Medium,Minor Damage,83.88,Organic,True,6.43,9.02,35.81,1.22,6.46,1.2,2.26,0.12,6.08,18.23,True,Medium,Depot C,True,True,0.75,Manual_Review
CON-103471,Crate,Plastic,7.18,46,130,High,Moderate Damage,63.97,None,True,31.76,30.4,23.66,1.37,6.8,2.36,2.6,0.14,7.47,22.41,True,Medium,Depot C,True,False,1.0,Resell
CON-103472,Drum,Metal,26.45,23,50,Low,Minor Damage,72.23,None,False,6.56,27.17,73.73,13.85,11.61,6.17,7.41,0.53,58.2,174.6,True,Low,Terminal E,False,True,1.0,Resell
CON-103473,Box,Cardboard,1.63,15,43,None,Safe,65.08,None,False,0.0,11.79,12.46,0.12,5.41,3.2,1.21,0.03,0.65,1.96,True,Low,Warehouse A,True,True,1.0,Resell
CON-103474,Drum,Metal,32.03,57,158,Critical,Unsafe,64.06,None,True,113.09,39.19,0.0,15.75,13.01,6.84,8.81,0.64,70.47,211.4,True,High,Hub B,False,False,1.0,Recycle
CON-103475,Tote,Plastic,5.26,12,12,Medium,Minor Damage,72.68,None,True,6.98,11.3,37.24,0.96,6.32,1.13,2.12,0.11,5.47,16.41,True,Medium,Depot C,True,True,1.0,Resell
CON-103476,Drum,Metal,28.98,17,38,Low,Minor Damage,89.06,None,False,6.72,23.44,95.16,15.86,12.25,6.48,8.05,0.58,63.77,191.3,True,Low,Depot C,True,True,1.0,Resell
CON-103477,Pallet,Plastic,5.19,18,50,Medium,Moderate Damage,88.69,None,True,11.2,14.2,33.3,1.07,6.3,1.12,2.1,0.1,5.4,16.2,True,Medium,Hub B,True,True,1.0,Resell
CON-103478,Pallet,Plastic,4.88,57,183,Medium,Moderate Damage,41.23,None,True,8.68,34.61,4.97,1.02,6.22,1.09,2.02,0.1,5.08,15.24,True,Medium,Warehouse A,False,True,1.0,Resell
CON-103479,Tote,Plastic,5.36,33,32,Medium,,92.19,Chemical,True,7.47,10.37,24.86,1.0,15.85,1.14,2.14,0.11,5.57,16.72,True,Medium,Facility D,False,False,1.0,Resell
CON-103480,Pallet,Wood,16.74,29,15,Low,Safe,84.49,None,False,2.14,11.33,30.9,0.0,9.18,5.01,4.98,0.33,2.68,8.03,False,Low,Warehouse A,True,True,0.84,Resell
CON-103481,Drum,Plastic,6.53,41,62,Critical,Unsafe,75.93,None,True,86.82,27.81,0.0,1.37,6.63,3.78,2.43,0.13,6.79,20.36,True,High,Hub B,True,True,1.0,Recycle
CON-103482,Box,Cardboard,1.34,17,55,Low,Minor Damage,72.75,None,False,0.9,11.84,11.21,0.11,5.34,3.16,1.14,0.03,0.54,1.61,True,Low,Depot C,True,False,1.0,Resell
CON-103483,Tote,Plastic,6.02,38,125,High,Unsafe,64.32,None,True,19.59,23.85,0.0,1.15,6.51,2.22,2.31,0.12,6.26,18.79,True,High,Terminal E,False,True,1.0,Recycle
CON-103484,Drum,Metal,31.9,49,32,Low,Minor Damage,86.08,None,False,7.18,23.29,57.1,16.52,12.98,6.83,8.78,0.64,70.19,210.57,True,Low,Facility D,True,True,1.0,Resell
CON-103485,Box,Plastic,6.75,21,16,None,Safe,87.77,None,False,0.0,5.68,10.93,1.4,6.69,3.81,2.49,0.14,7.02,21.07,True,Low,Depot C,False,True,1.0,Resell
CON-103486,Crate,Wood,18.54,46,145,Low,Minor Damage,62.06,None,False,3.23,32.19,19.27,0.0,9.63,5.22,5.43,0.37,2.97,8.9,False,Low,Terminal E,True,True,1.0,Resell
CON-103487,Drum,Plastic,5.17,16,53,Medium,Minor Damage,82.69,None,True,25.05,25.9,86.97,1.13,6.29,1.12,2.09,0.1,5.38,16.14,True,Medium,Depot C,True,False,1.0,Resell
CON-103488,Drum,Plastic,6.95,9,24,Medium,Moderate Damage,73.07,None,True,21.61,24.44,113.76,1.29,6.74,1.33,2.54,0.14,7.23,21.68,True,Medium,Depot C,True,True,1.0,Resell
CON-103489,Box,Cardboard,1.71,44,49,Medium,Minor Damage,84.62,None,True,2.62,9.46,6.9,0.15,5.43,0.71,1.23,0.03,0.68,2.05,True,Medium,Facility D,True,True,1.0,Resell
CON-103490,Tote,Plastic,5.63,53,102,Low,Safe,53.92,None,False,1.79,23.11,10.08,1.22,6.41,3.68,2.21,0.11,5.85,17.56,True,Low,Terminal E,False,True,1.0,Resell
CON-103491,Pallet,Wood,23.94,34,51,High,Moderate Damage,60.77,None,True,21.21,18.48,27.68,0.0,10.98,4.37,6.78,0.48,3.83,11.49,False,Medium,Terminal E,True,True,1.0,Resell
CON-103492,Box,Plastic,6.72,50,139,High,Moderate Damage,50.38,None,True,6.34,23.59,3.37,1.35,6.68,2.31,2.48,0.13,6.99,20.97,True,Medium,Terminal E,True,False,1.0,Resell
CON-103493,Tote,Plastic,5.24,8,15,Low,Safe,88.44,None,False,1.6,9.23,37.59,1.0,6.31,3.63,2.11,0.1,5.44,16.33,True,Low,Hub B,True,True,1.0,Resell
CON-103494,Pallet,Plastic,6.15,30,79,Low,Minor Damage,80.37,None,False,2.05,18.34,24.46,1.34,6.54,3.74,2.34,0.12,6.4,19.2,True,Low,Terminal E,True,True,1.0,Resell
CON-103495,Pallet,Wood,22.93,40,97,High,Unsafe,73.85,None,True,19.99,21.12,0.0,0.0,10.73,4.25,6.53,0.46,3.67,11.01,False,High,Depot C,True,True,1.0,Dispose
CON-103496,Drum,Metal,27.67,31,62,Low,Safe,59.92,None,False,5.12,30.21,62.74,14.97,11.92,6.32,7.72,0.55,60.87,182.62,True,Low,Hub B,True,True,1.0,Resell
CON-103497,Tote,Plastic,7.04,5,3,High,Unsafe,73.86,None,True,18.02,10.22,0.0,1.5,6.76,2.35,2.56,0.14,7.32,21.97,True,High,Hub B,False,True,1.0,Recycle
CON-103498,Crate,Metal,31.48,12,41,Low,Minor Damage,80.28,Organic,False,4.5,19.06,64.9,15.29,12.87,6.78,8.67,0.63,69.26,207.78,True,Low,Terminal E,True,True,1.0,Resell
CON-103499,Drum,Plastic,6.02,23,18,None,Safe,85.65,None,False,0.0,21.95,95.38,1.31,6.5,3.72,2.3,0.12,6.26,18.77,True,Low,Terminal E,True,True,1.0,Resell
CON-103500,Box,Cardboard,1.48,25,16,None,Safe,90.13,None,False,0.0,5.33,10.53,0.11,5.37,3.18,1.17,0.03,0.59,1.78,True,Low,Facility D,True,True,0.51,Manual_Review
CON-103501,Pallet,Plastic,6.86,49,103,High,Unsafe,53.57,None,True,25.01,24.76,0.0,1.51,6.72,2.32,2.52,0.14,7.14,21.42,True,High,Hub B,True,True,1.0,Recycle
CON-103502,Box,Plastic,6.72,24,48,None,Safe,83.59,None,False,0.0,9.51,9.06,1.26,6.68,3.81,2.48,0.13,6.99,20.98,True,Low,Hub B,True,False,1.0,Resell
CON-103503,Drum,Metal,27.96,8,6,Low,Safe,76.48,None,False,6.61,22.13,102.54,12.82,11.99,6.36,7.79,0.56,61.52,184.55,True,Low,Hub B,False,True,1.0,Resell
CON-103504,Box,Plastic,6.68,44,60,Low,Safe,67.71,None,False,0.9,13.09,6.15,1.36,6.67,3.8,2.47,0.13,6.94,20.83,True,Low,Depot C,True,True,1.0,Resell
CON-103505,Crate,Plastic,5.7,52,37,None,Safe,83.69,None,False,0.0,18.15,31.53,1.16,6.43,3.68,2.23,0.11,5.93,17.79,True,Low,Warehouse A,True,True,1.0,Resell
CON-103506,Crate,Wood,22.66,14,25,None,Safe,81.89,None,False,0.0,17.22,64.18,0.0,10.67,5.72,6.47,0.45,3.63,10.88,False,Low,Facility D,True,True,1.0,Resell
CON-103507,Drum,Metal,29.92,42,76,Medium,Minor Damage,76.48,Organic,True,26.42,29.13,49.88,16.27,12.48,4.09,8.28,0.6,65.82,197.45,True,Medium,Hub B,True,True,1.0,Resell
CON-103508,Drum,Plastic,7.13,10,15,None,Safe,81.03,None,False,0.0,22.35,101.8,1.35,6.78,3.86,2.58,0.14,7.41,22.24,True,Low,Warehouse A,False,True,1.0,Resell
CON-103509,Tote,Plastic,6.99,15,10,None,Safe,96.61,None,False,0.0,7.51,32.19,1.49,6.75,3.84,2.55,0.14,7.27,21.81,True,Low,Hub B,True,True,1.0,Resell
CON-103510,Crate,Plastic,6.75,17,8,Low,Minor Damage,97.71,None,False,3.54,13.14,68.26,1.39,6.69,3.81,2.49,0.13,7.02,21.05,True,Low,Terminal E,True,False,1.0,Resell
CON-103511,Tote,Plastic,5.61,46,126,Critical,Unsafe,45.22,None,True,40.11,26.82,0.0,1.11,6.4,3.67,2.2,0.11,5.84,17.51,True,High,Depot C,True,False,1.0,Recycle
CON-103512,Tote,Plastic,6.18,50,139,High,Unsafe,64.4,None,True,16.51,25.24,0.0,1.15,6.54,2.24,2.34,0.12,6.43,19.28,True,High,Terminal E,True,True,1.0,Recycle
CON-103513,Tote,Plastic,6.71,21,35,None,Safe,75.44,Hazardous,False,0.0,13.18,0.0,0.0,40.07,3.81,2.48,0.13,6.98,20.95,False,High,Terminal E,True,True,1.0,Dispose
CON-103514,Drum,Plastic,6.98,31,101,Medium,Moderate Damage,72.82,None,True,20.23,32.18,61.6,1.4,6.74,1.34,2.54,0.14,7.26,21.77,True,Medium,Terminal E,False,True,1.0,Resell
CON-103515,Tote,Plastic,5.7,7,21,Low,Safe,75.42,None,False,2.24,11.79,38.05,1.12,6.42,3.68,2.22,0.11,5.92,17.77,True,Low,Warehouse A,True,True,1.0,Resell
CON-103516,Box,Cardboard,1.73,47,44,Low,Minor Damage,65.15,None,False,0.66,11.88,6.82,0.13,5.43,3.21,1.23,0.03,0.69,2.07,True,Low,Terminal E,False,True,1.0,Resell
CON-103517,Pallet,Wood,20.5,16,26,Low,Safe,74.28,None,False,2.29,13.96,35.62,0.0,10.13,5.46,5.93,0.41,3.28,9.84,False,Low,Facility D,True,True,1.0,Resell
CON-103518,Tote,Plastic,4.97,4,4,None,Safe,89.36,None,False,0.0,8.0,41.53,0.97,6.24,3.6,2.04,0.1,5.17,15.51,True,Low,Hub B,True,False,1.0,Resell
CON-103519,Box,Cardboard,1.47,54,57,Medium,Minor Damage,66.09,None,True,2.98,13.04,5.66,0.12,5.37,0.68,1.17,0.03,0.59,1.77,True,Medium,Warehouse A,True,True,1.0,Resell
CON-103520,Tote,Plastic,5.94,45,54,High,Moderate Damage,60.07,None,True,17.4,17.39,16.29,1.21,6.49,2.21,2.29,0.12,6.18,18.54,True,Medium,Hub B,False,True,1.0,Resell
CON-103521,Drum,Metal,25.01,2,6,Low,Minor Damage,84.68,None,False,6.23,20.9,105.74,12.41,11.25,6.0,7.05,0.5,55.03,165.08,True,Low,Warehouse A,True,True,1.0,Resell
CON-103522,Drum,Plastic,6.58,5,10,High,Unsafe,95.19,None,True,50.52,19.72,0.0,1.25,6.65,2.29,2.45,0.13,6.85,20.54,True,High,Facility D,True,True,1.0,Recycle
CON-103523,Box,Cardboard,1.2,10,27,Medium,Minor Damage,72.85,None,True,2.87,9.02,11.85,0.1,5.3,0.64,1.1,0.02,0.48,1.44,True,Medium,Terminal E,True,True,1.0,Resell
CON-103524,Box,Cardboard,1.66,58,124,Medium,Minor Damage,53.18,None,True,3.35,21.67,2.61,0.14,5.41,0.7,1.21,0.03,0.66,1.99,True,Medium,Warehouse A,True,True,1.0,Resell
CON-103525,Tote,Plastic,6.82,3,9,Medium,Minor Damage,89.75,None,True,6.66,8.44,36.59,1.45,6.71,1.32,2.51,0.14,7.1,21.29,True,Medium,Facility D,True,True,1.0,Resell
CON-103526,Crate,Wood,20.54,17,47,High,Unsafe,75.39,None,True,35.03,20.39,0.0,0.0,10.13,3.96,5.93,0.41,3.29,9.86,False,High,Hub B,True,True,1.0,Dispose
CON-103527,Drum,Metal,34.41,10,29,Low,Minor Damage,68.59,None,False,6.23,25.61,106.83,16.57,13.6,7.13,9.4,0.69,75.71,227.12,True,Low,Warehouse A,True,True,1.0,Resell
CON-103528,Box,Cardboard,1.75,54,156,High,Moderate Damage,58.86,None,True,6.33,24.02,2.21,0.15,5.44,1.71,1.24,0.03,0.7,2.1,True,Medium,Depot C,True,True,1.0,Resell
CON-103529,Pallet,Plastic,5.32,24,24,Medium,Minor Damage,75.42,Organic,True,9.15,13.59,36.52,1.05,6.33,1.14,2.13,0.11,5.53,16.59,True,Medium,Warehouse A,True,True,0.51,Manual_Review
CON-103530,Box,Cardboard,1.57,41,36,High,Moderate Damage,89.62,None,True,6.61,7.41,7.81,0.13,5.39,1.69,1.19,0.03,0.63,1.88,True,Medium,Facility D,True,True,1.0,Resell
CON-103531,Tote,Plastic,6.13,32,103,High,Moderate Damage,78.08,None,True,16.55,19.59,20.23,1.21,6.53,2.24,2.33,0.12,6.38,19.13,True,Medium,Warehouse A,False,True,1.0,Resell
CON-103532,Drum,Metal,30.81,3,7,None,Safe,70.24,None,False,0.0,23.16,110.4,15.74,12.7,6.7,8.5,0.62,67.79,203.36,True,Low,Warehouse A,True,True,1.0,Resell
CON-103533,Drum,Plastic,6.77,39,57,None,Safe,58.98,None,False,0.0,29.85,65.12,1.39,6.69,3.81,2.49,0.14,7.04,21.13,True,Low,Depot C,True,True,1.0,Resell
CON-103534,Box,Cardboard,1.61,58,139,Low,Safe,61.86,None,False,0.74,21.87,2.03,0.14,5.4,3.19,1.2,0.03,0.65,1.94,True,Low,Hub B,True,False,1.0,Resell
CON-103535,Pallet,Wood,23.5,50,51,Low,Minor Damage,66.77,None,False,2.32,17.58,19.61,0.0,10.87,5.82,6.67,0.47,3.76,11.28,False,Low,Terminal E,True,True,1.0,Resell
CON-103536,Tote,Plastic,7.15,45,63,Medium,Moderate Damage,67.97,None,True,8.73,17.1,15.91,1.49,6.79,1.36,2.59,0.14,7.44,22.32,True,Medium,Hub B,True,True,1.0,Resell
CON-103537,Tote,Plastic,5.66,59,65,Medium,Minor Damage,57.5,None,True,9.54,18.87,10.56,1.09,6.42,1.18,2.22,0.11,5.89,17.66,True,Medium,Depot C,True,True,1.0,Resell
CON-103538,Pallet,Wood,22.19,34,78,Medium,Moderate Damage,59.92,None,True,10.68,21.31,26.56,0.0,10.55,3.16,6.35,0.44,3.55,10.65,False,Medium,Depot C,True,True,1.0,Resell
CON-103539,Tote,Plastic,5.07,15,43,Low,Minor Damage,72.24,None,False,2.09,14.46,27.95,1.1,6.27,3.61,2.07,0.1,5.27,15.82,True,Low,Facility D,False,True,1.0,Resell
CON-103540,Box,Cardboard,1.76,23,63,Low,Safe,68.3,None,False,0.66,13.31,10.31,0.14,5.44,3.21,1.24,0.04,0.7,2.11,True,Low,Terminal E,True,True,1.0,Resell
CON-103541,Tote,Plastic,6.9,59,101,Medium,Minor Damage,62.49,None,True,7.05,21.73,7.59,1.41,6.73,1.33,2.53,0.14,7.18,21.53,True,Medium,Depot C,True,True,1.0,Resell
CON-103542,Tote,Plastic,5.09,52,83,Medium,Minor Damage,63.73,None,True,9.05,19.74,12.82,0.93,6.27,1.11,2.07,0.1,5.29,15.88,True,Medium,Terminal E,True,True,1.0,Resell
CON-103543,Drum,Plastic,5.34,49,26,Low,Minor Damage,84.72,None,False,5.15,22.89,55.68,1.1,6.34,3.64,2.14,0.11,5.55,16.66,True,Low,Hub B,True,False,1.0,Resell
CON-103544,Pallet,Plastic,6.74,27,73,Low,Safe,82.77,None,False,2.75,17.38,27.72,1.34,6.69,3.81,2.49,0.13,7.01,21.04,True,Low,Hub B,False,True,1.0,Resell
CON-103545,Pallet,Plastic,6.53,19,17,None,Safe,95.68,Organic,False,0.0,9.85,37.84,1.44,6.63,3.78,2.43,0.13,6.79,20.38,True,Low,Depot C,False,True,1.0,Resell
CON-103546,Pallet,Wood,19.3,20,52,Medium,Minor Damage,68.88,None,True,11.33,17.37,36.37,0.0,9.83,2.82,5.63,0.39,3.09,9.27,False,Medium,Depot C,True,True,1.0,Resell
CON-103547,Crate,Wood,20.46,38,52,Low,Minor Damage,85.59,None,False,4.14,19.36,41.35,0.0,10.12,5.46,5.92,0.41,3.27,9.82,False,Low,Hub B,True,True,1.0,Resell
CON-103548,Tote,Plastic,5.25,52,70,High,Unsafe,65.24,None,True,19.09,18.21,0.0,1.0,6.31,2.13,2.11,0.1,5.46,16.38,True,High,Warehouse A,True,True,1.0,Recycle
CON-103549,Tote,Plastic,5.08,49,146,Medium,Moderate Damage,57.43,Organic,True,7.3,26.98,8.41,0.96,6.27,1.11,2.07,0.1,5.29,15.86,True,Medium,Warehouse A,True,True,1.0,Resell
CON-103550,Drum,Metal,35.72,28,63,None,Safe,80.29,None,False,0.0,27.26,68.98,16.93,13.93,7.29,9.73,0.71,78.58,235.74,True,Low,Warehouse A,True,True,1.0,Resell
CON-103551,Pallet,Plastic,6.87,12,37,High,Unsafe,80.59,None,True,25.58,14.11,0.0,1.37,6.72,2.32,2.52,0.14,7.14,21.42,True,High,Hub B,True,True,1.0,Recycle
CON-103552,Pallet,Plastic,5.67,47,141,Medium,Minor Damage,68.11,None,True,10.95,26.38,13.64,1.05,6.42,1.18,2.22,0.11,5.9,17.69,True,Medium,Facility D,True,True,1.0,Resell
CON-103553,Crate,Metal,26.35,10,31,None,Safe,90.07,None,False,0.0,16.59,61.5,12.99,11.59,6.16,7.39,0.53,57.98,173.93,True,Low,Depot C,True,True,1.0,Resell
CON-103554,Drum,Metal,29.49,5,5,Medium,Minor Damage,88.54,None,True,24.13,20.22,117.23,14.99,12.37,4.04,8.17,0.59,64.88,194.64,True,Medium,Warehouse A,True,True,1.0,Resell
CON-103555,Pallet,Plastic,5.84,47,151,High,Moderate Damage,51.47,Organic,True,19.79,29.88,12.05,1.23,6.46,2.2,2.26,0.12,6.07,18.22,True,Medium,Warehouse A,False,True,1.0,Dispose
CON-103556,Tote,Plastic,7.04,27,67,Medium,Moderate Damage,69.85,None,True,8.62,17.22,22.19,1.4,6.76,1.34,2.56,0.14,7.32,21.96,True,Medium,Warehouse A,True,True,1.0,Resell
CON-103557,Pallet,Wood,21.54,29,89,Medium,Moderate Damage,81.12,Organic,True,10.46,19.23,25.98,0.0,10.39,3.09,6.19,0.43,3.45,10.34,False,Medium,Warehouse A,True,False,1.0,Resell
CON-103558,Drum,Plastic,6.16,18,24,Medium,Moderate Damage,86.63,None,True,21.17,22.41,93.97,1.3,6.54,1.24,2.34,0.12,6.4,19.21,True,Medium,Warehouse A,True,True,1.0,Resell
CON-103559,Tote,Plastic,5.55,2,2,Low,Safe,96.62,None,False,2.17,6.71,35.46,1.14,6.39,3.67,2.19,0.11,5.77,17.31,True,Low,Warehouse A,True,True,1.0,Resell
CON-103560,Crate,Metal,25.47,21,65,High,Moderate Damage,69.16,None,True,40.6,23.13,48.46,12.48,11.37,4.56,7.17,0.51,56.03,168.09,True,Medium,Hub B,True,True,1.0,Resell
CON-103561,Tote,Plastic,4.99,43,59,Medium,Moderate Damage,67.75,Organic,True,7.39,16.74,19.72,1.07,6.25,1.1,2.05,0.1,5.19,15.56,True,Medium,Warehouse A,True,True,1.0,Resell
CON-103562,Drum,Plastic,5.93,19,16,Low,Minor Damage,69.84,None,False,6.6,24.12,99.37,1.25,6.48,3.71,2.28,0.12,6.16,18.49,True,Low,Warehouse A,True,True,1.0,Resell
CON-103563,Pallet,Plastic,5.33,51,171,Low,Safe,44.63,None,False,2.33,32.91,6.95,1.12,6.33,3.64,2.13,0.11,5.55,16.64,True,Low,Facility D,False,True,1.0,Resell
CON-103564,Box,Cardboard,1.7,56,84,Low,Minor Damage,61.63,Chemical,False,0.73,16.41,3.98,0.15,13.56,3.2,1.22,0.03,0.68,2.04,True,Medium,Terminal E,True,True,1.0,Resell
CON-103565,Pallet,Plastic,5.0,4,7,None,Safe,87.43,None,False,0.0,10.09,50.7,1.05,6.25,3.6,2.05,0.1,5.2,15.59,True,Low,Hub B,False,True,1.0,Resell
CON-103566,Crate,Wood,17.45,18,9,Low,Minor Damage,92.34,None,False,3.65,14.05,63.34,0.0,9.36,5.09,5.16,0.35,2.79,8.37,False,Low,Hub B,True,False,1.0,Resell
CON-103567,Box,Cardboard,1.73,36,89,Medium,Minor Damage,81.97,None,True,2.53,13.85,6.95,0.14,5.43,0.71,1.23,0.03,0.69,2.07,True,Medium,Terminal E,True,False,1.0,Resell
CON-103568,Pallet,Plastic,4.99,7,14,Medium,Minor Damage,80.43,None,True,11.81,11.84,48.31,1.01,6.25,1.1,2.05,0.1,5.19,15.58,True,Medium,Terminal E,True,True,1.0,Dispose
CON-103569,Box,Plastic,6.57,30,52,Medium,Minor Damage,86.52,None,True,3.02,9.47,8.1,1.37,6.64,1.29,2.44,0.13,6.83,20.49,True,Medium,Depot C,True,True,1.0,Resell
CON-103570,Box,Plastic,5.11,34,79,High,Moderate Damage,68.89,None,True,8.06,14.82,8.14,1.0,6.28,2.11,2.08,0.1,5.31,15.94,True,Medium,Facility D,True,True,1.0,Resell
CON-103571,Box,Cardboard,1.25,40,112,High,Unsafe,50.57,None,True,5.71,20.86,0.0,0.1,5.31,1.65,1.11,0.03,0.5,1.5,True,High,Facility D,False,True,1.0,Recycle
CON-103572,Crate,Plastic,6.28,32,56,High,Unsafe,86.92,None,True,41.45,19.56,0.0,1.21,6.57,2.25,2.37,0.13,6.53,19.59,True,High,Facility D,True,True,1.0,Recycle
CON-103573,Tote,Plastic,5.89,31,24,Medium,Moderate Damage,87.65,None,True,7.72,10.25,26.67,1.19,6.47,1.21,2.27,0.12,6.13,18.39,True,Medium,Hub B,True,True,1.0,Resell
CON-103574,Pallet,Wood,18.27,1,2,Low,Minor Damage,69.85,None,False,2.63,12.22,48.47,0.0,9.57,5.19,5.37,0.37,2.92,8.77,False,Low,Terminal E,False,True,1.0,Resell
CON-103575,Crate,Plastic,6.48,20,52,High,Moderate Damage,86.15,None,True,41.11,19.28,59.55,1.29,6.62,2.28,2.42,0.13,6.74,20.22,True,Medium,Terminal E,True,True,1.0,Resell
CON-103576,Crate,Metal,30.52,32,108,Critical,Unsafe,53.76,Organic,True,63.96,29.74,0.0,14.4,12.63,6.66,8.43,0.61,67.14,201.43,True,High,Warehouse A,True,True,1.0,Recycle
CON-103577,Drum,Plastic,4.93,46,114,Medium,Moderate Damage,56.4,None,True,28.03,35.94,38.34,1.02,6.23,1.09,2.03,0.1,5.13,15.38,True,Medium,Hub B,False,True,1.0,Resell
CON-103578,Box,Cardboard,1.38,11,16,Low,Safe,77.56,None,False,0.81,7.22,12.92,0.12,5.35,3.17,1.15,0.03,0.55,1.66,True,Low,Hub B,True,True,0.65,Manual_Review
CON-103579,Drum,Metal,31.33,47,161,Medium,Moderate Damage,55.15,None,True,23.25,40.83,24.37,14.59,12.83,4.26,8.63,0.63,68.93,206.78,True,Medium,Warehouse A,False,True,1.0,Resell
CON-103580,Tote,Plastic,5.31,25,45,Medium,Moderate Damage,77.38,None,True,6.7,13.89,25.4,1.14,6.33,1.14,2.13,0.11,5.53,16.58,True,Medium,Terminal E,True,True,1.0,Resell
CON-103581,Box,Cardboard,1.79,4,12,Low,Safe,77.46,None,False,0.61,6.83,15.2,0.15,5.45,3.22,1.25,0.04,0.72,2.15,True,Low,Depot C,True,True,1.0,Resell
CON-103582,Drum,Metal,32.25,59,53,Medium,Minor Damage,83.07,None,True,23.4,25.84,37.68,15.78,13.06,4.37,8.86,0.64,70.95,212.85,True,Medium,Facility D,True,True,1.0,Resell
CON-103583,Crate,Plastic,6.02,33,65,High,Unsafe,71.22,None,True,33.19,22.82,0.0,1.29,6.51,2.22,2.31,0.12,6.26,18.79,True,High,Facility D,True,True,1.0,Recycle
CON-103584,Drum,Metal,25.19,56,128,Medium,Moderate Damage,46.88,None,True,22.02,38.77,22.53,11.5,11.3,3.52,7.1,0.5,55.41,166.24,True,Medium,Terminal E,True,True,1.0,Resell
CON-103585,Pallet,Wood,21.11,37,107,Medium,Minor Damage,77.98,Organic,True,11.85,21.5,22.3,0.0,10.28,3.03,6.08,0.42,3.38,10.13,False,Medium,Hub B,True,True,1.0,Resell
CON-103586,Drum,Plastic,6.1,43,148,Medium,Moderate Damage,66.02,None,True,21.0,37.9,29.73,1.19,6.53,1.23,2.33,0.12,6.34,19.03,True,Medium,Depot C,True,True,1.0,Resell
CON-103587,Pallet,Plastic,5.03,18,49,None,Safe,68.17,None,False,0.0,17.17,39.69,0.98,6.26,3.6,2.06,0.1,5.23,15.68,True,Low,Warehouse A,True,True,1.0,Resell
CON-103588,Crate,Metal,28.48,28,18,Critical,Unsafe,70.51,None,True,55.22,18.22,0.0,13.59,12.12,6.42,7.92,0.57,62.66,187.99,True,High,Terminal E,True,False,1.0,Recycle
CON-103589,Crate,Plastic,5.29,28,59,Low,Minor Damage,86.1,None,False,4.11,19.98,50.04,1.04,6.32,3.64,2.12,0.11,5.51,16.52,True,Low,Facility D,True,True,1.0,Resell
CON-103590,Pallet,Plastic,5.52,21,35,None,Safe,63.21,None,False,0.0,16.52,37.59,1.21,6.38,3.66,2.18,0.11,5.74,17.22,True,Low,Warehouse A,True,True,1.0,Resell
CON-103591,Pallet,Plastic,6.14,54,130,High,Unsafe,66.65,None,True,19.6,25.5,0.0,1.35,6.54,2.24,2.34,0.12,6.39,19.16,True,High,Warehouse A,True,False,1.0,Recycle
CON-103592,Tote,Plastic,5.55,50,29,None,Safe,85.81,Organic,False,0.0,11.03,19.37,1.1,6.39,3.67,2.19,0.11,5.77,17.31,True,Low,Hub B,False,True,1.0,Resell
CON-103593,Drum,Metal,26.61,14,19,Low,Safe,86.86,None,False,6.3,21.87,94.54,12.31,11.65,6.19,7.45,0.53,58.55,175.64,True,Low,Terminal E,False,True,1.0,Resell
CON-103594,Drum,Plastic,6.25,60,148,Medium,Moderate Damage,48.57,None,True,25.36,40.51,13.63,1.17,6.56,1.25,2.36,0.13,6.5,19.51,True,Medium,Warehouse A,True,True,1.0,Resell
CON-103595,Tote,Plastic,4.99,22,69,Medium,Moderate Damage,63.2,None,True,8.74,18.42,28.17,1.0,6.25,1.1,2.05,0.1,5.19,15.58,True,Medium,Terminal E,False,True,1.0,Resell
CON-103596,Box,Plastic,6.21,53,39,Low,Minor Damage,71.23,None,False,0.7,10.47,6.44,1.27,6.55,3.74,2.35,0.12,6.46,19.37,True,Low,Facility D,True,True,1.0,Resell
CON-103597,Box,Plastic,5.56,45,94,High,Unsafe,57.83,None,True,7.66,17.97,0.0,1.21,6.39,2.17,2.19,0.11,5.78,17.35,True,High,Hub B,False,False,1.0,Recycle
CON-103598,Drum,Plastic,5.03,57,194,Low,Safe,55.86,None,False,6.17,44.02,12.18,0.94,6.26,3.6,2.06,0.1,5.23,15.7,True,Low,Terminal E,True,True,1.0,Resell
CON-103599,Box,Plastic,6.33,1,0,High,Unsafe,82.68,Chemical,True,5.83,4.85,0.0,1.21,16.46,2.26,2.38,0.13,6.58,19.75,True,High,Depot C,True,True,1.0,Recycle
CON-103600,Crate,Wood,16.0,1,1,None,Safe,84.78,None,False,0.0,14.38,83.07,0.0,9.0,4.92,4.8,0.32,2.56,7.68,False,Low,Facility D,True,True,1.0,Resell
CON-103601,Tote,Plastic,6.57,6,14,Low,Minor Damage,80.92,None,False,2.27,10.26,38.18,1.34,6.64,3.79,2.44,0.13,6.83,20.5,True,Low,Terminal E,False,True,1.0,Resell
CON-103602,Pallet,Wood,17.68,38,35,High,Unsafe,76.41,None,True,22.51,14.54,0.0,0.0,9.42,3.62,5.22,0.35,2.83,8.48,False,High,Warehouse A,True,True,1.0,Dispose
CON-103603,Drum,Plastic,6.69,19,28,None,Safe,67.8,None,False,0.0,25.63,85.31,1.36,6.67,3.8,2.47,0.13,6.95,20.86,True,Low,Depot C,False,True,1.0,Resell
CON-103604,Box,Cardboard,1.28,12,18,None,Safe,85.28,None,False,0.0,6.26,12.05,0.09,5.32,3.15,1.12,0.03,0.51,1.53,True,Low,Facility D,False,True,1.0,Resell
CON-103605,Crate,Metal,33.12,37,49,Low,Minor Damage,79.1,None,False,4.23,20.03,44.6,15.68,13.28,6.97,9.08,0.66,72.87,218.62,True,Low,Depot C,True,True,1.0,Resell
CON-103606,Crate,Plastic,5.85,1,1,None,Safe,75.64,None,False,0.0,15.75,86.42,1.07,6.46,3.7,2.26,0.12,6.09,18.26,True,Low,Warehouse A,True,True,1.0,Resell
CON-103607,Tote,Plastic,5.45,41,77,None,Safe,66.67,None,False,0.0,18.7,18.62,1.12,6.36,3.65,2.16,0.11,5.67,17.02,True,Low,Terminal E,True,True,1.0,Resell
CON-103608,Pallet,Wood,20.04,47,51,Medium,Moderate Damage,65.23,None,True,8.84,17.82,21.63,0.0,10.01,2.91,5.81,0.4,3.21,9.62,False,Medium,Facility D,True,True,1.0,Resell
CON-103609,Pallet,Plastic,7.12,7,22,High,Unsafe,85.14,Organic,True,20.25,11.93,0.0,1.29,6.78,2.35,2.58,0.14,7.41,22.22,True,High,Terminal E,True,True,1.0,Recycle
CON-103610,Drum,Metal,32.79,24,21,High,Moderate Damage,84.49,None,True,63.15,22.43,86.44,16.71,13.2,5.44,9.0,0.66,72.14,216.43,True,Medium,Warehouse A,True,True,1.0,Resell
CON-103611,Tote,Plastic,4.94,26,49,None,Safe,77.95,None,False,0.0,14.21,26.35,0.93,6.23,3.59,2.03,0.1,5.14,15.41,True,Low,Warehouse A,True,True,1.0,Resell
CON-103612,Drum,Plastic,7.11,43,113,Critical,Unsafe,75.14,Chemical,True,121.72,33.03,0.0,1.29,16.94,3.85,2.58,0.14,7.39,22.18,True,High,Terminal E,False,True,1.0,Recycle
CON-103613,Tote,Plastic,5.32,24,27,Medium,Moderate Damage,86.18,None,True,6.91,10.77,29.19,1.01,6.33,1.14,2.13,0.11,5.53,16.6,True,Medium,Facility D,True,True,1.0,Resell
CON-103614,Crate,Metal,32.32,32,34,High,Unsafe,89.94,None,True,40.03,16.91,0.0,14.9,13.08,5.38,8.88,0.65,71.09,213.28,True,High,Terminal E,False,True,1.0,Recycle
CON-103615,Pallet,Plastic,4.85,16,53,None,Safe,83.93,None,False,0.0,15.21,36.46,1.04,6.21,3.58,2.01,0.1,5.05,15.14,True,Low,Terminal E,True,True,1.0,Resell
CON-103616,Tote,Plastic,4.88,30,27,None,Safe,69.3,None,False,0.0,13.31,25.88,1.02,6.22,3.59,2.02,0.1,5.08,15.23,True,Low,Depot C,True,True,1.0,Resell
CON-103617,Tote,Plastic,5.84,44,145,Medium,Minor Damage,47.48,None,True,8.46,28.38,11.83,1.26,6.46,1.2,2.26,0.12,6.07,18.22,True,Medium,Depot C,True,True,1.0,Resell
CON-103618,Box,Plastic,6.01,30,82,Medium,Moderate Damage,61.97,Organic,True,2.73,16.15,8.02,1.28,6.5,1.22,2.3,0.12,6.25,18.74,True,Medium,Depot C,True,True,1.0,Resell
CON-103619,Drum,Metal,32.59,32,63,Medium,Moderate Damage,73.7,None,True,20.56,28.24,61.82,16.06,13.15,4.41,8.95,0.65,71.7,215.09,True,Medium,Facility D,True,True,1.0,Resell
CON-103620,Box,Cardboard,1.29,1,0,Medium,Moderate Damage,77.74,Organic,True,2.97,5.59,15.91,0.1,5.32,0.65,1.12,0.03,0.52,1.55,True,Medium,Terminal E,False,True,1.0,Resell
CON-103621,Tote,Plastic,6.95,7,8,None,Safe,72.27,None,False,0.0,10.96,35.66,1.42,6.74,3.83,2.54,0.14,7.23,21.69,True,Low,Warehouse A,True,True,1.0,Resell
CON-103622,Pallet,Wood,19.98,56,29,None,Safe,82.12,None,False,0.0,13.08,20.47,0.0,10.0,5.4,5.8,0.4,3.2,9.59,False,Low,Terminal E,True,True,1.0,Resell
CON-103623,Crate,Metal,26.63,38,120,High,Moderate Damage,50.05,Organic,True,32.49,31.49,32.63,12.93,11.66,4.7,7.46,0.53,58.58,175.75,True,Medium,Facility D,True,True,1.0,Resell
CON-103624,Crate,Metal,35.67,40,57,Low,Safe,82.91,None,False,4.11,20.26,41.23,17.38,13.92,7.28,9.72,0.71,78.48,235.43,True,Low,Warehouse A,False,True,1.0,Resell
CON-103625,Box,Cardboard,1.53,21,37,Medium,Moderate Damage,74.98,Organic,True,2.42,9.7,9.76,0.13,5.38,0.68,1.18,0.03,0.61,1.84,True,Medium,Facility D,True,True,0.67,Manual_Review
CON-103626,Pallet,Plastic,6.97,42,119,Medium,Minor Damage,60.63,Organic,True,8.16,25.31,17.05,1.48,6.74,1.34,2.54,0.14,7.25,21.74,True,Medium,Warehouse A,True,True,1.0,Resell
CON-103627,Drum,Metal,33.99,10,7,None,Safe,94.63,None,False,0.0,19.51,105.06,18.69,13.5,7.08,9.3,0.68,74.79,224.36,True,Low,Terminal E,False,True,1.0,Resell
CON-103628,Pallet,Wood,22.25,12,25,None,Safe,84.18,None,False,0.0,12.37,37.97,0.0,10.56,5.67,6.36,0.44,3.56,10.68,False,Low,Depot C,True,True,1.0,Resell
CON-103629,Pallet,Wood,20.57,10,24,Medium,Minor Damage,87.32,None,True,9.42,11.8,44.56,0.0,10.14,2.97,5.94,0.41,3.29,9.87,False,Medium,Terminal E,False,True,1.0,Resell
CON-103630,Box,Plastic,5.45,1,2,None,Safe,83.29,None,False,0.0,4.96,16.09,1.07,6.36,3.65,2.16,0.11,5.67,17.02,True,Low,Depot C,False,True,1.0,Resell
CON-103631,Drum,Metal,32.25,24,30,Low,Minor Damage,84.82,None,False,5.61,23.28,83.53,15.74,13.06,6.87,8.86,0.64,70.95,212.84,True,Low,Hub B,True,True,1.0,Resell
CON-103632,Box,Plastic,5.45,26,80,High,Unsafe,83.68,None,True,7.67,12.7,0.0,1.18,6.36,2.15,2.16,0.11,5.67,17.01,True,High,Hub B,True,True,1.0,Recycle
CON-103633,Crate,Plastic,5.84,4,12,None,Safe,96.73,None,False,0.0,13.69,72.62,1.06,6.46,3.7,2.26,0.12,6.07,18.22,True,Low,Terminal E,True,True,1.0,Resell
CON-103634,Drum,Metal,33.91,31,68,Medium,Minor Damage,68.89,None,True,22.16,29.47,72.15,16.16,13.48,4.57,9.28,0.68,74.61,223.83,True,Medium,Facility D,True,False,1.0,Resell
CON-103635,Pallet,Plastic,6.89,6,15,None,Safe,72.76,Chemical,False,0.0,13.09,41.12,1.27,16.8,3.83,2.52,0.14,7.16,21.49,True,Medium,Hub B,False,True,1.0,Resell
CON-103636,Box,Plastic,5.25,44,108,High,Moderate Damage,75.98,None,True,7.11,16.65,4.72,0.96,6.31,2.13,2.11,0.1,5.46,16.38,True,Medium,Facility D,False,True,1.0,Resell
CON-103637,Tote,Plastic,6.68,55,157,Medium,Minor Damage,50.24,Organic,True,7.18,29.16,5.97,1.47,6.67,1.3,2.47,0.13,6.95,20.84,True,Medium,Depot C,True,True,1.0,Resell
CON-103638,Box,Cardboard,1.39,14,40,None,Safe,76.55,None,False,0.0,9.77,11.15,0.1,5.35,3.17,1.15,0.03,0.55,1.66,True,Low,Depot C,False,True,1.0,Resell
CON-103639,Tote,Plastic,5.79,35,21,Medium,Moderate Damage,68.2,None,True,6.56,12.87,22.09,1.13,6.45,1.2,2.25,0.12,6.03,18.08,True,Medium,Terminal E,True,True,1.0,Resell
CON-103640,Crate,Wood,23.3,55,79,Medium,Minor Damage,63.66,None,True,17.58,25.35,25.64,0.0,10.83,3.3,6.63,0.47,3.73,11.19,False,Medium,Depot C,False,False,1.0,Resell
CON-103641,Drum,Plastic,6.29,59,155,Low,Minor Damage,50.42,None,False,5.06,40.94,12.54,1.2,6.57,3.75,2.37,0.13,6.54,19.63,True,Low,Terminal E,True,True,1.0,Resell
CON-103642,Box,Plastic,5.45,27,21,None,Safe,88.22,None,False,0.0,6.12,10.23,0.99,6.36,3.65,2.16,0.11,5.67,17.01,True,Low,Facility D,True,True,1.0,Resell
CON-103643,Drum,Plastic,6.09,24,32,Low,Minor Damage,73.59,None,False,6.9,25.16,79.09,1.26,6.52,3.73,2.32,0.12,6.33,18.99,True,Low,Hub B,False,True,1.0,Resell
CON-103644,Tote,Plastic,6.28,3,3,High,Moderate Damage,91.13,None,True,20.14,7.63,41.82,1.19,6.57,2.25,2.37,0.13,6.54,19.61,True,Medium,Terminal E,True,True,1.0,Resell
CON-103645,Crate,Metal,34.16,40,97,Medium,Moderate Damage,77.7,None,True,13.83,25.05,31.73,17.13,13.54,4.6,9.34,0.68,75.14,225.42,True,Medium,Facility D,True,True,1.0,Resell
CON-103646,Crate,Wood,17.61,43,68,None,Safe,84.08,None,False,0.0,21.19,38.04,0.0,9.4,5.11,5.2,0.35,2.82,8.45,False,Low,Depot C,False,True,1.0,Resell
CON-103647,Box,Cardboard,1.49,19,36,None,Safe,83.6,Chemical,False,0.0,8.31,12.13,0.12,13.43,3.18,1.17,0.03,0.6,1.79,True,Medium,Hub B,False,True,1.0,Resell
CON-103648,Tote,Plastic,5.96,25,18,None,Safe,79.67,None,False,0.0,10.85,30.74,1.15,6.49,3.71,2.29,0.12,6.2,18.59,True,Low,Terminal E,True,False,1.0,Resell
CON-103649,Crate,Metal,26.36,14,33,None,Safe,72.51,None,False,0.0,19.42,65.82,12.67,11.59,6.16,7.39,0.53,58.0,174.0,True,Low,Terminal E,False,True,1.0,Resell
CON-103650,Drum,Metal,31.32,10,22,None,Safe,92.47,None,False,0.0,21.33,102.46,15.37,12.83,6.76,8.63,0.63,68.91,206.72,True,Low,Facility D,False,False,1.0,Resell
CON-103651,Drum,Metal,30.08,16,43,None,Safe,86.92,Organic,False,0.0,24.26,83.68,15.06,12.52,6.61,8.32,0.6,66.18,198.54,True,Low,Terminal E,True,True,1.0,Resell
CON-103652,Pallet,Plastic,5.05,60,53,None,Safe,82.29,Organic,False,0.0,15.46,14.84,0.91,6.26,3.61,2.06,0.1,5.25,15.76,True,Low,Facility D,True,True,1.0,Resell
CON-103653,Drum,Plastic,6.26,8,11,Medium,Moderate Damage,91.43,None,True,25.82,20.39,102.27,1.21,6.56,1.25,2.36,0.13,6.51,19.52,True,Medium,Hub B,True,True,1.0,Resell
CON-103654,Box,Plastic,5.84,44,36,Medium,Moderate Damage,62.99,None,True,2.97,11.4,7.1,1.1,6.46,1.2,2.26,0.12,6.08,18.24,True,Medium,Facility D,True,True,1.0,Resell
CON-103655,Crate,Wood,21.03,33,23,High,Moderate Damage,80.79,None,True,35.74,17.18,50.66,0.0,10.26,4.02,6.06,0.42,3.37,10.1,False,Medium,Warehouse A,True,True,1.0,Resell
CON-103656,Box,Plastic,6.2,45,110,Medium,Moderate Damage,62.03,None,True,2.98,18.94,4.64,1.17,6.55,1.24,2.35,0.12,6.45,19.34,True,Medium,Terminal E,True,True,1.0,Resell
CON-103657,Box,Cardboard,1.52,16,50,None,Safe,78.52,Hazardous,False,0.0,10.47,0.0,0.0,32.28,3.18,1.18,0.03,0.61,1.83,False,High,Terminal E,True,True,1.0,Dispose
CON-103658,Pallet,Wood,22.59,39,23,None,Safe,71.77,None,False,0.0,14.03,29.46,0.0,10.65,5.71,6.45,0.45,3.61,10.84,False,Low,Facility D,True,True,1.0,Resell
CON-103659,Box,Plastic,6.41,17,26,Low,Safe,74.58,Chemical,False,0.75,8.66,11.94,1.37,16.51,3.77,2.4,0.13,6.67,20.0,True,Medium,Facility D,True,True,1.0,Resell
CON-103660,Drum,Metal,32.57,9,26,None,Safe,89.3,None,False,0.0,22.21,96.92,16.27,13.14,6.91,8.94,0.65,71.66,214.99,True,Low,Facility D,True,True,1.0,Resell
CON-103661,Drum,Metal,27.98,4,5,Low,Safe,88.3,None,False,5.14,20.25,110.06,13.76,12.0,6.36,7.8,0.56,61.56,184.69,True,Low,Depot C,True,False,1.0,Resell
CON-103662,Crate,Wood,23.69,37,70,None,Safe,62.93,None,False,0.0,24.56,41.89,0.0,10.92,5.84,6.72,0.47,3.79,11.37,False,Low,Warehouse A,True,True,1.0,Resell
CON-103663,Crate,Wood,19.37,41,67,Low,Safe,65.15,None,False,4.2,23.93,37.28,0.0,9.84,5.32,5.64,0.39,3.1,9.3,False,Low,Facility D,True,True,1.0,Refurbish
CON-103664,Box,Plastic,6.37,16,13,None,Safe,88.67,None,False,0.0,5.25,12.92,1.3,6.59,3.76,2.39,0.13,6.63,19.88,True,Low,Warehouse A,True,True,1.0,Resell
CON-103665,Box,Cardboard,1.62,60,81,Low,Safe,70.96,Organic,False,0.64,14.71,3.24,0.14,5.4,3.19,1.2,0.03,0.65,1.94,True,Low,Terminal E,True,True,1.0,Resell
CON-103666,Crate,Plastic,6.26,40,42,High,Unsafe,63.89,None,True,41.41,21.62,0.0,1.27,6.57,2.25,2.37,0.13,6.51,19.54,True,High,Hub B,True,True,1.0,Recycle
CON-103667,Drum,Plastic,6.88,21,21,None,Safe,77.12,None,False,0.0,23.53,89.01,1.35,6.72,3.83,2.52,0.14,7.16,21.47,True,Low,Depot C,True,True,1.0,Resell
CON-103668,Tote,Plastic,7.19,13,27,None,Safe,79.89,None,False,0.0,11.72,32.14,1.52,6.8,3.86,2.6,0.14,7.48,22.43,True,Low,Warehouse A,True,True,1.0,Resell
CON-103669,Pallet,Wood,17.96,42,116,High,Unsafe,66.11,None,True,24.99,24.18,0.0,0.0,9.49,3.66,5.29,0.36,2.87,8.62,False,High,Depot C,True,True,1.0,Dispose
CON-103670,Tote,Plastic,6.78,22,30,High,Unsafe,71.36,None,True,18.46,13.3,0.0,1.36,6.69,2.31,2.49,0.14,7.05,21.15,True,High,Hub B,False,False,1.0,Recycle
CON-103671,Tote,Plastic,5.67,24,74,Medium,Minor Damage,84.12,None,True,9.4,15.78,26.23,1.18,6.42,1.18,2.22,0.11,5.9,17.69,True,Medium,Depot C,True,True,1.0,Resell
CON-103672,Crate,Plastic,5.81,55,31,Low,Minor Damage,65.21,None,False,4.22,20.32,32.43,1.23,6.45,3.7,2.25,0.12,6.04,18.12,True,Low,Hub B,True,True,1.0,Resell
CON-103673,Crate,Plastic,6.94,2,4,Low,Safe,98.03,None,False,3.23,12.7,73.3,1.3,6.73,3.83,2.53,0.14,7.22,21.65,True,Low,Warehouse A,True,True,1.0,Resell
CON-103674,Box,Cardboard,1.26,53,92,Medium,Minor Damage,77.51,Chemical,True,2.83,14.82,3.99,0.1,13.29,0.65,1.11,0.03,0.5,1.51,True,Medium,Depot C,True,True,1.0,Resell
CON-103675,Pallet,Plastic,6.59,48,42,None,Safe,83.68,None,False,0.0,14.15,20.5,1.31,6.65,3.79,2.45,0.13,6.85,20.55,True,Low,Depot C,True,True,1.0,Resell
CON-103676,Drum,Plastic,6.1,29,57,Medium,Minor Damage,65.63,None,True,25.72,28.86,78.1,1.25,6.53,1.23,2.33,0.12,6.35,19.05,True,Medium,Terminal E,True,True,1.0,Resell
CON-103677,Pallet,Wood,23.25,46,117,Low,Safe,66.47,None,False,2.41,24.23,16.2,0.0,10.81,5.79,6.61,0.47,3.72,11.16,False,Low,Warehouse A,True,True,1.0,Resell
CON-103678,Tote,Plastic,5.01,57,178,Critical,Unsafe,51.07,Chemical,True,30.56,31.14,0.0,0.94,15.63,3.6,2.05,0.1,5.21,15.62,True,High,Terminal E,True,True,1.0,Recycle
CON-103679,Crate,Wood,19.63,36,96,Low,Minor Damage,61.63,Organic,False,3.81,27.35,33.41,0.0,9.91,5.36,5.71,0.39,3.14,9.42,False,Low,Hub B,True,True,1.0,Resell
CON-103680,Tote,Plastic,4.83,40,111,High,Unsafe,62.54,None,True,18.72,22.72,0.0,0.94,6.21,2.08,2.01,0.1,5.03,15.08,True,High,Facility D,False,True,1.0,Recycle
CON-103681,Drum,Metal,32.01,7,24,Low,Safe,68.59,None,False,5.5,25.11,108.54,17.51,13.0,6.84,8.8,0.64,70.43,211.3,True,Low,Facility D,True,True,1.0,Resell
CON-103682,Box,Cardboard,1.22,19,14,Low,Minor Damage,93.81,None,False,0.7,4.58,12.55,0.1,5.31,3.15,1.11,0.02,0.49,1.47,True,Low,Hub B,False,True,1.0,Resell
CON-103683,Drum,Metal,25.57,50,147,Medium,Moderate Damage,58.35,None,True,23.35,38.95,24.4,13.77,11.39,3.57,7.19,0.51,56.25,168.74,True,Medium,Terminal E,True,False,1.0,Resell
CON-103684,Box,Cardboard,1.43,59,41,None,Safe,81.16,Organic,False,0.0,9.18,5.26,0.1,5.36,3.17,1.16,0.03,0.57,1.72,True,Low,Terminal E,True,True,1.0,Resell
CON-103685,Drum,Plastic,6.44,19,52,Medium,Minor Damage,89.05,None,True,23.95,24.84,82.24,1.33,6.61,1.27,2.41,0.13,6.7,20.1,True,Medium,Hub B,True,True,1.0,Resell
CON-103686,Box,Plastic,6.12,40,74,None,Safe,55.54,None,False,0.0,16.32,7.28,1.17,6.53,3.73,2.33,0.12,6.36,19.08,True,Low,Depot C,True,True,1.0,Resell
CON-103687,Crate,Wood,21.93,11,16,None,Safe,95.44,None,False,0.0,14.28,63.68,0.0,10.48,5.63,6.28,0.44,3.51,10.53,False,Low,Warehouse A,True,False,1.0,Resell
CON-103688,Tote,Plastic,5.56,52,176,Medium,Minor Damage,56.05,None,True,6.59,30.19,4.97,1.08,6.39,1.17,2.19,0.11,5.78,17.35,True,Medium,Warehouse A,True,True,1.0,Resell
CON-103689,Pallet,Plastic,6.98,51,88,Medium,Minor Damage,55.73,None,True,9.65,22.94,14.67,1.38,6.75,1.34,2.55,0.14,7.26,21.78,True,Medium,Depot C,True,True,1.0,Resell
CON-103690,Pallet,Plastic,5.62,39,128,Medium,Moderate Damage,74.01,None,True,9.01,24.2,16.95,1.13,6.4,1.17,2.2,0.11,5.84,17.53,True,Medium,Warehouse A,False,True,1.0,Resell
CON-103691,Crate,Metal,26.85,37,96,Critical,Unsafe,64.96,None,True,71.42,26.86,0.0,13.3,11.71,6.22,7.51,0.54,59.06,177.19,True,High,Facility D,True,True,1.0,Recycle
CON-103692,Tote,Plastic,5.2,20,57,Medium,Moderate Damage,76.91,None,True,9.23,15.16,29.83,1.1,6.3,1.12,2.1,0.1,5.4,16.21,True,Medium,Terminal E,True,False,1.0,Resell
CON-103693,Tote,Plastic,6.21,1,2,None,Safe,88.86,Chemical,False,0.0,7.87,42.7,1.32,16.38,3.75,2.35,0.12,6.46,19.37,True,Medium,Depot C,True,True,1.0,Resell
CON-103694,Pallet,Wood,19.52,9,22,None,Safe,68.74,None,False,0.0,14.39,41.04,0.0,9.88,5.34,5.68,0.39,3.12,9.37,False,Low,Terminal E,False,True,1.0,Resell
CON-103695,Pallet,Plastic,6.63,59,90,Medium,Moderate Damage,76.6,None,True,9.87,20.01,11.2,1.32,6.66,1.3,2.46,0.13,6.9,20.69,True,Medium,Warehouse A,True,True,1.0,Resell
CON-103696,Box,Cardboard,1.75,12,18,Medium,Moderate Damage,79.14,None,True,2.73,7.18,13.44,0.15,5.44,0.71,1.24,0.04,0.7,2.11,True,Medium,Warehouse A,True,True,1.0,Resell
CON-103697,Box,Plastic,6.01,40,54,Low,Minor Damage,84.46,None,False,0.73,9.98,7.25,1.1,6.5,3.72,2.3,0.12,6.25,18.74,True,Low,Depot C,True,True,1.0,Resell
CON-103698,Box,Cardboard,1.59,42,139,Low,Safe,64.8,Organic,False,0.71,21.43,4.4,0.12,5.4,3.19,1.2,0.03,0.63,1.9,True,Low,Facility D,False,True,1.0,Resell
CON-103699,Drum,Metal,27.94,48,157,High,Unsafe,63.54,None,True,57.0,39.17,0.0,13.17,11.99,4.85,7.79,0.56,61.48,184.43,True,High,Depot C,True,True,1.0,Recycle
CON-103700,Crate,Metal,26.24,46,105,Low,Safe,57.64,None,False,3.85,28.85,26.91,14.36,11.56,6.15,7.36,0.52,57.74,173.21,True,Low,Facility D,True,False,1.0,Resell
CON-103701,Crate,Wood,16.95,39,77,Medium,Moderate Damage,75.77,None,True,14.65,23.33,39.8,0.0,9.24,2.53,5.04,0.34,2.71,8.14,False,Medium,Hub B,True,True,1.0,Resell
CON-103702,Crate,Plastic,7.15,33,36,None,Safe,66.1,None,False,0.0,20.68,43.2,1.4,6.79,3.86,2.59,0.14,7.44,22.31,True,Low,Hub B,False,True,1.0,Resell
CON-103703,Tote,Plastic,5.41,56,30,Low,Minor Damage,90.24,Chemical,False,2.1,10.46,16.56,1.02,15.88,3.65,2.15,0.11,5.62,16.87,True,Medium,Facility D,True,True,1.0,Resell
CON-103704,Box,Cardboard,1.75,26,86,Low,Minor Damage,62.27,None,False,0.66,16.51,9.27,0.14,5.44,3.21,1.24,0.03,0.7,2.1,True,Low,Terminal E,False,False,1.0,Resell
CON-103705,Crate,Plastic,5.95,55,180,Medium,Moderate Damage,46.12,None,True,14.04,38.08,7.85,1.28,6.49,1.21,2.29,0.12,6.19,18.57,True,Medium,Warehouse A,True,True,1.0,Resell
CON-103706,Tote,Plastic,6.75,54,100,Low,Safe,60.77,None,False,2.29,21.88,10.23,1.25,6.69,3.81,2.49,0.13,7.02,21.05,True,Low,Terminal E,False,True,1.0,Resell
CON-103707,Tote,Plastic,6.86,23,19,Low,Minor Damage,85.56,None,False,2.38,10.07,31.92,1.44,6.71,3.82,2.51,0.14,7.13,21.39,True,Low,Hub B,True,False,1.0,Resell
CON-103708,Pallet,Plastic,4.87,27,55,Low,Safe,63.78,None,False,2.46,18.43,33.92,0.94,6.22,3.58,2.02,0.1,5.07,15.2,True,Low,Facility D,True,True,1.0,Resell
CON-103709,Tote,Plastic,5.72,44,145,Low,Safe,52.38,None,False,2.19,27.64,10.13,1.25,6.43,3.69,2.23,0.11,5.95,17.84,True,Low,Facility D,True,False,1.0,Resell
CON-103710,Box,Plastic,6.16,13,8,None,Safe,89.83,None,False,0.0,4.58,13.45,1.23,6.54,3.74,2.34,0.12,6.41,19.23,True,Low,Warehouse A,True,True,1.0,Resell
CON-103711,Box,Cardboard,1.74,56,116,Medium,Moderate Damage,57.65,None,True,3.24,20.2,3.33,0.15,5.44,0.71,1.24,0.03,0.7,2.09,True,Medium,Hub B,True,True,1.0,Resell
CON-103712,Box,Cardboard,1.35,48,103,Medium,Minor Damage,72.67,None,True,3.21,16.65,4.75,0.1,5.34,0.66,1.14,0.03,0.54,1.61,True,Medium,Warehouse A,True,False,1.0,Resell
CON-103713,Drum,Metal,30.49,43,80,None,Safe,70.83,None,False,0.0,30.38,54.03,14.91,12.62,6.66,8.42,0.61,67.08,201.25,True,Low,Facility D,True,True,1.0,Resell
CON-103714,Crate,Wood,17.04,50,82,Medium,Moderate Damage,73.73,None,True,17.19,24.14,25.83,0.0,9.26,2.55,5.06,0.34,2.73,8.18,False,Medium,Terminal E,False,True,1.0,Resell
CON-103715,Drum,Metal,33.84,25,52,Low,Minor Damage,69.32,None,False,6.14,27.8,84.86,16.24,13.46,7.06,9.26,0.68,74.45,223.35,True,Low,Terminal E,True,False,1.0,Resell
CON-103716,Box,Cardboard,1.71,33,24,None,Safe,94.9,None,False,0.0,5.42,8.41,0.13,5.43,3.2,1.23,0.03,0.68,2.05,True,Low,Hub B,True,True,1.0,Resell
CON-103717,Tote,Plastic,6.61,5,13,None,Safe,79.67,Organic,False,0.0,10.35,35.11,1.24,6.65,3.79,2.45,0.13,6.88,20.63,True,Low,Depot C,True,True,1.0,Resell
CON-103718,Crate,Wood,22.94,19,23,None,Safe,82.17,None,False,0.0,16.97,65.1,0.0,10.74,5.75,6.54,0.46,3.67,11.01,False,Low,Terminal E,True,False,1.0,Resell
CON-103719,Box,Cardboard,1.62,18,61,Low,Minor Damage,64.93,None,False,0.84,13.61,9.66,0.12,5.41,3.19,1.21,0.03,0.65,1.95,True,Low,Facility D,True,True,1.0,Resell
CON-103720,Box,Plastic,7.16,8,26,Low,Minor Damage,87.82,None,False,0.63,6.68,12.34,1.43,6.79,3.86,2.59,0.14,7.44,22.33,True,Low,Depot C,False,True,1.0,Resell
CON-103721,Drum,Metal,26.1,55,147,Low,Minor Damage,66.93,None,False,5.66,37.66,18.07,14.04,11.53,6.13,7.33,0.52,57.43,172.28,True,Low,Terminal E,True,False,1.0,Resell
CON-103722,Pallet,Plastic,5.98,5,17,None,Safe,84.26,None,False,0.0,11.56,48.43,1.14,6.5,3.72,2.3,0.12,6.22,18.67,True,Low,Facility D,False,False,1.0,Resell
CON-103723,Pallet,Wood,21.48,40,27,Low,Safe,71.32,None,False,2.83,14.5,29.42,0.0,10.37,5.58,6.17,0.43,3.44,10.31,False,Low,Warehouse A,True,False,1.0,Resell
CON-103724,Crate,Metal,25.45,7,15,Low,Safe,69.53,None,False,3.29,18.07,76.7,12.18,11.36,6.05,7.16,0.51,55.99,167.97,True,Low,Warehouse A,True,True,1.0,Resell
CON-103725,Crate,Metal,33.43,26,52,Medium,Minor Damage,86.68,None,True,13.11,19.2,48.55,15.42,13.36,4.51,9.16,0.67,73.54,220.61,True,Medium,Hub B,True,True,1.0,Resell
CON-103726,Drum,Plastic,6.76,26,16,None,Safe,93.95,None,False,0.0,20.51,86.0,1.27,6.69,3.81,2.49,0.14,7.03,21.09,True,Low,Terminal E,True,True,1.0,Resell
CON-103727,Drum,Metal,30.54,55,129,Critical,Unsafe,64.98,Hazardous,True,99.7,36.15,0.0,0.0,75.82,6.67,8.44,0.61,67.2,201.59,False,High,Warehouse A,True,True,0.83,Dispose
CON-103728,Crate,Plastic,5.36,1,3,Low,Safe,93.86,None,False,4.71,13.22,78.99,1.01,6.34,3.64,2.14,0.11,5.57,16.72,True,Low,Warehouse A,True,False,1.0,Resell
CON-103729,Box,Plastic,6.57,2,2,None,Safe,90.33,None,False,0.0,3.9,14.84,1.32,6.64,3.79,2.44,0.13,6.83,20.5,True,Low,Terminal E,True,True,1.0,Resell
CON-103730,Pallet,Plastic,6.19,54,148,Medium,Minor Damage,42.51,None,True,9.68,30.92,8.35,1.29,6.55,1.24,2.35,0.12,6.44,19.32,True,Medium,Terminal E,True,True,1.0,Refurbish
CON-103731,Box,Plastic,5.01,6,6,High,Moderate Damage,92.37,None,True,6.45,4.0,13.76,0.98,6.25,2.1,2.05,0.1,5.21,15.64,True,Medium,Facility D,True,True,1.0,Resell
CON-103732,Drum,Plastic,6.85,20,57,Low,Safe,64.72,None,False,7.03,28.99,90.12,1.38,6.71,3.82,2.51,0.14,7.13,21.38,True,Low,Hub B,True,False,1.0,Resell
CON-103733,Tote,Plastic,6.08,37,62,High,Moderate Damage,80.81,None,True,20.86,15.08,19.35,1.11,6.52,2.23,2.32,0.12,6.33,18.98,True,Medium,Depot C,False,True,1.0,Resell
CON-103734,Drum,Metal,25.0,15,42,Low,Minor Damage,66.0,None,False,5.77,27.3,94.68,11.31,11.25,6.0,7.05,0.5,54.99,164.97,True,Low,Terminal E,True,True,0.76,Manual_Review
CON-103735,Crate,Metal,32.12,19,63,High,Unsafe,65.33,None,True,31.59,23.5,0.0,17.33,13.03,5.35,8.83,0.64,70.67,212.02,True,High,Warehouse A,True,True,1.0,Recycle
CON-103736,Drum,Plastic,7.17,34,111,Critical,Unsafe,53.27,None,True,110.06,36.11,0.0,1.52,6.79,3.86,2.59,0.14,7.46,22.38,True,High,Terminal E,True,True,1.0,Recycle
CON-103737,Crate,Metal,32.64,49,120,Medium,Moderate Damage,61.56,None,True,18.74,29.77,22.81,16.95,13.16,4.42,8.96,0.65,71.8,215.39,True,Medium,Warehouse A,True,True,1.0,Resell
CON-103738,Drum,Plastic,5.04,28,40,Low,Minor Damage,79.41,None,False,5.9,25.09,70.58,1.07,6.26,3.61,2.06,0.1,5.24,15.73,True,Low,Warehouse A,True,True,1.0,Resell
CON-103739,Box,Cardboard,1.51,43,23,Medium,Moderate Damage,76.62,None,True,2.63,8.06,8.28,0.12,5.38,0.68,1.18,0.03,0.61,1.82,True,Medium,Facility D,False,False,1.0,Resell
CON-103740,Drum,Metal,28.34,56,84,Low,Minor Damage,69.39,None,False,4.87,30.99,29.89,14.77,12.08,6.4,7.88,0.57,62.34,187.03,True,Low,Hub B,True,True,1.0,Resell
CON-103741,Tote,Plastic,6.09,54,110,Medium,Minor Damage,62.88,None,True,8.54,22.57,9.93,1.25,6.52,1.23,2.32,0.12,6.33,18.99,True,Medium,Hub B,True,True,1.0,Resell
CON-103742,Pallet,Plastic,6.1,14,12,Low,Safe,76.87,None,False,2.71,12.17,37.65,1.15,6.52,3.73,2.32,0.12,6.34,19.02,True,Low,Terminal E,True,True,1.0,Resell
CON-103743,Box,Cardboard,1.49,53,165,Medium,Moderate Damage,50.38,Chemical,True,3.5,26.19,2.24,0.12,13.43,0.68,1.17,0.03,0.6,1.79,True,Medium,Warehouse A,True,True,1.0,Resell
CON-103744,Crate,Metal,24.0,54,84,Medium,Moderate Damage,82.08,None,True,17.93,23.09,24.48,10.91,11.0,3.38,6.8,0.48,52.81,158.43,True,Medium,Depot C,True,True,1.0,Resell
CON-103745,Tote,Plastic,5.45,13,21,None,Safe,72.47,None,False,0.0,12.23,34.86,1.18,6.36,3.65,2.16,0.11,5.67,17.01,True,Low,Terminal E,True,False,1.0,Resell
CON-103746,Tote,Plastic,5.71,27,61,Low,Minor Damage,85.41,None,False,1.91,14.29,25.3,1.13,6.43,3.69,2.23,0.11,5.94,17.82,True,Low,Facility D,True,True,1.0,Resell
CON-103747,Pallet,Plastic,6.52,44,97,High,Unsafe,52.6,None,True,24.2,24.31,0.0,1.34,6.63,2.28,2.43,0.13,6.78,20.34,True,High,Depot C,True,False,1.0,Recycle
CON-103748,Drum,Metal,32.06,17,13,None,Safe,89.67,Organic,False,0.0,20.85,102.89,16.98,13.01,6.85,8.81,0.64,70.53,211.59,True,Low,Facility D,True,True,1.0,Resell
CON-103749,Drum,Plastic,7.04,3,4,None,Safe,91.23,None,False,0.0,19.71,123.35,1.42,6.76,3.84,2.56,0.14,7.32,21.95,True,Low,Terminal E,False,True,1.0,Resell
CON-103750,Crate,Wood,16.81,57,126,Medium,Minor Damage,59.03,None,True,18.69,30.75,12.99,0.0,9.2,2.52,5.0,0.34,2.69,8.07,False,Medium,Warehouse A,True,True,0.6,Manual_Review
CON-103751,Tote,Plastic,5.31,57,156,Low,Safe,40.73,None,False,1.83,30.49,4.54,0.99,6.33,3.64,2.13,0.11,5.52,16.56,True,Low,Facility D,False,True,1.0,Resell
CON-103752,Pallet,Wood,19.28,11,21,Low,Safe,88.82,Chemical,False,2.57,11.28,42.41,0.0,24.55,5.31,5.62,0.39,3.09,9.26,False,Medium,Hub B,True,True,1.0,Resell
CON-103753,Tote,Plastic,6.73,16,54,Medium,Minor Damage,64.15,None,True,9.41,16.78,32.07,1.22,6.68,1.31,2.48,0.13,7.0,20.99,True,Medium,Terminal E,True,True,1.0,Resell
CON-103754,Drum,Metal,29.85,52,138,High,Moderate Damage,70.68,Chemical,True,55.43,36.2,26.45,13.44,31.15,5.08,8.26,0.6,65.66,196.98,True,Medium,Terminal E,True,False,1.0,Resell
CON-103755,Tote,Plastic,5.75,27,19,Medium,Minor Damage,78.3,Hazardous,True,6.7,11.16,0.0,0.0,38.63,1.19,2.24,0.12,5.98,17.95,False,High,Warehouse A,True,True,1.0,Dispose
CON-103756,Pallet,Plastic,5.96,26,23,None,Safe,66.02,None,False,0.0,14.9,36.27,1.21,6.49,3.71,2.29,0.12,6.2,18.59,True,Low,Hub B,True,True,1.0,Resell
CON-103757,Tote,Plastic,5.7,2,5,Low,Minor Damage,90.07,None,False,1.94,7.99,35.49,1.22,6.42,3.68,2.22,0.11,5.92,17.77,True,Low,Facility D,True,True,1.0,Resell
CON-103758,Drum,Metal,29.96,28,26,None,Safe,94.15,None,False,0.0,21.48,73.97,14.44,12.49,6.6,8.29,0.6,65.92,197.75,True,Low,Terminal E,True,False,1.0,Resell
CON-103759,Crate,Wood,19.68,8,21,Medium,Moderate Damage,74.53,None,True,12.98,17.92,73.08,0.0,9.92,2.86,5.72,0.39,3.15,9.44,False,Medium,Facility D,True,True,1.0,Resell
CON-103760,Crate,Metal,35.76,13,38,None,Safe,85.58,None,False,0.0,17.96,63.08,19.4,13.94,7.29,9.74,0.72,78.68,236.05,True,Low,Depot C,False,True,1.0,Resell
CON-103761,Drum,Plastic,6.88,21,23,Low,Safe,87.08,None,False,5.5,22.24,97.63,1.32,6.72,3.83,2.52,0.14,7.15,21.46,True,Low,Facility D,True,True,1.0,Resell
CON-103762,Crate,Plastic,6.7,34,51,Low,Minor Damage,73.33,None,False,3.68,21.1,43.7,1.23,6.68,3.8,2.48,0.13,6.97,20.92,True,Low,Terminal E,True,True,1.0,Resell
CON-103763,Crate,Plastic,6.09,9,27,Low,Minor Damage,91.86,None,False,3.49,15.92,66.37,1.22,6.52,3.73,2.32,0.12,6.34,19.01,True,Low,Hub B,True,True,1.0,Resell
CON-103764,Tote,Plastic,5.38,41,28,Low,Minor Damage,77.61,None,False,1.99,12.16,21.27,1.03,6.34,3.65,2.14,0.11,5.59,16.78,True,Low,Facility D,True,False,1.0,Resell
CON-103765,Box,Cardboard,1.24,35,63,None,Safe,72.48,None,False,0.0,12.68,8.45,0.11,5.31,3.15,1.11,0.02,0.5,1.49,True,Low,Warehouse A,False,False,1.0,Resell
CON-103766,Drum,Plastic,6.4,51,68,Low,Safe,57.85,None,False,6.49,31.12,41.04,1.32,6.6,3.77,2.4,0.13,6.66,19.98,True,Low,Depot C,False,False,1.0,Resell
CON-103767,Pallet,Wood,19.24,17,47,Medium,Moderate Damage,87.82,None,True,11.43,14.03,38.43,0.0,9.81,2.81,5.61,0.38,3.08,9.24,False,Medium,Warehouse A,True,True,1.0,Resell
CON-103768,Box,Cardboard,1.63,9,21,Medium,Moderate Damage,77.09,None,True,3.4,7.79,13.1,0.13,5.41,0.7,1.21,0.03,0.65,1.95,True,Medium,Terminal E,False,True,1.0,Resell
CON-103769,Crate,Plastic,6.81,52,34,Low,Safe,78.38,None,False,4.38,18.64,34.94,1.38,6.7,3.82,2.5,0.14,7.08,21.25,True,Low,Terminal E,False,True,1.0,Resell
CON-103770,Crate,Plastic,6.46,11,11,None,Safe,95.46,None,False,0.0,13.78,64.35,1.42,6.62,3.78,2.42,0.13,6.72,20.16,True,Low,Depot C,True,True,1.0,Resell
CON-103771,Tote,Plastic,6.52,36,66,Medium,Minor Damage,59.21,Hazardous,True,8.14,18.72,0.0,0.0,39.79,1.28,2.43,0.13,6.78,20.35,False,High,Hub B,True,True,1.0,Dispose
CON-103772,Drum,Metal,24.99,42,31,None,Safe,92.0,None,False,0.0,22.3,56.97,11.94,11.25,6.0,7.05,0.5,54.98,164.94,True,Low,Terminal E,True,True,1.0,Resell
CON-103773,Crate,Plastic,7.14,21,61,High,Unsafe,77.0,None,True,32.35,21.55,0.0,1.48,6.78,2.36,2.58,0.14,7.42,22.27,True,High,Hub B,True,False,1.0,Recycle
CON-103774,Tote,Plastic,5.25,43,112,High,Moderate Damage,61.11,None,True,16.14,23.03,14.73,1.03,6.31,2.13,2.11,0.11,5.46,16.39,True,Medium,Depot C,True,True,1.0,Resell
CON-103775,Tote,Plastic,5.74,34,99,High,Unsafe,74.01,None,True,20.03,19.8,0.0,1.24,6.43,2.19,2.23,0.11,5.97,17.9,True,High,Terminal E,True,True,1.0,Recycle
CON-103776,Drum,Metal,34.81,13,24,Low,Safe,87.42,None,False,6.84,22.29,94.67,17.49,13.7,7.18,9.5,0.7,76.58,229.74,True,Low,Depot C,True,False,1.0,Resell
CON-103777,Box,Plastic,5.92,13,44,Low,Minor Damage,86.79,None,False,0.69,8.63,12.54,1.24,6.48,3.71,2.28,0.12,6.16,18.48,True,Low,Depot C,False,True,1.0,Resell
CON-103778,Crate,Plastic,6.98,16,11,None,Safe,73.9,None,False,0.0,17.02,67.89,1.27,6.74,3.84,2.54,0.14,7.26,21.77,True,Low,Hub B,False,True,1.0,Resell
CON-103779,Box,Cardboard,1.61,10,9,Low,Safe,69.47,None,False,0.8,7.73,12.1,0.14,5.4,3.19,1.2,0.03,0.64,1.93,True,Low,Terminal E,True,True,1.0,Resell
CON-103780,Box,Plastic,5.5,7,18,Medium,Moderate Damage,91.44,None,True,2.41,5.33,12.69,1.16,6.37,1.16,2.17,0.11,5.72,17.15,True,Medium,Facility D,False,True,1.0,Resell
CON-103781,Box,Cardboard,1.31,47,84,None,Safe,75.94,None,False,0.0,14.26,5.71,0.1,5.33,3.16,1.13,0.03,0.52,1.57,True,Low,Depot C,True,True,1.0,Resell
CON-103782,Tote,Plastic,5.81,41,47,Low,Safe,66.09,Organic,False,1.71,15.79,21.78,1.28,6.45,3.7,2.25,0.12,6.05,18.14,True,Low,Terminal E,True,True,1.0,Resell
CON-103783,Drum,Metal,24.66,23,49,High,Moderate Damage,87.89,None,True,59.26,24.72,79.4,12.98,11.17,4.46,6.97,0.49,54.26,162.77,True,Medium,Terminal E,False,False,1.0,Resell
CON-103784,Box,Cardboard,1.61,57,42,Medium,Moderate Damage,63.02,None,True,3.0,12.0,5.05,0.13,5.4,0.69,1.2,0.03,0.64,1.93,True,Medium,Hub B,True,True,0.72,Manual_Review
CON-103785,Crate,Wood,17.02,50,140,Medium,Moderate Damage,71.38,None,True,18.58,30.29,17.29,0.0,9.26,2.54,5.06,0.34,2.72,8.17,False,Medium,Facility D,False,False,1.0,Resell
CON-103786,Pallet,Plastic,5.41,46,135,Low,Minor Damage,50.92,None,False,2.33,28.36,14.71,1.1,6.35,3.65,2.15,0.11,5.63,16.88,True,Low,Facility D,True,True,1.0,Resell
CON-103787,Drum,Plastic,5.31,44,27,None,Safe,89.88,None,False,0.0,22.22,64.42,1.02,6.33,3.64,2.13,0.11,5.52,16.56,True,Low,Facility D,True,False,1.0,Resell
CON-103788,Tote,Plastic,5.69,14,36,Low,Safe,68.79,None,False,2.29,14.28,28.46,1.15,6.42,3.68,2.22,0.11,5.92,17.76,True,Low,Depot C,False,True,1.0,Resell
CON-103789,Drum,Plastic,4.88,12,23,High,Moderate Damage,77.22,None,True,47.18,23.72,97.86,1.02,6.22,2.09,2.02,0.1,5.08,15.23,True,Medium,Hub B,True,False,1.0,Resell
CON-103790,Tote,Plastic,5.97,28,95,Medium,Moderate Damage,63.93,None,True,7.61,20.91,21.17,1.22,6.49,1.22,2.29,0.12,6.21,18.63,True,Medium,Depot C,True,True,1.0,Resell
CON-103791,Crate,Wood,21.96,46,56,None,Safe,84.49,None,False,0.0,19.93,34.8,0.0,10.49,5.64,6.29,0.44,3.51,10.54,False,Low,Warehouse A,True,True,1.0,Resell
CON-103792,Tote,Plastic,4.81,3,10,Low,Safe,81.87,None,False,1.7,9.72,35.26,0.88,6.2,3.58,2.0,0.1,5.01,15.02,True,Low,Hub B,True,True,1.0,Resell
CON-103793,Tote,Plastic,5.72,50,32,Low,Safe,84.86,None,False,2.28,11.47,17.03,1.06,6.43,3.69,2.23,0.11,5.95,17.85,True,Low,Warehouse A,True,True,1.0,Resell
CON-103794,Crate,Plastic,6.78,58,127,Medium,Minor Damage,51.53,None,True,14.03,31.97,14.35,1.23,6.69,1.31,2.49,0.14,7.05,21.15,True,Medium,Facility D,False,True,1.0,Resell
CON-103795,Tote,Plastic,5.91,28,79,Low,Safe,70.25,None,False,1.7,18.36,24.37,1.07,6.48,3.71,2.28,0.12,6.15,18.44,True,Low,Depot C,True,True,1.0,Resell
CON-103796,Crate,Wood,19.15,13,11,Medium,Moderate Damage,74.26,Organic,True,18.77,16.96,73.96,0.0,9.79,2.8,5.59,0.38,3.06,9.19,False,Medium,Depot C,True,True,1.0,Resell
CON-103797,Drum,Plastic,6.67,41,111,Low,Minor Damage,50.88,Hazardous,False,5.8,36.47,0.0,0.0,40.0,3.8,2.47,0.13,6.93,20.8,False,High,Facility D,False,True,1.0,Dispose
CON-103798,Box,Plastic,5.2,33,46,None,Safe,90.65,None,False,0.0,8.25,9.37,0.94,6.3,3.62,2.1,0.1,5.41,16.22,True,Low,Warehouse A,True,True,1.0,Resell
CON-103799,Crate,Plastic,6.56,2,5,Critical,Unsafe,83.77,None,True,80.48,14.93,0.0,1.22,6.64,3.79,2.44,0.13,6.82,20.45,True,High,Terminal E,True,True,1.0,Recycle
CON-103800,Pallet,Wood,22.97,14,37,Low,Minor Damage,82.71,None,False,2.28,13.79,36.28,0.0,10.74,5.76,6.54,0.46,3.67,11.02,False,Low,Facility D,False,True,1.0,Resell
CON-103801,Drum,Plastic,4.99,45,110,High,Moderate Damage,77.43,Organic,True,45.06,32.39,38.42,1.09,6.25,2.1,2.05,0.1,5.19,15.56,True,Medium,Terminal E,False,True,1.0,Resell
CON-103802,Tote,Plastic,6.3,41,137,Medium,Moderate Damage,57.35,None,True,7.31,26.1,12.84,1.17,6.57,1.26,2.37,0.13,6.55,19.64,True,Medium,Terminal E,False,True,1.0,Resell
CON-103803,Crate,Metal,28.21,34,21,None,Safe,80.7,None,False,0.0,17.0,48.16,14.87,12.05,6.39,7.85,0.56,62.07,186.2,True,Low,Facility D,True,True,1.0,Resell
CON-103804,Tote,Plastic,6.56,36,32,None,Safe,78.86,None,False,0.0,12.37,23.8,1.32,6.64,3.79,2.44,0.13,6.83,20.48,True,Low,Depot C,True,True,1.0,Resell
CON-103805,Box,Cardboard,1.6,41,87,Low,Safe,67.4,None,False,0.87,15.84,6.51,0.12,5.4,3.19,1.2,0.03,0.64,1.92,True,Low,Warehouse A,True,True,1.0,Resell
CON-103806,Drum,Plastic,7.18,30,19,High,Unsafe,70.35,None,True,63.97,24.35,0.0,1.36,6.79,2.36,2.59,0.14,7.47,22.4,True,High,Facility D,True,True,1.0,Recycle
CON-103807,Crate,Wood,19.21,23,31,None,Safe,91.31,None,False,0.0,16.4,56.33,0.0,9.8,5.31,5.6,0.38,3.07,9.22,False,Low,Hub B,True,True,1.0,Resell
CON-103808,Pallet,Plastic,5.92,27,82,Low,Safe,70.57,None,False,2.12,20.11,25.59,1.17,6.48,3.71,2.28,0.12,6.16,18.48,True,Low,Facility D,True,False,1.0,Resell
CON-103809,Box,Cardboard,1.69,56,121,Critical,Unsafe,49.89,None,True,15.23,21.87,0.0,0.13,5.42,3.2,1.22,0.03,0.68,2.03,True,High,Facility D,True,True,1.0,Recycle
CON-103810,Pallet,Wood,20.68,21,24,Medium,Minor Damage,74.47,None,True,11.83,13.73,34.86,0.0,10.17,2.98,5.97,0.41,3.31,9.93,False,Medium,Terminal E,True,False,1.0,Resell
CON-103811,Tote,Plastic,6.04,26,22,None,Safe,86.01,None,False,0.0,10.3,27.25,1.19,6.51,3.72,2.31,0.12,6.28,18.84,True,Low,Depot C,True,True,1.0,Resell
CON-103812,Crate,Metal,32.21,12,7,Low,Safe,88.45,None,False,4.44,14.43,67.11,14.67,13.05,6.87,8.85,0.64,70.86,212.58,True,Low,Hub B,True,False,1.0,Resell
CON-103813,Tote,Plastic,5.68,41,141,Critical,Unsafe,64.18,None,True,28.52,25.47,0.0,1.22,6.42,3.68,2.22,0.11,5.91,17.73,True,High,Warehouse A,True,True,1.0,Recycle
CON-103814,Tote,Plastic,7.01,58,134,Critical,Unsafe,59.98,None,True,39.93,25.4,0.0,1.5,6.75,3.84,2.55,0.14,7.29,21.87,True,High,Facility D,True,True,1.0,Recycle
CON-103815,Tote,Plastic,5.13,33,24,,Safe,83.62,None,False,2.32,10.86,24.75,1.02,6.28,3.62,2.08,0.1,5.34,16.01,True,Low,Warehouse A,True,True,1.0,Resell
CON-103816,Box,Plastic,6.89,28,19,None,Safe,86.62,Hazardous,False,0.0,6.16,0.0,0.0,40.34,3.83,2.52,0.14,7.17,21.5,False,High,Depot C,True,True,1.0,Dispose
CON-103817,Box,Plastic,6.33,1,0,Low,Safe,99.15,None,False,0.85,2.38,13.41,1.2,6.58,3.76,2.38,0.13,6.59,19.76,True,Low,Warehouse A,True,True,1.0,Resell
CON-103818,Box,Plastic,7.0,6,4,None,Safe,74.16,None,False,0.0,6.53,14.74,1.42,6.75,3.84,2.55,0.14,7.28,21.83,True,Low,Warehouse A,True,False,1.0,Resell
CON-103819,Tote,Plastic,5.92,32,106,Low,Minor Damage,70.14,None,False,2.17,21.08,19.26,1.29,6.48,3.71,2.28,0.12,6.16,18.47,True,Low,Depot C,False,True,1.0,Resell
CON-103820,Crate,Plastic,6.15,57,45,Low,Safe,84.81,None,False,3.73,18.78,26.64,1.29,6.54,3.74,2.34,0.12,6.39,19.18,True,Low,Depot C,False,True,1.0,Resell
CON-103821,Tote,Plastic,5.5,30,81,Medium,Minor Damage,,None,True,8.35,19.24,22.37,0.99,6.37,1.16,2.17,0.11,5.72,17.16,True,Medium,Terminal E,True,True,1.0,Resell
CON-103822,Drum,Plastic,5.81,37,70,Low,Minor Damage,69.7,None,False,5.7,29.55,53.75,1.14,6.45,3.7,2.25,0.12,6.05,18.14,True,Low,Terminal E,True,True,1.0,Resell
CON-103823,Tote,Plastic,6.55,30,93,Medium,Minor Damage,61.15,None,True,8.43,21.13,20.57,1.36,6.64,1.29,2.44,0.13,6.81,20.43,True,Medium,Facility D,True,True,1.0,Resell
CON-103824,Tote,Plastic,5.69,39,72,Low,Minor Damage,67.59,None,False,1.99,18.06,20.17,1.13,6.42,3.68,2.22,0.11,5.92,17.76,True,Low,Terminal E,True,True,1.0,Resell
CON-103825,Drum,Metal,26.31,47,58,None,Safe,81.35,None,False,0.0,26.6,53.66,13.33,11.58,6.16,7.38,0.53,57.87,173.62,True,Low,Depot C,False,True,1.0,Resell
CON-103826,Pallet,Plastic,6.0,33,56,None,Safe,75.34,None,False,0.0,16.8,27.6,1.23,6.5,3.72,2.3,0.12,6.24,18.71,True,Low,Terminal E,True,True,1.0,Refurbish
CON-103827,Pallet,Wood,23.78,57,189,High,Moderate Damage,60.2,None,True,23.74,32.37,4.72,0.0,10.95,4.35,6.75,0.48,3.81,11.42,False,Medium,Terminal E,False,False,1.0,Resell
CON-103828,Tote,Plastic,7.16,46,130,High,Moderate Damage,56.35,None,True,16.8,25.55,11.91,1.5,6.79,2.36,2.59,0.14,7.45,22.34,True,Medium,Facility D,False,False,1.0,Resell
CON-103829,Tote,Plastic,6.0,44,26,Low,Safe,69.82,None,False,2.23,13.13,21.02,1.08,6.5,3.72,2.3,0.12,6.24,18.71,True,Low,Hub B,True,True,1.0,Resell
CON-103830,Crate,Plastic,6.3,37,110,None,Safe,51.21,None,False,0.0,30.32,32.5,1.29,6.57,3.76,2.37,0.13,6.55,19.65,True,Low,Depot C,False,True,1.0,Resell
CON-103831,Pallet,Plastic,6.26,41,59,High,Unsafe,81.01,None,True,21.36,16.25,0.0,1.32,6.57,2.25,2.37,0.13,6.51,19.54,True,High,Warehouse A,True,True,1.0,Recycle
CON-103832,Pallet,Plastic,7.11,12,15,None,Safe,92.08,None,False,0.0,10.19,43.9,1.3,6.78,3.85,2.58,0.14,7.4,22.19,True,Low,Hub B,True,True,1.0,Resell
CON-103833,Drum,Plastic,4.95,44,136,High,Moderate Damage,57.48,None,True,45.6,37.98,31.92,0.94,6.24,2.09,2.04,0.1,5.15,15.44,True,Medium,Depot C,True,True,1.0,Resell
CON-103834,Tote,Plastic,5.16,6,7,Medium,Moderate Damage,97.63,None,True,9.34,7.06,33.59,1.01,6.29,1.12,2.09,0.1,5.37,16.1,True,Medium,Warehouse A,False,True,1.0,Resell
CON-103835,Drum,Plastic,6.99,18,31,Medium,Moderate Damage,82.87,None,True,26.94,23.67,87.82,1.31,6.75,1.34,2.55,0.14,7.27,21.8,True,Medium,Hub B,True,True,1.0,Resell
CON-103836,Crate,Metal,31.44,23,56,High,Unsafe,83.0,None,True,34.3,20.15,0.0,14.88,12.86,5.27,8.66,0.63,69.16,207.48,True,High,Facility D,True,False,1.0,Recycle
CON-103837,Box,Cardboard,1.47,19,24,Low,Minor Damage,89.82,None,False,0.85,6.18,12.12,0.11,5.37,3.18,1.17,0.03,0.59,1.76,True,Low,Terminal E,True,True,1.0,Resell
CON-103838,Drum,Metal,33.68,42,75,Medium,Moderate Damage,59.67,Chemical,True,25.72,31.55,52.89,16.79,33.55,4.54,9.22,0.67,74.11,222.32,True,Medium,Warehouse A,True,True,1.0,Resell
CON-103839,Pallet,Plastic,7.08,18,38,None,Safe,84.16,None,False,0.0,13.68,37.82,1.47,6.77,3.85,2.57,0.14,7.36,22.08,True,Low,Depot C,True,True,1.0,Resell
CON-103840,Crate,Wood,23.71,48,132,Critical,Unsafe,72.42,None,True,79.92,29.34,0.0,0.0,10.93,5.84,6.73,0.47,3.79,11.38,False,High,Terminal E,True,False,1.0,Dispose
CON-103841,Drum,Plastic,5.04,58,64,Medium,Moderate Damage,84.63,None,True,25.14,26.71,31.78,1.02,6.26,1.1,2.06,0.1,5.24,15.71,True,Medium,Hub B,False,True,1.0,Resell
CON-103842,Tote,Plastic,6.62,46,26,None,Safe,77.52,None,False,0.0,11.97,18.19,1.2,6.65,3.79,2.45,0.13,6.88,20.64,True,Low,Warehouse A,True,True,1.0,Resell
CON-103843,Pallet,Wood,22.55,52,87,Medium,Moderate Damage,65.12,None,True,11.48,21.43,14.44,0.0,10.64,3.21,6.44,0.45,3.61,10.82,False,Medium,Facility D,True,True,1.0,Resell
CON-103844,Tote,Plastic,6.5,37,101,Medium,Minor Damage,64.47,None,True,8.87,21.43,17.96,1.17,6.62,1.28,2.42,0.13,6.76,20.28,True,Medium,Warehouse A,False,True,1.0,Resell
CON-103845,Box,Cardboard,1.75,42,99,None,Safe,69.28,Organic,False,0.0,16.76,5.63,0.14,5.44,3.21,1.24,0.03,0.7,2.1,True,Low,Facility D,False,True,1.0,Resell
CON-103846,Drum,Metal,29.9,52,39,None,Safe,87.98,None,False,0.0,23.7,52.57,16.05,12.47,6.59,8.27,0.6,65.77,197.32,True,Low,Hub B,True,True,1.0,Resell
CON-103847,Pallet,Plastic,5.3,58,93,High,Unsafe,68.45,None,True,22.89,21.53,0.0,1.05,6.32,2.14,2.12,0.11,5.51,16.52,True,High,Hub B,True,True,1.0,Recycle
CON-103848,Box,Plastic,6.52,59,151,Medium,Moderate Damage,66.69,None,True,3.2,22.35,1.72,1.2,6.63,1.28,2.43,0.13,6.79,20.36,True,Medium,Facility D,True,False,1.0,Resell
CON-103849,Box,Cardboard,1.37,25,53,Low,Safe,77.39,None,False,0.78,10.94,9.42,0.1,5.34,3.16,1.14,0.03,0.55,1.65,True,Low,Terminal E,False,True,1.0,Resell
CON-103850,Drum,Metal,25.7,46,45,Critical,Unsafe,62.26,None,True,116.53,28.16,0.0,12.08,11.42,6.08,7.22,0.51,56.54,169.61,True,High,Terminal E,True,True,1.0,Recycle
CON-103851,Box,Cardboard,1.4,7,9,Low,Safe,70.18,None,False,0.88,7.62,14.44,0.11,5.35,3.17,1.15,0.03,0.56,1.69,True,Low,Facility D,True,False,0.6,Manual_Review
CON-103852,Crate,Metal,25.08,28,40,None,Safe,83.93,None,False,0.0,18.41,46.12,12.44,11.27,6.01,7.07,0.5,55.18,165.55,True,Low,Depot C,True,True,1.0,Resell
CON-103853,Crate,Wood,17.41,16,38,Low,Minor Damage,83.43,None,False,4.06,18.29,58.29,0.0,9.35,5.09,5.15,0.35,2.79,8.36,False,Low,Hub B,True,True,1.0,Resell
CON-103854,Crate,Plastic,7.01,49,105,Medium,Moderate Damage,64.52,None,True,14.49,27.82,26.03,1.3,6.75,1.34,2.55,0.14,7.29,21.86,True,Medium,Terminal E,True,True,1.0,Resell
CON-103855,Drum,Plastic,5.23,51,134,None,Safe,52.02,None,False,0.0,38.6,28.98,0.98,6.31,3.63,2.11,0.1,5.44,16.31,True,Low,Depot C,True,True,1.0,Resell
CON-103856,Tote,Plastic,6.12,31,30,None,Safe,76.47,None,False,0.0,12.53,23.33,1.13,6.53,3.73,2.33,0.12,6.36,19.08,True,Low,Hub B,True,True,1.0,Resell
CON-103857,Pallet,Wood,22.88,36,110,Low,Safe,77.36,Chemical,False,2.5,21.9,20.89,0.0,26.8,5.75,6.52,0.46,3.66,10.98,False,Medium,Warehouse A,True,True,1.0,Resell
CON-103858,Pallet,Plastic,5.22,8,4,None,Safe,76.18,Organic,False,0.0,11.47,42.82,1.01,6.31,3.63,2.11,0.1,5.43,16.3,True,Low,Depot C,False,False,1.0,Resell
CON-103859,Pallet,Plastic,6.88,38,33,Low,Safe,88.37,Hazardous,False,2.02,12.54,0.0,0.0,40.32,3.83,2.52,0.14,7.15,21.46,False,High,Hub B,True,True,1.0,Dispose
CON-103860,Pallet,Plastic,6.81,37,126,High,Moderate Damage,64.81,Chemical,True,25.28,25.38,19.32,1.41,16.76,2.32,2.5,0.14,7.08,21.25,True,Medium,Hub B,True,True,1.0,Resell
CON-103861,Pallet,Plastic,4.92,1,3,None,,85.19,None,False,0.0,10.02,44.6,0.93,6.23,3.59,2.03,0.1,5.11,15.34,True,Low,Terminal E,True,True,1.0,Resell
CON-103862,Drum,Plastic,5.16,25,13,High,Unsafe,72.74,None,True,57.77,23.39,0.0,1.04,6.29,2.12,2.09,0.1,5.36,16.09,True,High,Warehouse A,True,True,1.0,Recycle
CON-103863,Pallet,Plastic,7.0,3,1,None,Safe,70.8,None,False,0.0,11.98,46.36,1.34,6.75,3.84,2.55,0.14,7.28,21.84,True,Low,Warehouse A,True,True,1.0,Resell
CON-103864,Box,Cardboard,1.44,54,176,Critical,Unsafe,57.36,None,True,11.95,26.25,0.0,0.12,5.36,3.17,1.16,0.03,0.58,1.73,True,High,Warehouse A,True,True,1.0,Recycle
CON-103865,Tote,Plastic,6.01,34,87,Medium,Moderate Damage,59.8,None,True,9.55,20.73,20.21,1.31,6.5,1.22,2.3,0.12,6.26,18.77,True,Medium,Facility D,False,True,1.0,Resell
CON-103866,Pallet,Plastic,6.42,60,189,None,Safe,38.1,None,False,0.0,35.68,4.58,1.3,6.6,3.77,2.4,0.13,6.67,20.02,True,Low,Facility D,False,True,1.0,Resell
CON-103867,Tote,Plastic,6.58,46,125,Low,Safe,68.03,None,False,1.92,23.29,10.88,1.24,6.65,3.79,2.45,0.13,6.84,20.53,True,Low,Depot C,True,True,1.0,Resell
CON-103868,Pallet,Plastic,4.83,22,60,,Moderate Damage,76.81,None,True,24.49,16.98,33.22,0.97,6.21,2.08,2.01,0.1,5.02,15.06,True,Medium,Facility D,False,True,1.0,Resell
CON-103869,Crate,Metal,26.65,30,20,Low,Safe,94.07,None,False,4.57,14.89,50.73,14.66,11.66,6.2,7.46,0.53,58.64,175.92,True,Low,Warehouse A,True,False,1.0,Resell
CON-103870,Box,Cardboard,1.64,25,36,Low,Minor Damage,89.27,None,False,0.72,7.46,9.57,0.13,5.41,3.2,1.21,0.03,0.65,1.96,True,Low,Depot C,True,True,1.0,Resell
CON-103871,Drum,Plastic,4.86,49,133,High,Moderate Damage,56.4,None,True,45.73,37.84,26.69,0.89,6.21,2.08,2.01,0.1,5.05,15.15,True,Medium,Facility D,True,False,1.0,Resell
CON-103872,Crate,Wood,17.27,23,64,Medium,Moderate Damage,84.79,None,True,16.8,20.68,51.5,0.0,9.32,2.57,5.12,0.35,2.76,8.29,False,Medium,Terminal E,True,False,1.0,Resell
CON-103873,Crate,Plastic,4.96,29,66,Low,Minor Damage,78.25,None,False,4.13,21.86,43.82,1.07,6.24,3.59,2.04,0.1,5.15,15.46,True,Low,Warehouse A,True,True,1.0,Resell
CON-103874,Tote,Plastic,4.87,19,44,None,Safe,75.46,None,False,0.0,14.08,29.51,0.89,6.22,3.58,2.02,0.1,5.06,15.19,True,Low,Warehouse A,False,False,1.0,Resell
CON-103875,Box,Cardboard,1.31,58,62,Low,Minor Damage,73.48,None,False,0.65,12.43,4.85,0.11,5.33,3.16,1.13,0.03,0.53,1.58,True,Low,Depot C,True,True,1.0,Resell
CON-103876,Box,Plastic,6.15,37,81,None,Safe,75.46,None,False,0.0,14.03,7.04,1.12,6.54,3.74,2.34,0.12,6.4,19.2,True,Low,Facility D,True,True,1.0,Resell
CON-103877,Drum,Plastic,5.04,52,151,Medium,Moderate Damage,51.64,None,True,19.44,40.35,22.77,0.98,6.26,1.1,2.06,0.1,5.24,15.71,True,Medium,Hub B,False,True,1.0,Resell
CON-103878,Crate,Metal,30.4,39,41,None,Safe,65.77,Organic,False,0.0,21.23,44.19,14.85,12.6,6.65,8.4,0.61,66.87,200.61,True,Low,Depot C,True,False,1.0,Resell
CON-103879,Drum,Metal,33.52,50,173,Critical,Unsafe,65.18,None,True,114.13,40.52,0.0,17.57,13.38,7.02,9.18,0.67,73.74,221.21,True,High,Facility D,True,True,1.0,Recycle
CON-103880,Tote,Plastic,4.9,53,61,Medium,Moderate Damage,68.98,None,True,7.89,16.75,13.99,0.96,6.22,1.09,2.02,0.1,5.09,15.27,True,Medium,Hub B,True,True,1.0,Resell
CON-103881,Box,Cardboard,1.59,46,138,Medium,Minor Damage,67.44,None,True,2.9,20.93,3.91,0.14,5.4,0.69,1.2,0.03,0.64,1.91,True,Medium,Warehouse A,True,True,1.0,Resell
CON-103882,Crate,Wood,18.11,30,54,Medium,Minor Damage,87.37,None,True,18.83,19.29,50.86,0.0,9.53,2.67,5.33,0.36,2.9,8.69,False,Medium,Depot C,False,True,1.0,Resell
CON-103883,Crate,Plastic,5.52,23,49,None,Safe,73.15,None,False,0.0,20.93,58.9,1.07,6.38,3.66,2.18,0.11,5.74,17.21,True,Low,Terminal E,False,True,1.0,Resell
CON-103884,Tote,Plastic,7.13,5,17,None,Safe,95.76,None,False,0.0,8.34,39.41,1.56,6.78,3.86,2.58,0.14,7.41,22.24,True,Low,Depot C,True,True,1.0,Resell
CON-103885,Pallet,Plastic,5.15,8,14,Low,Safe,80.65,None,False,2.46,11.8,47.5,1.09,6.29,3.62,2.09,0.1,5.35,16.06,True,Low,Hub B,True,True,1.0,Resell
CON-103886,Drum,Plastic,5.66,10,30,None,Safe,88.55,None,False,0.0,22.72,110.22,1.07,6.41,3.68,2.21,0.11,5.88,17.65,True,Low,Depot C,False,False,1.0,Refurbish
CON-103887,Tote,Plastic,5.05,9,11,None,Safe,73.93,None,False,0.0,11.01,35.08,0.96,6.26,3.61,2.06,0.1,5.25,15.74,True,Low,Hub B,True,True,1.0,Resell
CON-103888,Tote,Plastic,6.9,37,33,None,Safe,79.61,None,False,0.0,12.36,23.75,1.36,6.72,3.83,2.52,0.14,7.17,21.52,True,Low,Hub B,True,False,1.0,Resell
CON-103889,Drum,Metal,25.02,41,138,Critical,Unsafe,46.63,None,True,102.2,39.81,0.0,13.35,11.25,6.0,7.05,0.5,55.04,165.12,True,High,Hub B,True,True,1.0,Recycle
CON-103890,Crate,Metal,33.53,9,26,Low,Safe,92.33,None,False,4.75,15.75,75.33,16.94,13.38,7.02,9.18,0.67,73.77,221.3,True,Low,Hub B,True,True,1.0,Resell
CON-103891,Box,Cardboard,1.39,59,150,Critical,Unsafe,61.74,None,True,13.89,22.99,0.0,0.11,5.35,3.17,1.15,0.03,0.56,1.67,True,High,Depot C,True,True,1.0,Recycle
CON-103892,Crate,Wood,17.86,49,35,High,Unsafe,84.15,None,True,33.46,17.88,0.0,0.0,9.46,3.64,5.26,0.36,2.86,8.57,False,High,Facility D,True,False,1.0,Dispose
CON-103893,Crate,Wood,21.49,50,101,Medium,Minor Damage,72.67,Organic,True,13.76,26.2,22.83,0.0,10.37,3.08,6.17,0.43,3.44,10.32,False,Medium,Depot C,True,False,1.0,Resell
CON-103894,Tote,Plastic,6.6,25,41,None,Safe,70.24,None,False,0.0,14.56,25.16,1.22,6.65,3.79,2.45,0.13,6.87,20.6,True,Low,Warehouse A,False,False,1.0,Resell
CON-103895,Drum,Metal,25.15,10,31,Low,Safe,68.85,None,False,6.91,25.77,107.07,12.16,11.29,6.02,7.09,0.5,55.33,165.98,True,Low,Facility D,True,True,1.0,Resell
CON-103896,Crate,Wood,17.43,35,74,Medium,Minor Damage,76.49,None,True,13.3,22.93,43.01,0.0,9.36,2.59,5.16,0.35,2.79,8.37,False,Medium,Terminal E,True,False,1.0,Resell
CON-103897,Crate,Metal,28.39,31,98,Medium,Moderate Damage,52.56,None,True,15.21,28.92,41.54,13.75,12.1,3.91,7.9,0.57,62.45,187.36,True,Medium,Facility D,False,True,1.0,Resell
CON-103898,Pallet,Wood,17.83,24,61,High,Unsafe,,None,True,26.82,18.54,0.0,0.0,9.46,3.64,5.26,0.36,2.85,8.56,False,High,Facility D,True,True,1.0,Dispose
CON-103899,Tote,Plastic,5.3,1,0,None,Safe,94.45,None,False,0.0,6.83,43.39,0.98,6.32,3.64,2.12,0.11,5.51,16.53,True,Low,Facility D,True,True,1.0,Resell
CON-103900,Pallet,Wood,21.89,55,185,None,Safe,35.52,None,False,0.0,35.67,5.31,0.0,10.47,5.63,6.27,0.44,3.5,10.51,False,Low,Terminal E,False,True,1.0,Resell
CON-103901,Crate,Wood,23.67,40,39,Critical,Unsafe,67.05,None,True,79.73,20.84,0.0,0.0,10.92,5.84,6.72,0.47,3.79,11.36,False,High,Terminal E,True,True,1.0,Dispose
CON-103902,Drum,Plastic,6.31,9,5,None,Safe,77.17,None,False,0.0,21.92,99.22,1.37,6.58,3.76,2.38,0.13,6.57,19.7,True,Low,Hub B,True,True,1.0,Resell
CON-103903,Box,Cardboard,1.77,50,64,Medium,Minor Damage,85.76,Organic,True,3.18,10.79,5.39,0.13,5.44,0.71,1.24,0.04,0.71,2.13,True,Medium,Terminal E,True,True,1.0,Resell
CON-103904,Drum,Plastic,5.01,13,27,None,Safe,88.28,None,False,0.0,22.46,101.56,0.94,6.25,3.6,2.05,0.1,5.21,15.64,True,Low,Facility D,True,False,1.0,Resell
CON-103905,Box,Cardboard,1.4,14,14,None,Safe,81.34,None,False,0.0,6.45,12.59,0.12,5.35,3.17,1.15,0.03,0.56,1.69,True,Low,Facility D,False,False,1.0,Resell
CON-103906,Crate,Plastic,5.94,26,37,None,Safe,75.45,None,False,0.0,19.38,58.21,1.3,6.48,3.71,2.28,0.12,6.17,18.52,True,Low,Terminal E,True,True,1.0,Resell
CON-103907,Pallet,Plastic,5.62,16,20,None,Safe,78.54,None,False,0.0,12.72,41.44,1.21,6.41,3.67,2.21,0.11,5.85,17.54,True,Low,Warehouse A,True,True,1.0,Resell
CON-103908,Drum,Metal,30.7,10,9,None,Safe,77.83,Chemical,False,0.0,22.23,108.68,16.26,31.69,6.68,8.47,0.61,67.53,202.59,True,Medium,Depot C,False,True,1.0,Resell
CON-103909,Drum,Plastic,5.52,22,16,High,Unsafe,91.49,None,True,53.21,20.88,0.0,1.13,6.38,2.16,2.18,0.11,5.74,17.23,True,High,Terminal E,True,True,1.0,Recycle
CON-103910,Box,Plastic,4.95,13,37,None,Safe,84.51,None,False,0.0,8.27,12.9,0.92,6.24,3.59,2.04,0.1,5.15,15.46,True,Low,Facility D,True,True,1.0,Resell
CON-103911,Pallet,Plastic,5.57,24,65,Medium,Minor Damage,60.11,None,True,11.11,19.98,32.91,1.19,6.39,1.17,2.19,0.11,5.8,17.39,True,Medium,Facility D,True,True,1.0,Resell
CON-103912,Drum,Metal,24.72,40,135,Medium,Moderate Damage,56.15,Organic,True,25.07,38.08,37.55,12.92,11.18,3.47,6.98,0.49,54.39,163.17,True,Medium,Depot C,False,False,1.0,Resell
CON-103913,Drum,Plastic,7.12,14,30,High,Moderate Damage,71.18,None,True,55.78,25.32,101.44,1.34,6.78,2.35,2.58,0.14,7.41,22.23,True,Medium,Hub B,True,False,1.0,Resell
CON-103914,Crate,Wood,19.54,40,80,Medium,Moderate Damage,73.81,None,True,15.3,23.93,34.24,0.0,9.88,2.84,5.68,0.39,3.13,9.38,False,Medium,Warehouse A,True,True,1.0,Resell
CON-103915,Pallet,Plastic,7.13,22,37,None,Safe,87.77,None,False,0.0,13.03,35.08,1.55,6.78,3.86,2.58,0.14,7.41,22.23,True,Low,Facility D,True,True,1.0,Resell
CON-103916,Pallet,Wood,23.67,20,26,None,Safe,82.51,Organic,False,0.0,12.72,39.84,0.0,10.92,5.84,6.72,0.47,3.79,11.36,False,Low,Depot C,True,True,1.0,Resell
CON-103917,Pallet,Wood,16.56,17,28,None,Safe,87.08,None,False,0.0,12.24,36.85,0.0,9.14,4.99,4.94,0.33,2.65,7.95,False,Low,Depot C,True,True,1.0,Resell
CON-103918,Pallet,Wood,16.59,40,136,High,Unsafe,56.0,None,True,19.15,27.7,0.0,0.0,9.15,3.49,4.95,0.33,2.65,7.96,False,High,Warehouse A,True,False,1.0,Dispose
CON-103919,Tote,Plastic,4.86,37,96,Low,Safe,76.25,Organic,False,2.17,19.16,15.91,1.05,6.21,3.58,2.01,0.1,5.05,15.15,True,Low,Warehouse A,False,True,1.0,Resell
CON-103920,Drum,Metal,33.84,59,174,High,Unsafe,39.08,None,True,55.03,44.54,0.0,17.1,13.46,5.56,9.26,0.68,74.45,223.35,True,High,Facility D,False,True,1.0,Recycle
CON-103921,Box,Cardboard,1.56,43,83,None,Safe,73.57,None,False,0.0,14.51,6.49,0.13,5.39,3.19,1.19,0.03,0.62,1.87,True,Low,Facility D,True,True,1.0,Resell
CON-103922,Tote,Plastic,6.55,10,7,Medium,Moderate Damage,88.63,None,True,6.78,8.41,33.23,1.27,6.64,1.29,2.44,0.13,6.82,20.45,True,Medium,Depot C,True,True,1.0,Resell
CON-103923,Tote,Plastic,5.92,28,53,High,Unsafe,61.93,None,True,14.56,17.01,0.0,1.21,6.48,2.21,2.28,0.12,6.15,18.46,True,High,Depot C,True,True,1.0,Recycle
CON-103924,Tote,Plastic,6.98,22,73,None,Safe,79.98,None,False,0.0,16.3,27.34,1.35,6.75,3.84,2.55,0.14,7.26,21.79,True,Low,Depot C,True,True,1.0,Resell
CON-103925,Tote,Plastic,6.91,23,33,None,Safe,81.77,None,False,0.0,12.03,30.55,1.32,6.73,3.83,2.53,0.14,7.19,21.56,True,Low,Depot C,True,True,1.0,Resell
CON-103926,Drum,Metal,29.55,10,34,Medium,Moderate Damage,69.75,None,True,28.42,25.94,101.37,15.01,12.39,4.05,8.19,0.59,65.01,195.04,True,Medium,Terminal E,False,True,1.0,Resell
CON-103927,Box,Cardboard,1.44,44,66,Medium,Minor Damage,70.89,None,True,2.77,13.22,6.14,0.11,5.36,0.67,1.16,0.03,0.58,1.73,True,Medium,Depot C,True,True,1.0,Resell
CON-103928,Crate,Wood,19.46,51,168,Medium,Minor Damage,46.82,None,True,16.88,36.78,11.13,0.0,9.86,2.83,5.66,0.39,3.11,9.34,False,Medium,Facility D,True,True,1.0,Resell
CON-103929,Crate,Wood,17.47,40,55,,Safe,62.4,None,False,0.0,23.14,38.75,0.0,9.37,5.1,5.17,0.35,2.79,8.38,False,Low,Terminal E,True,False,1.0,Resell
CON-103930,Tote,Plastic,4.91,17,34,None,Safe,65.05,None,False,0.0,14.64,32.14,0.89,6.23,3.59,2.03,0.1,5.11,15.33,True,Low,Depot C,True,True,1.0,Resell
CON-103931,Drum,Plastic,6.32,20,16,None,Safe,81.82,None,False,0.0,22.33,84.87,1.14,6.58,3.76,2.38,0.13,6.57,19.72,True,Low,Terminal E,False,True,1.0,Resell
CON-103932,Box,Plastic,6.48,26,60,Low,Safe,83.99,Chemical,False,0.79,10.65,8.58,1.28,16.55,3.78,2.42,0.13,6.73,20.2,True,Medium,Terminal E,True,True,1.0,Resell
CON-103933,Box,Plastic,6.48,55,94,Low,Safe,74.31,None,False,0.81,15.5,4.15,1.41,6.62,3.78,2.42,0.13,6.74,20.21,True,Low,Depot C,False,False,1.0,Resell
CON-103934,Crate,Metal,35.93,37,39,None,Safe,88.04,None,False,0.0,17.69,47.51,19.76,13.98,7.31,9.78,0.72,79.04,237.13,True,Low,Facility D,False,True,1.0,Resell
CON-103935,Drum,Plastic,7.0,48,78,High,Unsafe,67.73,None,True,47.65,30.64,0.0,1.38,6.75,2.34,2.55,0.14,7.28,21.85,True,High,Facility D,True,True,1.0,Recycle
CON-103936,Box,Cardboard,1.77,52,106,Critical,Unsafe,49.08,Organic,True,10.56,20.49,0.0,0.14,5.44,3.21,1.24,0.04,0.71,2.13,True,High,Facility D,False,True,1.0,Recycle
CON-103937,Pallet,Plastic,5.78,16,21,Low,Safe,90.6,None,False,2.12,11.01,36.61,1.06,6.44,3.69,2.24,0.12,6.01,18.02,True,Low,Hub B,True,True,1.0,Resell
CON-103938,Box,Plastic,4.98,6,4,Low,Safe,97.84,None,False,0.74,2.97,12.81,0.96,6.25,3.6,2.05,0.1,5.18,15.55,True,Low,Depot C,True,True,1.0,Resell
CON-103939,Box,Plastic,6.93,13,36,Low,Safe,87.22,None,False,0.68,7.77,10.94,1.47,6.73,3.83,2.53,0.14,7.2,21.61,True,Low,Terminal E,True,True,1.0,Resell
CON-103940,Box,Cardboard,1.65,3,6,None,Safe,83.28,None,False,0.0,5.36,15.19,0.13,5.41,3.2,1.21,0.03,0.66,1.98,True,Low,Hub B,False,True,1.0,Resell
CON-103941,Crate,Metal,29.54,12,19,Low,Safe,77.32,Organic,False,4.26,17.3,71.72,14.47,12.39,6.55,8.19,0.59,64.99,194.98,True,Low,Facility D,True,True,1.0,Resell
CON-103942,Tote,Plastic,5.16,51,140,Low,Safe,50.98,None,False,2.02,27.35,8.77,1.02,6.29,3.62,2.09,0.1,5.36,16.09,True,Low,Warehouse A,False,True,1.0,Resell
CON-103943,Crate,Plastic,5.35,29,96,Low,Safe,64.33,None,False,4.25,26.95,42.02,1.11,6.34,3.64,2.14,0.11,5.57,16.7,True,Low,Terminal E,True,True,1.0,Resell
CON-103944,Box,Cardboard,1.53,18,9,None,Safe,84.68,None,False,0.0,5.45,11.31,0.13,5.38,3.18,1.18,0.03,0.61,1.84,True,Low,Facility D,True,False,1.0,Resell
CON-103945,Crate,Plastic,6.24,17,23,None,Safe,92.94,None,False,0.0,15.36,59.39,1.25,6.56,3.75,2.36,0.12,6.49,19.46,True,Low,Terminal E,True,True,1.0,Recycle
CON-103946,Box,Cardboard,1.35,34,31,Medium,Minor Damage,93.39,None,True,3.11,6.34,9.21,0.11,5.34,0.66,1.14,0.03,0.54,1.62,True,Medium,Facility D,False,False,1.0,Resell
CON-103947,Crate,Metal,27.76,1,2,Low,Safe,94.17,None,False,3.4,13.07,73.67,14.01,11.94,6.33,7.74,0.56,61.08,183.23,True,Low,Facility D,True,True,1.0,Resell
CON-103948,Tote,Plastic,6.66,58,59,Medium,Minor Damage,81.37,None,True,7.12,14.69,12.07,1.27,6.66,1.3,2.46,0.13,6.92,20.77,True,Medium,Depot C,True,True,1.0,Resell
CON-103949,Tote,Plastic,5.41,35,78,Low,Minor Damage,68.14,Organic,False,2.39,18.58,20.43,1.01,6.35,3.65,2.15,0.11,5.63,16.88,True,Low,Hub B,True,True,1.0,Resell
CON-103950,Drum,Plastic,5.09,38,83,Medium,Minor Damage,82.04,None,True,26.55,28.99,56.74,1.0,6.27,1.11,2.07,0.1,5.29,15.87,True,Medium,Hub B,True,True,1.0,Resell
CON-103951,Crate,Metal,35.34,55,56,Low,Minor Damage,78.46,None,False,3.68,20.83,26.27,17.48,13.83,7.24,9.63,0.71,77.75,233.24,True,Low,Hub B,False,True,1.0,Resell
CON-103952,Tote,Plastic,6.73,50,63,None,Safe,67.67,Hazardous,False,0.0,17.15,0.0,0.0,40.09,3.81,2.48,0.13,6.99,20.98,False,High,Facility D,True,True,1.0,Dispose
CON-103953,Crate,Metal,34.32,24,58,None,Safe,64.9,None,False,0.0,23.06,50.88,16.36,13.58,7.12,9.38,0.69,75.5,226.49,True,Low,Hub B,True,True,1.0,Resell
CON-103954,Box,Plastic,6.38,54,131,Medium,Minor Damage,73.74,None,True,2.99,19.29,3.24,1.39,6.6,1.27,2.4,0.13,6.64,19.91,True,Medium,Facility D,False,True,1.0,Resell
CON-103955,Tote,Plastic,6.97,6,16,Medium,Moderate Damage,82.77,None,True,7.14,10.19,34.39,1.53,6.74,1.34,2.54,0.14,7.25,21.75,True,Medium,Terminal E,True,True,1.0,Resell
CON-103956,Box,Cardboard,1.35,47,154,Medium,Moderate Damage,45.76,None,True,2.92,25.79,3.03,0.11,5.34,0.66,1.14,0.03,0.54,1.62,True,Medium,Facility D,False,True,1.0,Resell
CON-103957,Tote,Plastic,5.17,44,140,None,Safe,53.83,None,False,0.0,26.93,10.98,0.99,6.29,3.62,2.09,0.1,5.37,16.12,True,Low,Warehouse A,True,True,1.0,Resell
CON-103958,Drum,Plastic,5.82,56,103,High,Moderate Damage,52.46,None,True,44.37,35.43,27.78,1.16,6.46,2.2,2.26,0.12,6.06,18.17,True,Medium,Warehouse A,True,True,1.0,Resell
CON-103959,Crate,Metal,28.7,30,93,None,Safe,73.97,None,False,0.0,25.21,37.93,15.47,12.17,6.44,7.97,0.57,63.13,189.4,True,Low,Facility D,True,True,1.0,Resell
CON-103960,Tote,Plastic,6.69,32,107,High,Unsafe,63.95,None,True,20.85,22.11,0.0,1.4,6.67,2.3,2.47,0.13,6.95,20.86,True,High,Terminal E,True,True,0.57,Manual_Review
CON-103961,Crate,Metal,34.18,15,37,None,Safe,63.25,None,False,0.0,21.21,55.99,16.12,13.55,7.1,9.35,0.68,75.21,225.62,True,Low,Depot C,True,False,1.0,Resell
CON-103962,Crate,Metal,27.76,44,24,High,Moderate Damage,76.69,None,True,39.99,17.9,38.45,13.13,11.94,4.83,7.74,0.56,61.06,183.19,True,Medium,Warehouse A,True,True,1.0,Resell
CON-103963,Pallet,Plastic,6.57,7,6,Medium,Moderate Damage,74.92,Organic,True,11.1,11.86,41.57,1.33,6.64,1.29,2.44,0.13,6.83,20.48,True,Medium,Terminal E,True,False,1.0,Resell
CON-103964,Tote,Plastic,5.35,45,46,Medium,Minor Damage,64.56,None,True,6.52,15.92,18.25,1.09,6.34,1.14,2.14,0.11,5.56,16.69,True,Medium,Terminal E,True,False,1.0,Resell
CON-103965,Tote,Plastic,6.31,27,27,Medium,Moderate Damage,66.06,None,True,8.2,13.79,28.83,1.37,6.58,1.26,2.38,0.13,6.56,19.69,True,Medium,Warehouse A,True,False,1.0,Resell
CON-103966,Box,Plastic,6.11,31,19,Low,Minor Damage,75.24,None,False,0.82,7.86,10.66,1.31,6.53,3.73,2.33,0.12,6.35,19.06,True,Low,Depot C,True,True,1.0,Resell
CON-103967,Crate,Wood,16.34,22,28,None,Safe,81.19,None,False,0.0,17.62,63.39,0.0,9.08,4.96,4.88,0.33,2.61,7.84,False,Low,Depot C,True,True,1.0,Resell
CON-103968,Tote,Plastic,6.06,9,13,Low,Minor Damage,92.14,None,False,1.7,8.48,33.41,1.25,6.52,3.73,2.32,0.12,6.3,18.91,True,Low,Facility D,True,True,1.0,Resell
CON-103969,Pallet,Wood,21.5,54,181,Medium,Moderate Damage,40.44,None,True,11.73,34.53,5.23,0.0,10.37,3.08,6.17,0.43,3.44,10.32,False,Medium,Hub B,True,True,1.0,Resell
CON-103970,Pallet,Plastic,4.96,25,41,None,Safe,75.54,None,False,0.0,15.27,32.85,0.98,6.24,3.6,2.04,0.1,5.16,15.48,True,Low,Depot C,False,True,1.0,Resell
CON-103971,Tote,Plastic,5.78,23,24,High,Unsafe,66.62,None,True,16.79,13.41,0.0,1.25,6.44,2.19,2.24,0.12,6.01,18.03,True,High,Depot C,True,False,1.0,Recycle
CON-103972,Tote,Plastic,5.42,42,88,Low,Minor Damage,58.96,None,False,1.99,20.96,16.47,1.07,6.36,3.65,2.16,0.11,5.64,16.92,True,Low,Depot C,False,True,1.0,Resell
CON-103973,Drum,Plastic,6.6,25,70,Medium,Moderate Damage,78.76,None,True,19.22,28.19,77.99,1.43,6.65,1.29,2.45,0.13,6.87,20.61,True,Medium,Terminal E,True,True,1.0,Resell
CON-103974,Drum,Plastic,6.1,57,48,High,Moderate Damage,68.43,None,True,57.01,27.54,37.7,1.11,6.52,2.23,2.32,0.12,6.34,19.02,True,Medium,Terminal E,False,True,1.0,Resell
CON-103975,Crate,Wood,21.87,6,14,High,Moderate Damage,78.45,None,True,35.64,16.63,67.85,0.0,10.47,4.12,6.27,0.44,3.5,10.5,False,Medium,Depot C,True,True,1.0,Resell
CON-103976,Crate,Plastic,6.99,11,20,Low,Minor Damage,74.73,None,False,3.66,17.79,72.58,1.48,6.75,3.84,2.55,0.14,7.27,21.81,True,Low,Facility D,True,True,1.0,Resell
CON-103977,Drum,Plastic,5.88,50,111,Critical,Unsafe,74.03,None,True,113.09,33.0,0.0,1.09,6.47,3.71,2.27,0.12,6.11,18.34,True,High,Facility D,False,False,1.0,Recycle
CON-103978,Pallet,Wood,19.62,6,17,Low,Safe,87.09,None,False,2.86,11.14,47.3,0.0,9.91,5.35,5.71,0.39,3.14,9.42,False,Low,Hub B,True,False,1.0,Resell
CON-103979,Drum,Metal,31.2,12,24,None,Safe,89.91,None,False,0.0,21.91,91.5,14.54,12.8,6.74,8.6,0.62,68.64,205.93,True,Low,Facility D,True,True,1.0,Resell
CON-103980,Tote,Plastic,5.68,31,22,Medium,Minor Damage,66.8,None,True,6.95,13.18,25.27,1.1,6.42,1.18,2.22,0.11,5.9,17.71,True,Medium,Warehouse A,True,True,1.0,Resell
CON-103981,Tote,Plastic,5.5,32,80,None,Safe,57.5,None,False,0.0,20.38,20.8,1.0,6.37,3.66,2.17,0.11,5.72,17.15,True,Low,Warehouse A,True,True,1.0,Resell
CON-103982,Box,Plastic,5.39,3,6,Low,Safe,82.57,None,False,0.79,5.46,14.37,1.0,6.35,3.65,2.15,0.11,5.6,16.81,True,Low,Facility D,False,True,1.0,Resell
CON-103983,Drum,Metal,24.31,7,13,None,Safe,95.89,None,False,0.0,19.92,110.85,13.07,11.08,5.92,6.88,0.49,53.49,160.46,True,Low,Facility D,True,True,1.0,Resell
CON-103984,Tote,Plastic,6.07,20,54,Medium,Minor Damage,67.81,Organic,True,7.98,16.23,28.99,1.24,6.52,1.23,2.32,0.12,6.32,18.95,True,Medium,Warehouse A,True,True,1.0,Resell
CON-103985,Tote,Plastic,7.18,48,85,Critical,Unsafe,59.32,None,True,39.53,20.6,0.0,1.37,6.8,3.86,2.6,0.14,7.47,22.4,True,High,Depot C,False,False,1.0,Recycle
CON-103986,Crate,Metal,33.68,38,115,Low,Minor Damage,75.36,Organic,False,3.28,27.2,33.57,16.71,13.42,7.04,9.22,0.67,74.09,222.27,True,Low,Hub B,False,False,1.0,Resell
CON-103987,Crate,Plastic,6.68,43,112,Medium,Minor Damage,73.74,None,True,16.75,27.14,25.88,1.44,6.67,1.3,2.47,0.13,6.95,20.86,True,Medium,Warehouse A,True,True,1.0,Resell
CON-103988,Crate,Plastic,6.43,37,108,Critical,Unsafe,59.64,None,True,54.76,28.85,0.0,1.3,6.61,3.77,2.41,0.13,6.68,20.05,True,High,Terminal E,True,True,1.0,Recycle
CON-103989,Drum,Plastic,7.12,10,12,Medium,Moderate Damage,84.35,None,True,21.04,21.55,104.8,1.28,6.78,1.35,2.58,0.14,7.41,22.22,True,Medium,Facility D,True,True,1.0,Resell
CON-103990,Drum,Plastic,5.23,49,95,Low,Minor Damage,80.61,None,False,6.81,30.41,39.89,1.14,6.31,3.63,2.11,0.1,5.44,16.33,True,Low,Facility D,True,True,1.0,Resell
CON-103991,Box,Plastic,5.74,35,19,Low,Minor Damage,94.13,None,False,0.83,5.03,9.43,1.1,6.43,3.69,2.23,0.11,5.97,17.9,True,Low,Warehouse A,True,False,1.0,Resell
CON-103992,Crate,Plastic,5.6,43,128,Medium,Moderate Damage,57.59,None,True,16.89,31.16,22.96,1.14,6.4,1.17,2.2,0.11,5.82,17.47,True,Medium,Hub B,True,True,1.0,Resell
CON-103993,Pallet,Wood,22.7,15,51,High,Moderate Damage,87.34,None,True,20.7,14.5,37.31,0.0,10.67,4.22,6.47,0.45,3.63,10.9,False,Medium,Terminal E,False,True,1.0,Resell
CON-103994,Tote,Plastic,5.64,17,28,Medium,Minor Damage,80.16,None,True,8.94,11.78,31.96,1.07,6.41,1.18,2.21,0.11,5.87,17.6,True,Medium,Depot C,True,True,1.0,Resell
CON-103995,Drum,Metal,29.07,56,38,Low,Safe,76.17,None,False,5.58,25.38,46.51,13.66,12.27,6.49,8.07,0.58,63.94,191.83,True,Low,Warehouse A,True,True,1.0,Resell
CON-103996,Box,Cardboard,1.45,4,8,None,Safe,87.6,None,False,0.0,4.91,13.69,0.12,5.36,3.17,1.16,0.03,0.58,1.74,True,Low,Hub B,False,False,1.0,Resell
CON-103997,Tote,Plastic,5.82,27,55,None,Safe,70.28,None,False,0.0,15.96,23.96,1.07,6.46,3.7,2.26,0.12,6.05,18.16,True,Low,Terminal E,False,True,1.0,Resell
CON-103998,Pallet,Wood,16.67,41,76,Low,Minor Damage,76.0,None,False,2.9,18.7,21.73,0.0,9.17,5.0,4.97,0.33,2.67,8.0,False,Low,Facility D,True,True,1.0,Resell
CON-103999,Crate,Metal,28.07,47,95,High,Moderate Damage,71.64,None,True,41.21,25.75,28.78,13.43,12.02,4.87,7.82,0.56,61.76,185.27,True,Medium,Hub B,True,True,1.0,Resell
CON-104000,Box,Plastic,5.82,10,19,Medium,Minor Damage,68.79,None,True,2.81,8.83,14.04,1.27,6.46,1.2,2.26,0.12,6.05,18.16,True,Medium,Facility D,True,True,1.0,Resell
CON-104001,Tote,Plastic,6.1,53,84,None,Safe,53.59,Organic,False,0.0,21.36,12.29,1.1,6.52,3.73,2.32,0.12,6.34,19.02,True,Low,Terminal E,True,True,1.0,Resell
CON-104002,Drum,Plastic,7.04,60,103,High,Unsafe,50.14,None,True,49.88,35.78,0.0,1.49,6.76,2.34,2.56,0.14,7.32,21.96,True,High,Hub B,True,True,1.0,Recycle
CON-104003,Tote,Plastic,6.04,13,34,Medium,Minor Damage,86.4,None,True,8.26,11.44,29.44,1.24,6.51,1.22,2.31,0.12,6.28,18.83,True,Medium,Depot C,True,False,1.0,Resell
CON-104004,Pallet,Wood,21.96,60,175,High,Unsafe,51.96,None,True,22.5,32.21,0.0,0.0,10.49,4.14,6.29,0.44,3.51,10.54,False,High,Facility D,True,True,1.0,Dispose
CON-104005,Box,Cardboard,1.71,60,44,Medium,Minor Damage,90.61,None,True,3.3,8.06,5.05,0.13,5.43,0.7,1.23,0.03,0.68,2.05,True,Medium,Warehouse A,False,False,0.79,Manual_Review
CON-104006,Drum,Plastic,5.54,40,130,High,Moderate Damage,62.26,None,True,63.79,36.66,44.67,1.15,6.39,2.16,2.19,0.11,5.76,17.29,True,Medium,Facility D,True,True,1.0,Resell
CON-104007,Crate,Wood,18.84,49,37,Low,Safe,68.21,None,False,3.78,20.47,35.4,0.0,9.71,5.26,5.51,0.38,3.01,9.04,False,Low,Hub B,True,True,1.0,Resell
CON-104008,Pallet,Plastic,4.98,38,71,Medium,,63.44,None,True,9.5,20.08,25.85,0.95,6.24,1.1,2.04,0.1,5.17,15.52,True,Medium,Terminal E,True,True,1.0,Resell
CON-104009,Box,Plastic,6.92,3,2,Low,Minor Damage,76.96,Organic,False,0.69,5.91,15.67,1.25,6.73,3.83,2.53,0.14,7.2,21.59,True,Low,Hub B,True,False,1.0,Resell
CON-104010,Box,Plastic,6.58,1,1,Low,Safe,96.95,None,False,0.66,2.81,13.73,1.22,6.65,3.79,2.45,0.13,6.85,20.54,True,Low,Depot C,True,True,1.0,Resell
CON-104011,Box,Plastic,5.49,41,24,Medium,Minor Damage,81.62,None,True,2.53,7.41,7.49,1.05,6.37,1.16,2.17,0.11,5.71,17.12,True,Medium,Facility D,False,False,1.0,Resell
CON-104012,Pallet,Plastic,6.42,57,61,Low,Safe,74.44,None,False,2.16,17.43,15.07,1.29,6.6,3.77,2.4,0.13,6.67,20.02,True,Low,Terminal E,False,True,1.0,Resell
CON-104013,Crate,Metal,32.0,2,1,Medium,Minor Damage,80.07,None,True,16.43,15.09,80.91,14.66,13.0,4.34,8.8,0.64,70.39,211.18,True,Medium,Terminal E,True,True,1.0,Resell
CON-104014,Crate,Metal,28.38,1,0,Low,Minor Damage,89.06,None,False,3.98,13.64,80.3,13.73,12.1,6.41,7.9,0.57,62.44,187.33,True,Low,Terminal E,True,True,1.0,Resell
CON-104015,Tote,Plastic,5.42,10,28,None,Safe,94.26,None,False,0.0,9.66,30.64,1.14,6.36,3.65,2.16,0.11,5.64,16.92,True,Low,Terminal E,False,True,1.0,Resell
CON-104016,Drum,Metal,34.17,9,6,None,Safe,74.67,None,False,0.0,22.4,97.12,16.36,13.54,7.1,9.34,0.68,75.18,225.53,True,Low,Terminal E,False,False,1.0,Resell
CON-104017,Box,Cardboard,1.52,36,64,High,Unsafe,81.94,None,True,6.29,11.36,0.0,0.12,5.38,1.68,1.18,0.03,0.61,1.82,True,High,Terminal E,False,True,1.0,Recycle
CON-104018,Tote,Plastic,7.09,42,61,Low,Minor Damage,79.3,Organic,False,1.67,15.2,16.83,1.37,6.77,3.85,2.57,0.14,7.37,22.11,True,Low,Facility D,False,True,1.0,Resell
CON-104019,Pallet,Plastic,6.61,54,32,None,Safe,68.6,Chemical,False,0.0,15.41,18.81,1.33,16.63,3.79,2.45,0.13,6.87,20.62,True,Medium,Facility D,True,True,1.0,Resell
CON-104020,Pallet,Plastic,5.0,57,90,Critical,Unsafe,80.37,None,True,34.39,19.44,0.0,0.96,6.25,3.6,2.05,0.1,5.2,15.59,True,High,Hub B,True,True,1.0,Recycle
CON-104021,Drum,Metal,34.53,24,36,None,Safe,79.0,None,False,0.0,24.75,86.35,16.29,13.63,7.14,9.43,0.69,75.97,227.91,True,Low,Hub B,True,True,1.0,Resell
CON-104022,Pallet,Plastic,4.94,56,159,Medium,Moderate Damage,52.32,None,True,11.61,30.55,6.05,1.02,6.24,1.09,2.04,0.1,5.14,15.41,True,Medium,Hub B,True,True,1.0,Resell
CON-104023,Drum,Plastic,5.82,24,78,Medium,Minor Damage,76.93,None,True,24.98,29.26,66.05,1.12,6.45,1.2,2.25,0.12,6.05,18.15,True,Medium,Depot C,True,False,1.0,Resell
CON-104024,Pallet,Plastic,5.05,3,8,Medium,Minor Damage,77.64,None,True,11.02,11.65,43.12,0.95,6.26,1.11,2.06,0.1,5.25,15.76,True,Medium,Warehouse A,True,True,1.0,Resell
CON-104025,Tote,Plastic,6.77,3,7,None,Safe,77.69,None,False,0.0,10.05,34.84,1.36,6.69,3.81,2.49,0.14,7.04,21.12,True,Low,Facility D,False,False,1.0,Resell
CON-104026,Crate,Plastic,6.05,20,19,High,Unsafe,90.65,None,True,34.42,15.3,0.0,1.17,6.51,2.23,2.31,0.12,6.29,18.88,True,High,Depot C,True,True,1.0,Recycle
CON-104027,Crate,Plastic,7.13,38,38,Medium,Moderate Damage,82.16,None,True,14.15,18.48,39.92,1.51,6.78,1.36,2.58,0.14,7.41,22.23,True,Medium,Hub B,False,True,1.0,Resell
CON-104028,Pallet,Wood,16.72,25,16,None,Safe,91.56,None,False,0.0,10.37,35.97,0.0,9.18,5.01,4.98,0.33,2.68,8.03,False,Low,Warehouse A,True,False,1.0,Resell
CON-104029,Crate,Wood,21.97,47,152,Medium,Minor Damage,49.66,None,True,15.99,34.75,17.92,0.0,10.49,3.14,6.29,0.44,3.52,10.55,False,Medium,Terminal E,True,True,1.0,Resell
CON-104030,Tote,Plastic,6.04,46,156,High,Unsafe,64.4,None,True,14.89,26.94,0.0,1.21,6.51,2.22,2.31,0.12,6.28,18.85,True,High,Depot C,True,True,1.0,Recycle
CON-104031,Pallet,Plastic,6.99,30,73,High,Moderate Damage,83.53,None,True,26.59,17.27,29.22,1.35,6.75,2.34,2.55,0.14,7.27,21.81,True,Medium,Terminal E,True,False,1.0,Resell
CON-104032,Drum,Plastic,5.52,52,124,Critical,Unsafe,49.51,None,True,105.54,37.97,0.0,1.01,6.38,3.66,2.18,0.11,5.74,17.22,True,High,Terminal E,False,True,1.0,Recycle
CON-104033,Pallet,Plastic,6.61,60,87,Medium,Minor Damage,55.01,None,True,10.71,22.95,11.68,1.42,6.65,1.29,2.45,0.13,6.87,20.62,True,Medium,Depot C,True,False,1.0,Resell
CON-104034,Drum,Plastic,5.78,40,22,Low,Minor Damage,94.89,None,False,5.04,20.97,65.33,1.21,6.45,3.69,2.25,0.12,6.01,18.04,True,Low,Depot C,True,True,1.0,Resell
CON-104035,Tote,Plastic,6.15,26,75,Medium,Moderate Damage,58.43,None,True,8.18,19.74,21.65,1.26,6.54,1.24,2.34,0.12,6.4,19.19,True,Medium,Warehouse A,False,True,1.0,Resell
CON-104036,Pallet,Plastic,6.97,53,39,Medium,Minor Damage,65.73,None,True,10.57,16.54,19.63,1.35,6.74,1.34,2.54,0.14,7.25,21.74,True,Medium,Facility D,True,True,1.0,Resell
CON-104037,Crate,Metal,34.52,5,14,Medium,Moderate Damage,78.45,None,True,15.47,16.63,80.91,15.57,13.63,4.64,9.43,0.69,75.94,227.81,True,Medium,Depot C,True,True,1.0,Resell
CON-104038,Tote,Plastic,6.56,50,35,Low,Minor Damage,71.69,None,False,2.19,13.75,15.77,1.36,6.64,3.79,2.44,0.13,6.83,20.48,True,Low,Hub B,True,True,1.0,Resell
CON-104039,Drum,Metal,25.51,29,46,None,Safe,87.19,None,False,0.0,24.52,69.43,13.55,11.38,6.06,7.18,0.51,56.13,168.38,True,Low,Hub B,True,False,1.0,Resell
CON-104040,Box,Plastic,5.78,17,57,Low,Safe,58.78,None,False,0.73,14.13,11.55,1.22,6.45,3.69,2.25,0.12,6.01,18.04,True,Low,Warehouse A,True,True,1.0,Resell
CON-104041,Box,Cardboard,1.52,25,69,Low,Minor Damage,60.05,None,False,0.77,15.14,9.46,0.12,5.38,3.18,1.18,0.03,0.61,1.82,True,Low,Hub B,True,True,1.0,Resell
CON-104042,Crate,Plastic,6.29,7,14,Low,Safe,68.03,None,False,3.67,18.2,67.09,1.24,6.57,3.75,2.37,0.13,6.54,19.61,True,Low,Terminal E,False,True,1.0,Resell
CON-104043,Crate,Metal,34.16,2,6,High,Unsafe,78.03,None,True,41.1,15.9,0.0,16.24,13.54,5.6,9.34,0.68,75.15,225.45,True,High,Facility D,True,False,1.0,Recycle
CON-104044,Drum,Metal,31.56,18,19,None,Safe,90.52,Organic,False,0.0,21.32,90.0,15.25,12.89,6.79,8.69,0.63,69.43,208.29,True,Low,Hub B,True,False,1.0,Resell
CON-104045,Pallet,Wood,22.55,29,81,High,Unsafe,61.92,None,True,26.93,21.31,0.0,0.0,10.64,4.21,6.44,0.45,3.61,10.82,False,High,Depot C,True,False,1.0,Dispose
CON-104046,Pallet,Wood,17.29,47,91,Medium,Moderate Damage,61.22,Chemical,True,10.22,22.42,16.11,0.0,23.31,2.58,5.12,0.35,2.77,8.3,False,Medium,Warehouse A,False,True,1.0,Resell
CON-104047,Pallet,Plastic,6.22,49,131,Medium,Moderate Damage,66.17,Organic,True,11.56,25.67,11.83,1.15,6.55,1.25,2.35,0.12,6.47,19.4,True,Medium,Terminal E,True,True,1.0,Resell
CON-104048,Pallet,Wood,21.86,1,3,None,Safe,98.95,None,False,0.0,7.96,46.33,0.0,10.47,5.62,6.27,0.44,3.5,10.49,False,Low,Depot C,True,True,1.0,Resell
CON-104049,Box,Plastic,5.2,29,90,Medium,Moderate Damage,52.07,None,True,2.67,18.44,7.45,1.14,6.3,1.12,2.1,0.1,5.41,16.23,True,Medium,Depot C,True,True,1.0,Resell
CON-104050,Crate,Metal,29.03,40,135,High,Moderate Damage,68.02,Hazardous,True,41.02,30.3,0.0,0.0,73.55,4.98,8.06,0.58,63.87,191.62,False,High,Hub B,True,True,1.0,Dispose
CON-104051,Pallet,Plastic,7.04,17,41,None,Safe,86.03,None,False,0.0,13.7,37.53,1.41,6.76,3.85,2.56,0.14,7.32,21.97,True,Low,Warehouse A,True,True,1.0,Resell
CON-104052,Drum,Plastic,6.55,9,8,Medium,Minor Damage,72.92,None,True,25.61,22.86,115.61,1.43,6.64,1.29,2.44,0.13,6.81,20.43,True,Medium,Warehouse A,True,True,0.56,Manual_Review
CON-104053,Crate,Wood,23.72,4,4,None,Safe,79.98,None,False,0.0,15.4,76.97,0.0,10.93,5.85,6.73,0.47,3.8,11.39,False,Low,Depot C,True,True,1.0,Resell
CON-104054,Pallet,Wood,18.51,47,81,Medium,Minor Damage,71.71,None,True,9.12,19.84,18.09,0.0,9.63,2.72,5.43,0.37,2.96,8.89,False,Medium,Hub B,False,True,1.0,Resell
CON-104055,Crate,Metal,24.85,37,71,Medium,Moderate Damage,60.24,None,True,14.21,25.06,36.03,12.78,11.21,3.48,7.01,0.5,54.67,164.02,True,Medium,Depot C,True,True,1.0,Resell
CON-104056,Pallet,Plastic,6.0,13,25,High,Unsafe,77.55,None,True,19.41,13.37,0.0,1.13,6.5,2.22,2.3,0.12,6.24,18.71,True,High,Terminal E,False,True,1.0,Recycle
CON-104057,Drum,Plastic,5.35,53,74,Medium,Minor Damage,67.1,None,True,21.69,30.33,35.53,0.99,6.34,1.14,2.14,0.11,5.57,16.7,True,Medium,Terminal E,True,True,1.0,Resell
CON-104058,Box,Plastic,6.43,17,42,Medium,Minor Damage,89.48,None,True,3.21,8.03,11.58,1.38,6.61,1.27,2.41,0.13,6.68,20.05,True,Medium,Facility D,True,True,1.0,Resell
CON-104059,Box,Cardboard,1.76,28,54,Low,Minor Damage,59.92,None,False,0.74,13.66,9.9,0.15,5.44,3.21,1.24,0.04,0.7,2.11,True,Low,Depot C,True,True,1.0,Resell
CON-104060,Crate,Plastic,5.19,37,42,None,Safe,71.6,None,False,0.0,20.46,42.15,1.11,6.3,3.62,2.1,0.1,5.4,16.21,True,Low,Warehouse A,True,False,1.0,Resell
CON-104061,Pallet,Wood,20.75,20,39,None,Safe,81.94,None,False,0.0,14.11,35.57,0.0,10.19,5.49,5.99,0.42,3.32,9.96,False,Low,Facility D,True,True,1.0,Resell
CON-104062,Tote,Plastic,5.35,59,82,Low,Safe,74.23,None,False,2.06,18.07,9.81,1.05,6.34,3.64,2.14,0.11,5.57,16.7,True,Low,Hub B,True,True,1.0,Resell
CON-104063,Box,Plastic,6.34,15,49,None,Safe,67.59,Chemical,False,0.0,12.01,11.59,1.31,16.46,3.76,2.39,0.13,6.6,19.79,True,Medium,Terminal E,True,False,1.0,Resell
CON-104064,Box,Plastic,6.45,33,58,High,Unsafe,61.83,None,True,7.61,13.78,0.0,1.3,6.61,2.27,2.41,0.13,6.71,20.13,True,High,Facility D,False,True,1.0,Recycle
CON-104065,Drum,Metal,30.38,7,11,Medium,Moderate Damage,90.27,None,True,24.47,20.56,100.56,14.11,12.6,4.15,8.4,0.61,66.84,200.53,True,Medium,Terminal E,False,True,1.0,Resell
CON-104066,Box,Cardboard,1.41,47,104,Critical,Unsafe,71.16,None,True,11.99,16.98,0.0,0.11,5.35,3.17,1.15,0.03,0.56,1.69,True,High,Terminal E,True,False,1.0,Recycle
CON-104067,Tote,Plastic,6.52,45,103,High,Unsafe,59.7,None,True,15.28,22.34,0.0,1.3,6.63,2.28,2.43,0.13,6.78,20.35,True,High,Hub B,False,True,1.0,Recycle
CON-104068,Pallet,Plastic,5.54,19,29,None,Safe,69.16,Chemical,False,0.0,15.03,37.78,1.07,15.97,3.67,2.19,0.11,5.77,17.3,True,Medium,Terminal E,True,True,0.55,Manual_Review
CON-104069,Pallet,Plastic,5.89,18,21,Low,Safe,79.1,None,False,2.04,12.73,42.64,1.13,6.47,3.71,2.27,0.12,6.12,18.37,True,Low,Terminal E,True,True,1.0,Resell
CON-104070,Box,Cardboard,1.53,23,29,None,Safe,67.17,None,False,0.0,10.07,10.47,0.13,5.38,3.18,1.18,0.03,0.61,1.83,True,Low,Warehouse A,True,True,1.0,Recycle
CON-104071,Drum,Plastic,6.82,18,59,Medium,Minor Damage,66.08,None,True,25.8,28.99,81.87,1.39,6.7,1.32,2.5,0.14,7.09,21.27,True,Medium,Hub B,True,True,1.0,Resell
CON-104072,Drum,Plastic,5.16,42,87,Critical,Unsafe,57.03,None,True,102.03,33.15,0.0,1.1,6.29,3.62,2.09,0.1,5.37,16.1,True,High,Terminal E,False,True,1.0,Recycle
CON-104073,Box,Plastic,5.48,49,164,Medium,Moderate Damage,64.92,Organic,True,2.58,23.91,2.55,1.05,6.37,1.16,2.17,0.11,5.7,17.09,True,Medium,Facility D,True,True,1.0,Resell
CON-104074,Drum,Metal,32.47,10,18,None,Safe,86.38,None,False,0.0,21.84,101.43,16.92,13.12,6.9,8.92,0.65,71.44,214.32,True,Low,Hub B,False,True,1.0,Resell
CON-104075,Tote,Plastic,4.94,21,40,Low,Minor Damage,87.15,None,False,1.82,11.93,29.08,1.03,6.23,3.59,2.03,0.1,5.14,15.41,True,Low,Depot C,False,True,1.0,Resell
CON-104076,Drum,Plastic,5.79,18,29,None,Safe,78.77,Chemical,False,0.0,24.09,100.29,1.23,16.12,3.69,2.25,0.12,6.02,18.06,True,Medium,Depot C,False,True,1.0,Resell
CON-104077,Tote,Plastic,6.13,49,85,High,Unsafe,67.2,None,True,19.68,19.42,0.0,1.18,6.53,2.24,2.33,0.12,6.37,19.12,True,High,Facility D,True,True,1.0,Recycle
CON-104078,Box,Cardboard,1.58,60,43,Medium,Minor Damage,87.62,None,True,2.7,8.41,4.93,0.13,5.4,0.69,1.2,0.03,0.63,1.9,True,Medium,Facility D,True,True,1.0,Resell
CON-104079,Crate,Wood,22.94,54,180,Medium,Minor Damage,38.05,None,True,15.68,39.29,8.06,0.0,10.73,3.25,6.53,0.46,3.67,11.01,False,Medium,Terminal E,True,True,1.0,Resell
CON-104080,Tote,Plastic,5.57,57,121,Critical,Unsafe,67.25,None,True,28.78,23.01,0.0,1.04,6.39,3.67,2.19,0.11,5.8,17.39,True,High,Depot C,False,True,1.0,Recycle
CON-104081,Drum,Plastic,5.84,15,38,Low,Safe,80.68,None,False,6.12,24.7,101.71,1.23,6.46,3.7,2.26,0.12,6.08,18.23,True,Low,Hub B,True,True,1.0,Resell
CON-104082,Box,Plastic,7.12,12,9,None,Safe,83.44,None,False,0.0,5.63,13.58,1.56,6.78,3.85,2.58,0.14,7.41,22.22,True,Low,Terminal E,True,True,1.0,Resell
CON-104083,Tote,Plastic,6.0,3,9,None,Safe,92.97,None,False,0.0,7.95,35.8,1.26,6.5,3.72,2.3,0.12,6.24,18.71,True,Low,Terminal E,True,True,1.0,Resell
CON-104084,Crate,Metal,24.08,12,27,Low,Safe,76.03,None,False,3.31,18.3,71.21,11.34,11.02,5.89,6.82,0.48,52.98,158.94,True,Low,Warehouse A,True,True,1.0,Resell
CON-104085,Box,Plastic,4.92,47,155,High,Unsafe,50.94,None,True,8.02,25.11,0.0,1.08,6.23,2.09,2.03,0.1,5.12,15.35,True,High,Terminal E,True,False,1.0,Recycle
CON-104086,Drum,Plastic,6.6,40,48,Low,Safe,67.21,None,False,5.01,27.72,61.22,1.33,6.65,3.79,2.45,0.13,6.86,20.58,True,Low,Warehouse A,True,True,1.0,Resell
CON-104087,Drum,Plastic,6.59,54,184,High,Unsafe,61.1,None,True,44.55,42.24,0.0,1.32,6.65,2.29,2.45,0.13,6.86,20.57,True,High,Facility D,True,False,1.0,Recycle
CON-104088,Crate,Plastic,5.01,43,114,Medium,Minor Damage,62.05,None,True,12.87,29.09,28.15,1.04,6.25,1.1,2.05,0.1,5.21,15.63,True,Medium,Terminal E,True,True,1.0,Resell
CON-104089,Tote,Plastic,5.19,16,11,None,Safe,75.5,None,False,0.0,10.77,33.24,1.12,6.3,3.62,2.1,0.1,5.4,16.21,True,Low,Depot C,True,True,1.0,Resell
CON-104090,Box,Cardboard,1.75,31,30,None,Safe,72.18,None,False,0.0,9.42,8.77,0.15,5.44,3.21,1.24,0.04,0.7,2.1,True,Low,Facility D,True,True,1.0,Resell
CON-104091,Box,Plastic,5.44,1,2,None,Safe,90.39,Hazardous,False,0.0,3.89,0.0,0.0,38.16,3.65,2.16,0.11,5.66,16.98,False,High,Depot C,True,True,1.0,Dispose
CON-104092,Crate,Wood,18.13,49,68,Low,Minor Damage,71.36,None,False,3.96,23.1,30.21,0.0,9.53,5.18,5.33,0.36,2.9,8.7,False,Low,Facility D,True,True,1.0,Resell
CON-104093,Pallet,Wood,16.44,5,8,None,Safe,80.48,Chemical,False,0.0,11.23,42.91,0.0,22.78,4.97,4.91,0.33,2.63,7.89,False,Medium,Depot C,True,False,1.0,Resell
CON-104094,Pallet,Wood,23.76,58,44,Low,Safe,61.71,None,False,2.35,17.64,15.94,0.0,10.94,5.85,6.74,0.48,3.8,11.4,False,Low,Depot C,False,True,1.0,Resell
CON-104095,Pallet,Plastic,6.81,19,25,Medium,Minor Damage,66.62,None,True,11.14,15.01,37.76,1.44,6.7,1.32,2.5,0.14,7.09,21.26,True,Medium,Terminal E,False,True,1.0,Resell
CON-104096,Tote,Plastic,6.48,37,124,Medium,Minor Damage,53.48,None,True,6.94,25.38,13.81,1.32,6.62,1.28,2.42,0.13,6.74,20.23,True,Medium,Depot C,True,True,1.0,Resell
CON-104097,Crate,Wood,16.38,2,4,None,Safe,88.88,None,False,0.0,14.07,79.2,0.0,9.09,4.97,4.89,0.33,2.62,7.86,False,Low,Hub B,True,True,1.0,Resell
CON-104098,Drum,Plastic,6.14,55,165,High,Moderate Damage,57.4,None,True,60.35,40.89,13.4,1.23,6.53,2.24,2.33,0.12,6.38,19.15,True,Medium,Warehouse A,True,True,1.0,Resell
CON-104099,Box,Plastic,5.46,37,21,Low,Safe,80.62,None,False,0.78,7.26,9.07,1.06,6.36,3.65,2.16,0.11,5.68,17.03,True,Low,Warehouse A,False,True,1.0,Resell
CON-104100,Box,Plastic,5.95,54,30,None,Safe,77.23,None,False,0.0,8.67,6.39,1.15,6.49,3.71,2.29,0.12,6.19,18.57,True,Low,Hub B,False,True,1.0,Resell
CON-104101,Tote,Plastic,5.51,15,17,High,Moderate Damage,86.95,None,True,20.6,9.66,33.63,1.14,6.38,2.16,2.18,0.11,5.73,17.19,True,Medium,Warehouse A,True,True,1.0,Resell
CON-104102,Box,Cardboard,1.34,14,20,Low,Safe,90.05,None,False,0.86,5.74,13.05,0.11,5.34,3.16,1.14,0.03,0.54,1.61,True,Low,Facility D,True,True,1.0,Resell
CON-104103,Crate,Plastic,6.95,58,117,Low,Safe,71.58,None,False,4.56,27.96,16.35,1.33,6.74,3.83,2.54,0.14,7.23,21.7,True,Low,Facility D,True,True,1.0,Resell
CON-104104,Pallet,Plastic,6.2,8,21,None,Safe,70.58,None,False,0.0,14.01,46.75,1.28,6.55,3.74,2.35,0.12,6.45,19.36,True,Low,Facility D,True,True,1.0,Resell
CON-104105,Pallet,Wood,16.45,53,29,None,Safe,74.21,None,False,0.0,14.27,22.01,0.0,9.11,4.97,4.91,0.33,2.63,7.9,False,Low,Depot C,True,False,1.0,Resell
CON-104106,Crate,Wood,18.75,55,171,None,,47.73,None,False,0.0,36.94,8.4,0.0,9.69,5.25,5.49,0.37,3.0,9.0,False,Low,Terminal E,True,False,1.0,Resell
CON-104107,Box,Plastic,6.66,29,95,Low,Safe,74.59,None,False,0.9,15.56,7.29,1.36,6.66,3.8,2.46,0.13,6.92,20.77,True,Low,Hub B,False,True,1.0,Resell
CON-104108,Crate,Metal,24.71,11,34,Low,Safe,74.05,None,False,3.5,19.29,59.42,12.87,11.18,5.97,6.98,0.49,54.37,163.1,True,Low,Facility D,True,True,1.0,Resell
CON-104109,Pallet,Plastic,5.75,5,10,None,Safe,71.65,None,False,0.0,12.75,47.38,1.09,6.44,3.69,2.24,0.12,5.98,17.94,True,Low,Warehouse A,True,True,1.0,Resell
CON-104110,Drum,Metal,27.29,1,1,Medium,Moderate Damage,76.15,None,True,25.46,21.68,125.71,14.01,11.82,3.78,7.62,0.55,60.05,180.14,True,Medium,Warehouse A,True,False,1.0,Resell
CON-104111,Box,Plastic,6.73,20,59,None,Safe,82.11,Organic,False,0.0,10.83,9.4,1.31,6.68,3.81,2.48,0.13,7.0,21.0,True,Low,Hub B,False,True,1.0,Resell
CON-104112,Crate,Wood,22.54,60,178,Medium,Moderate Damage,61.4,None,True,17.03,35.59,7.5,0.0,10.63,3.2,6.43,0.45,3.61,10.82,False,Medium,Depot C,True,True,1.0,Resell
CON-104113,Pallet,Plastic,6.81,22,67,Low,Safe,,None,False,2.64,18.61,31.29,1.28,6.7,3.82,2.5,0.14,7.09,21.26,True,Low,Terminal E,False,True,0.77,Manual_Review
CON-104114,Tote,Plastic,5.69,42,82,Medium,Moderate Damage,57.51,None,True,7.51,20.57,18.02,1.17,6.42,1.18,2.22,0.11,5.92,17.76,True,Medium,Warehouse A,True,True,1.0,Resell
CON-104115,Crate,Metal,25.67,35,91,Low,Minor Damage,79.62,None,False,4.7,24.16,39.1,13.37,11.42,6.08,7.22,0.51,56.48,169.45,True,Low,Depot C,False,True,1.0,Resell
CON-104116,Drum,Plastic,6.27,54,158,High,Moderate Damage,49.87,None,True,46.46,41.32,18.52,1.22,6.57,2.25,2.37,0.13,6.52,19.56,True,Medium,Warehouse A,True,True,0.6,Manual_Review
CON-104117,Crate,Metal,26.26,48,57,None,Safe,82.03,None,False,0.0,20.4,33.28,13.28,11.57,6.15,7.37,0.53,57.78,173.35,True,Low,Depot C,True,True,1.0,Resell
CON-104118,Pallet,Wood,21.38,59,197,High,Moderate Damage,31.36,None,True,18.1,37.5,5.13,0.0,10.35,4.07,6.15,0.43,3.42,10.26,False,Medium,Terminal E,True,True,1.0,Resell
CON-104119,Box,Cardboard,1.33,6,4,Low,Minor Damage,98.83,None,False,0.89,2.83,13.54,0.11,5.33,3.16,1.13,0.03,0.53,1.6,True,Low,Facility D,True,True,1.0,Resell
CON-104120,Crate,Metal,27.67,48,160,High,Moderate Damage,39.83,None,True,33.14,37.03,15.47,13.17,11.92,4.82,7.72,0.55,60.87,182.61,True,Medium,Facility D,True,True,0.71,Manual_Review
CON-104121,Pallet,Wood,20.23,35,76,None,Safe,82.39,None,False,0.0,17.74,27.13,0.0,10.06,5.43,5.86,0.4,3.24,9.71,False,Low,Warehouse A,True,False,1.0,Resell
CON-104122,Drum,Metal,33.49,53,49,None,Safe,86.54,None,False,0.0,24.92,43.58,16.24,13.37,7.02,9.17,0.67,73.69,221.07,True,Low,Depot C,True,False,1.0,Resell
CON-104123,Drum,Metal,33.13,41,108,Medium,Moderate Damage,73.08,None,True,27.52,32.84,42.27,15.57,13.28,4.48,9.08,0.66,72.89,218.66,True,Medium,Hub B,True,True,1.0,Resell
CON-104124,Crate,Wood,23.01,9,17,High,Unsafe,95.75,None,True,33.74,14.34,0.0,0.0,10.75,4.26,6.55,0.46,3.68,11.05,False,High,Depot C,True,True,1.0,Dispose
CON-104125,Box,Cardboard,1.34,47,58,High,Moderate Damage,73.17,Chemical,True,7.15,12.07,6.22,0.11,13.34,1.66,1.14,0.03,0.54,1.61,True,Medium,Warehouse A,True,True,1.0,Resell
CON-104126,Tote,Plastic,5.94,32,77,None,Safe,57.49,None,False,0.0,20.08,19.13,1.2,6.48,3.71,2.28,0.12,6.17,18.52,True,Low,Depot C,False,True,1.0,Resell
CON-104127,Box,Cardboard,1.7,10,13,Low,Safe,85.21,Organic,False,0.82,5.77,14.12,0.15,5.42,3.2,1.22,0.03,0.68,2.04,True,Low,Warehouse A,True,True,1.0,Resell
CON-104128,Pallet,Plastic,4.94,56,156,Medium,Moderate Damage,58.39,Hazardous,True,10.76,29.34,0.0,0.0,37.41,1.09,2.04,0.1,5.14,15.42,False,High,Hub B,True,False,1.0,Dispose
CON-104129,Crate,Wood,22.84,42,65,Medium,Moderate Damage,67.08,None,True,13.16,23.44,39.56,0.0,10.71,3.24,6.51,0.46,3.65,10.96,False,Medium,Facility D,True,False,1.0,Resell
CON-104130,Pallet,Plastic,5.79,9,18,None,Safe,75.32,None,False,0.0,13.0,44.91,1.07,6.45,3.7,2.25,0.12,6.03,18.08,True,Low,Warehouse A,True,True,1.0,Resell
CON-104131,Crate,Plastic,5.79,55,174,High,Moderate Damage,35.33,None,True,34.98,39.1,7.37,1.09,6.45,2.19,2.25,0.12,6.02,18.06,True,Medium,Hub B,False,True,1.0,Resell
CON-104132,Pallet,Plastic,6.61,15,29,Medium,Minor Damage,91.26,None,True,8.21,11.71,38.76,1.21,6.65,1.29,2.45,0.13,6.88,20.63,True,Medium,Warehouse A,True,False,1.0,Resell
CON-104133,Pallet,Plastic,5.32,16,11,Low,Safe,85.69,None,False,2.94,10.75,42.44,1.06,6.33,3.64,2.13,0.11,5.53,16.6,True,Low,Facility D,True,True,1.0,Resell
CON-104134,Drum,Metal,27.91,10,7,Low,Safe,82.99,None,False,5.2,21.25,102.02,14.88,11.98,6.35,7.78,0.56,61.4,184.2,True,Low,Terminal E,False,True,1.0,Resell
CON-104135,Tote,Plastic,5.44,40,102,Medium,Moderate Damage,71.21,None,True,8.32,20.52,16.81,1.02,6.36,1.15,2.16,0.11,5.66,16.97,True,Medium,Hub B,True,True,1.0,Resell
CON-104136,Crate,Plastic,5.16,52,91,None,Safe,68.16,None,False,0.0,25.88,21.84,1.04,6.29,3.62,2.09,0.1,5.37,16.1,True,Low,Terminal E,True,True,1.0,Resell
CON-104137,Pallet,Plastic,4.96,6,10,Low,Minor Damage,91.44,None,False,2.12,9.78,48.69,1.04,6.24,3.59,2.04,0.1,5.16,15.47,True,Low,Facility D,False,True,1.0,Resell
CON-104138,Crate,Plastic,5.97,48,49,Low,Minor Damage,79.95,None,False,4.76,19.91,36.41,1.18,6.49,3.72,2.29,0.12,6.21,18.62,True,Low,Facility D,False,False,1.0,Resell
CON-104139,Drum,Plastic,5.16,53,69,Low,Minor Damage,66.44,None,False,5.76,29.93,36.25,0.94,6.29,3.62,2.09,0.1,5.37,16.1,True,Low,Facility D,True,True,1.0,Resell
CON-104140,Tote,Plastic,5.94,32,88,Low,Minor Damage,56.49,Chemical,False,1.75,21.33,19.04,1.09,16.21,3.71,2.28,0.12,6.17,18.52,True,Medium,Facility D,True,True,1.0,Resell
CON-104141,Tote,Plastic,5.85,22,59,High,Moderate Damage,60.34,None,True,19.34,17.85,25.7,1.24,6.46,2.2,2.26,0.12,6.08,18.25,True,Medium,Terminal E,False,True,1.0,Resell
CON-104142,Drum,Plastic,6.73,1,0,Low,Minor Damage,86.55,None,False,5.9,20.02,122.99,1.39,6.68,3.81,2.48,0.13,7.0,21.01,True,Low,Terminal E,True,False,1.0,Resell
CON-104143,Box,Plastic,6.85,56,53,Medium,Minor Damage,73.06,None,True,3.45,11.59,5.08,1.39,6.71,1.32,2.51,0.14,7.13,21.38,True,Medium,Terminal E,False,True,1.0,Resell
CON-104144,Drum,Plastic,6.79,15,35,None,Safe,86.09,None,False,0.0,23.59,91.21,1.35,6.7,3.81,2.5,0.14,7.06,21.17,True,Low,Facility D,True,True,1.0,Resell
CON-104145,Crate,Wood,18.05,42,91,Critical,Unsafe,60.52,None,True,60.7,27.02,0.0,0.0,9.51,5.17,5.31,0.36,2.89,8.67,False,High,Terminal E,True,True,1.0,Dispose
CON-104146,Crate,Wood,22.35,42,37,None,Safe,74.68,None,False,0.0,19.5,44.41,0.0,10.59,5.68,6.39,0.45,3.58,10.73,False,Low,Facility D,False,True,1.0,Resell
CON-104147,Drum,Metal,28.97,17,10,Medium,Minor Damage,81.43,None,True,27.75,21.79,87.55,14.66,12.24,3.98,8.04,0.58,63.74,191.21,True,Medium,Hub B,True,True,1.0,Resell
CON-104148,Drum,Plastic,5.0,45,78,Medium,Minor Damage,70.21,None,True,24.59,30.27,50.38,0.98,6.25,1.1,2.05,0.1,5.2,15.6,True,Medium,Hub B,False,True,1.0,Resell
CON-104149,Crate,Wood,20.36,34,37,None,Safe,86.67,None,False,0.0,17.7,51.28,0.0,10.09,5.44,5.89,0.41,3.26,9.77,False,Low,Terminal E,True,True,1.0,Resell
CON-104150,Pallet,Plastic,6.94,5,9,Medium,Moderate Damage,80.92,None,True,9.78,11.26,45.35,1.49,6.73,1.33,2.53,0.14,7.21,21.64,True,Medium,Hub B,False,True,1.0,Resell
CON-104151,Crate,Wood,21.43,44,139,High,Unsafe,71.43,None,True,33.44,30.19,0.0,0.0,10.36,4.07,6.16,0.43,3.43,10.29,False,High,Facility D,True,True,1.0,Dispose
CON-104152,Pallet,Plastic,5.44,56,93,None,Safe,57.21,None,False,0.0,23.22,12.92,1.07,6.36,3.65,2.16,0.11,5.66,16.98,True,Low,Terminal E,True,True,1.0,Resell
CON-104153,Box,Plastic,5.78,3,5,None,Safe,77.22,None,False,0.0,6.17,13.09,1.25,6.45,3.69,2.25,0.12,6.01,18.04,True,Low,Facility D,False,True,1.0,Resell
CON-104154,Box,Cardboard,1.31,1,0,Low,Safe,79.33,None,False,0.83,5.35,14.64,0.1,5.33,3.16,1.13,0.03,0.52,1.57,True,Low,Hub B,True,True,1.0,Resell
CON-104155,Box,Plastic,5.04,17,58,Medium,Moderate Damage,82.82,None,True,2.58,10.63,10.98,1.09,6.26,1.11,2.06,0.1,5.25,15.74,True,Medium,Warehouse A,True,True,1.0,Resell
CON-104156,Box,Plastic,5.05,57,60,None,Safe,78.0,None,False,0.0,11.55,4.51,0.98,6.26,3.61,2.06,0.1,5.26,15.77,True,Low,Depot C,True,True,1.0,Resell
CON-104157,Tote,Plastic,5.81,55,126,Medium,Moderate Damage,74.02,None,True,9.2,22.5,8.08,1.14,6.45,1.2,2.25,0.12,6.04,18.13,True,Medium,Terminal E,False,True,1.0,Resell
CON-104158,Box,Cardboard,1.63,7,9,Medium,Minor Damage,72.54,None,True,2.76,7.27,13.42,0.14,5.41,0.7,1.21,0.03,0.65,1.95,True,Medium,Terminal E,True,False,1.0,Resell
CON-104159,Box,Cardboard,1.45,37,99,High,Moderate Damage,63.64,None,True,7.53,17.6,6.0,0.12,5.36,1.67,1.16,0.03,0.58,1.74,True,Medium,Warehouse A,True,True,1.0,Resell
CON-104160,Box,Cardboard,1.6,17,30,None,Safe,67.7,None,False,0.0,10.09,11.28,0.13,5.4,3.19,1.2,0.03,0.64,1.91,True,Low,Terminal E,False,False,1.0,Resell
CON-104161,Pallet,Wood,17.14,52,97,Low,Minor Damage,62.06,None,False,2.19,22.89,12.98,0.0,9.28,5.06,5.08,0.34,2.74,8.23,False,Low,Terminal E,False,True,1.0,Resell
CON-104162,Tote,Plastic,5.31,49,61,None,Safe,58.1,None,False,0.0,18.38,15.76,1.09,6.33,3.64,2.13,0.11,5.52,16.57,True,Low,Warehouse A,True,False,1.0,Resell
CON-104163,Drum,Metal,26.78,33,16,None,Safe,89.22,Organic,False,0.0,21.22,70.29,13.84,11.7,6.21,7.5,0.54,58.93,176.78,True,Low,Hub B,True,True,1.0,Resell
CON-104164,Tote,Plastic,6.33,8,22,Medium,Moderate Damage,72.63,None,True,9.0,12.31,38.15,1.37,6.58,1.26,2.38,0.13,6.58,19.74,True,Medium,Warehouse A,False,True,1.0,Resell
CON-104165,Pallet,Wood,18.08,32,66,Medium,Minor Damage,77.85,None,True,8.37,17.42,25.58,0.0,9.52,2.67,5.32,0.36,2.89,8.68,False,Medium,Depot C,False,True,1.0,Resell
CON-104166,Drum,Metal,26.03,21,15,Medium,Moderate Damage,93.73,None,True,19.87,20.44,98.18,14.13,11.51,3.62,7.31,0.52,57.26,171.78,True,Medium,Warehouse A,True,True,1.0,Resell
CON-104167,Tote,Plastic,6.17,10,12,Medium,Moderate Damage,73.29,None,True,9.57,11.21,36.44,1.23,6.54,1.24,2.34,0.12,6.42,19.26,True,Medium,Warehouse A,True,True,1.0,Resell
CON-104168,Box,Cardboard,1.66,59,97,High,Unsafe,76.89,None,True,6.72,15.42,0.0,0.13,5.42,1.7,1.22,0.03,0.66,1.99,True,High,Facility D,False,True,1.0,Recycle
CON-104169,Pallet,Wood,19.07,46,120,Medium,Minor Damage,51.88,None,True,11.71,26.72,16.0,0.0,9.77,2.79,5.57,0.38,3.05,9.15,False,Medium,Terminal E,True,True,1.0,Resell
CON-104170,Tote,Plastic,5.15,49,57,High,Unsafe,87.68,None,True,20.07,13.55,0.0,0.94,6.29,2.12,2.09,0.1,5.35,16.06,True,High,Terminal E,False,True,1.0,Recycle
CON-104171,Tote,Plastic,5.27,27,24,None,Safe,89.57,None,False,0.0,9.96,26.05,0.97,6.32,3.63,2.12,0.11,5.48,16.43,True,Low,Terminal E,True,True,1.0,Resell
CON-104172,Pallet,Plastic,5.6,25,49,High,Moderate Damage,86.62,None,True,18.36,14.41,35.24,1.22,6.4,2.17,2.2,0.11,5.82,17.47,True,Medium,Facility D,False,True,1.0,Resell
CON-104173,Tote,Plastic,6.76,50,156,High,Unsafe,39.5,None,True,15.36,30.68,0.0,1.44,6.69,2.31,2.49,0.14,7.03,21.08,True,High,Facility D,True,True,1.0,Recycle
CON-104174,Pallet,Wood,16.84,45,133,Medium,Moderate Damage,67.04,None,True,8.44,25.74,13.91,0.0,9.21,2.52,5.01,0.34,2.69,8.08,False,Medium,Facility D,False,True,1.0,Resell
CON-104175,Tote,Plastic,6.61,14,18,Medium,Minor Damage,66.48,None,True,8.34,12.83,35.13,1.36,6.65,1.29,2.45,0.13,6.87,20.62,True,Medium,Terminal E,True,True,1.0,Resell
CON-104176,Tote,Plastic,6.3,17,31,Medium,Moderate Damage,84.21,None,True,7.33,11.47,32.77,1.22,6.58,1.26,2.38,0.13,6.56,19.67,True,Medium,Terminal E,True,True,1.0,Resell
CON-104177,Crate,Metal,30.17,53,177,Low,Safe,52.99,None,False,3.58,36.75,8.45,15.94,12.54,6.62,8.34,0.6,66.38,199.13,True,Low,Facility D,True,False,1.0,Resell
CON-104178,Crate,Plastic,6.83,26,16,None,Safe,79.41,None,False,0.0,16.69,61.52,1.38,6.71,3.82,2.51,0.14,7.1,21.3,True,Low,Depot C,True,True,1.0,Resell
CON-104179,Box,Cardboard,1.31,1,2,None,Safe,85.65,None,False,0.0,4.6,13.88,0.11,5.33,3.16,1.13,0.03,0.52,1.57,True,Low,Terminal E,True,True,1.0,Resell
CON-104180,Tote,Plastic,5.3,25,72,High,Unsafe,72.14,None,True,18.46,17.38,0.0,1.08,6.32,2.14,2.12,0.11,5.51,16.52,True,High,Depot C,True,False,1.0,Recycle
CON-104181,Pallet,Plastic,6.21,7,20,None,Safe,84.79,None,False,0.0,11.78,48.25,1.15,6.55,3.75,2.35,0.12,6.46,19.38,True,Low,Depot C,True,True,1.0,Resell
CON-104182,Pallet,Plastic,5.46,9,7,Low,Safe,95.95,None,False,2.84,8.81,47.85,1.05,6.37,3.66,2.17,0.11,5.68,17.04,True,Low,Depot C,True,False,1.0,Refurbish
CON-104183,Drum,Metal,24.22,45,32,Low,Safe,67.2,None,False,5.39,26.12,58.26,12.07,11.05,5.91,6.85,0.48,53.28,159.85,True,Low,Terminal E,False,True,0.75,Manual_Review
CON-104184,Crate,Wood,21.64,41,137,High,Unsafe,72.29,None,True,35.91,29.86,0.0,0.0,10.41,4.1,6.21,0.43,3.46,10.39,False,High,Warehouse A,True,True,1.0,Dispose
CON-104185,Pallet,Plastic,4.82,20,65,Low,Safe,82.25,None,False,2.34,16.66,33.13,0.95,6.21,3.58,2.01,0.1,5.01,15.04,True,Low,Hub B,True,True,1.0,Resell
CON-104186,Crate,Wood,16.68,39,21,None,Safe,93.31,None,False,0.0,15.1,42.35,0.0,9.17,5.0,4.97,0.33,2.67,8.01,False,Low,Facility D,False,True,1.0,Resell
CON-104187,Crate,Plastic,6.95,52,153,High,Moderate Damage,57.92,None,True,43.18,33.61,13.1,1.26,6.74,2.33,2.54,0.14,7.23,21.68,True,Medium,Depot C,True,True,1.0,Resell
CON-104188,Box,Cardboard,1.61,31,103,Low,Safe,77.38,None,False,0.63,15.94,6.98,0.13,5.4,3.19,1.2,0.03,0.65,1.94,True,Low,Warehouse A,True,True,1.0,Resell
CON-104189,Tote,Plastic,5.44,25,47,Low,Safe,87.93,None,False,2.23,12.51,28.7,1.04,6.36,3.65,2.16,0.11,5.66,16.97,True,Low,Depot C,True,False,1.0,Resell
CON-104190,Pallet,Wood,22.19,41,44,Low,Minor Damage,66.17,None,False,2.63,16.97,24.76,0.0,10.55,5.66,6.35,0.44,3.55,10.65,False,Low,Depot C,False,True,1.0,Resell
CON-104191,Drum,Metal,27.07,57,129,High,Moderate Damage,56.07,Organic,True,48.53,37.49,21.26,12.56,11.77,4.75,7.57,0.54,59.55,178.65,True,Medium,Warehouse A,False,True,1.0,Resell
CON-104192,Crate,Plastic,4.85,26,58,Low,Safe,61.06,None,False,3.79,23.64,47.45,1.05,6.21,3.58,2.01,0.1,5.04,15.13,True,Low,Facility D,True,False,1.0,Resell
CON-104193,Drum,Metal,26.4,15,35,High,Moderate Damage,88.32,None,True,63.3,23.25,90.59,12.37,11.6,4.67,7.4,0.53,58.07,174.22,True,Medium,Facility D,True,True,1.0,Resell
CON-104194,Drum,Metal,27.6,20,13,Low,Safe,89.41,None,False,6.46,20.89,88.95,13.57,11.9,6.31,7.7,0.55,60.71,182.14,True,Low,Facility D,True,True,1.0,Resell
CON-104195,Crate,Plastic,5.51,2,6,Low,Safe,85.64,None,False,4.64,14.75,74.43,1.19,6.38,3.66,2.18,0.11,5.73,17.2,True,Low,Warehouse A,True,True,1.0,Resell
CON-104196,Drum,Metal,29.55,31,50,High,Moderate Damage,75.21,None,True,62.88,26.72,74.03,13.84,12.39,5.05,8.19,0.59,65.0,195.01,True,Medium,Hub B,True,True,1.0,Resell
CON-104197,Box,Cardboard,1.71,43,84,High,Unsafe,60.09,None,True,5.69,16.64,0.0,0.14,5.43,1.7,1.23,0.03,0.68,2.05,True,High,Terminal E,True,True,1.0,Recycle
CON-104198,Pallet,Plastic,6.8,38,88,Medium,Moderate Damage,68.95,None,True,11.38,20.96,22.5,1.4,6.7,1.32,2.5,0.14,7.07,21.22,True,Medium,Terminal E,True,False,1.0,Resell
CON-104199,Drum,Metal,26.13,30,46,Medium,Minor Damage,69.1,Chemical,True,19.55,27.24,69.96,12.87,28.83,3.64,7.33,0.52,57.49,172.46,True,Medium,Hub B,True,True,1.0,Resell
CON-104200,Tote,Plastic,6.05,2,3,Low,Safe,91.12,Chemical,False,2.35,7.63,35.64,1.17,16.28,3.73,2.31,0.12,6.29,18.87,True,Medium,Facility D,True,False,1.0,Resell
CON-104201,Box,Cardboard,1.22,17,14,Low,Safe,82.13,None,False,0.75,6.33,12.58,0.1,5.3,3.15,1.1,0.02,0.49,1.46,True,Low,Depot C,False,True,0.67,Manual_Review
CON-104202,Tote,Plastic,7.2,59,32,Low,Safe,73.7,None,False,1.7,13.15,12.99,1.58,6.8,3.86,2.6,0.14,7.49,22.46,True,Low,Facility D,True,True,1.0,Resell
CON-104203,Drum,Plastic,7.07,45,41,None,Safe,81.97,None,False,0.0,24.8,60.23,1.38,6.77,3.85,2.57,0.14,7.35,22.05,True,Low,Warehouse A,True,False,1.0,Resell
CON-104204,Tote,Plastic,5.33,36,56,Medium,Moderate Damage,84.66,None,True,6.55,13.9,22.46,1.14,6.33,1.14,2.13,0.11,5.54,16.62,True,Medium,Warehouse A,True,True,1.0,Resell
CON-104205,Box,Plastic,6.34,49,84,Medium,Moderate Damage,66.52,Hazardous,True,2.78,15.67,0.0,0.0,39.51,1.26,2.39,0.13,6.6,19.79,False,High,Hub B,True,True,1.0,Dispose
CON-104206,Tote,Plastic,5.61,34,80,Low,Safe,79.11,None,False,2.26,17.13,21.79,1.02,6.4,3.67,2.2,0.11,5.83,17.5,True,Low,Warehouse A,True,True,1.0,Resell
CON-104207,Box,Cardboard,1.69,39,97,None,Safe,64.86,None,False,0.0,17.22,6.68,0.13,5.42,3.2,1.22,0.03,0.68,2.03,True,Low,Terminal E,False,True,1.0,Resell
CON-104208,Tote,Plastic,6.78,31,66,High,Unsafe,57.07,None,True,18.38,19.04,0.0,1.27,6.7,2.31,2.5,0.14,7.06,21.17,True,High,Facility D,True,True,1.0,Recycle
CON-104209,Tote,Plastic,5.33,25,41,Medium,Moderate Damage,83.25,None,True,7.89,12.61,25.1,1.02,6.33,1.14,2.13,0.11,5.55,16.64,True,Medium,Warehouse A,True,True,1.0,Resell
CON-104210,Drum,Plastic,6.75,52,87,Medium,Minor Damage,79.33,None,True,22.56,29.8,35.46,1.37,6.69,1.31,2.49,0.13,7.02,21.06,True,Medium,Warehouse A,False,True,1.0,Resell
CON-104211,Box,Plastic,5.85,32,97,Low,Minor Damage,79.78,None,False,0.89,14.98,7.69,1.16,6.46,3.7,2.26,0.12,6.09,18.26,True,Low,Terminal E,True,False,1.0,Resell
CON-104212,Crate,Metal,31.54,15,8,None,Safe,70.77,None,False,0.0,17.18,69.65,14.66,12.89,6.78,8.69,0.63,69.39,208.17,True,Low,Terminal E,False,True,1.0,Resell
CON-104213,Pallet,Wood,16.89,38,121,Low,Minor Damage,57.05,Hazardous,False,2.3,26.04,0.0,0.0,55.34,5.03,5.02,0.34,2.7,8.11,False,High,Depot C,True,True,1.0,Dispose
CON-104214,Crate,Metal,28.7,36,80,Low,Minor Damage,78.14,None,False,4.1,23.28,38.81,15.29,12.17,6.44,7.97,0.57,63.14,189.41,True,Low,Hub B,True,True,1.0,Resell
CON-104215,Crate,Plastic,5.92,37,57,Low,Minor Damage,60.18,None,False,4.35,23.67,43.86,1.25,6.48,3.71,2.28,0.12,6.16,18.47,True,Low,Hub B,True,True,1.0,Resell
CON-104216,Tote,Plastic,6.34,34,25,None,Safe,92.48,Organic,False,0.0,9.63,25.13,1.17,6.59,3.76,2.39,0.13,6.6,19.79,True,Low,Hub B,True,True,1.0,Resell
CON-104217,Tote,Plastic,5.75,41,116,Critical,Unsafe,53.44,None,True,40.42,24.58,0.0,1.22,6.44,3.69,2.24,0.11,5.98,17.93,True,High,Facility D,False,False,1.0,Recycle
CON-104218,Drum,Plastic,6.2,27,37,Low,Minor Damage,89.32,None,False,4.99,23.3,83.29,1.35,6.55,3.74,2.35,0.12,6.45,19.34,True,Low,Depot C,True,True,1.0,Resell
CON-104219,Tote,Plastic,6.65,54,82,Medium,Minor Damage,59.5,None,True,9.44,20.28,11.4,1.42,6.66,1.3,2.46,0.13,6.92,20.76,True,Medium,Depot C,True,True,1.0,Resell
CON-104220,Box,Cardboard,1.73,53,151,Medium,Minor Damage,56.8,None,True,3.55,23.83,2.48,0.15,5.43,0.71,1.23,0.03,0.69,2.08,True,Medium,Hub B,False,False,1.0,Resell
CON-104221,Pallet,Wood,17.4,52,53,Medium,Minor Damage,60.15,None,True,10.26,18.78,17.58,0.0,9.35,2.59,5.15,0.35,2.78,8.35,False,Medium,Terminal E,True,True,1.0,Resell
CON-104222,Box,Cardboard,1.73,3,5,None,Safe,94.26,None,False,0.0,3.61,14.28,0.15,5.43,3.21,1.23,0.03,0.69,2.08,True,Low,Facility D,True,True,1.0,Resell
CON-104223,Box,Cardboard,1.29,53,177,High,Moderate Damage,36.04,Organic,True,7.42,29.54,1.83,0.1,5.32,1.66,1.12,0.03,0.52,1.55,True,Medium,Depot C,True,True,1.0,Resell
CON-104224,Drum,Metal,29.85,7,10,None,Safe,,None,False,0.0,21.24,113.46,14.61,12.46,6.58,8.26,0.6,65.67,197.01,True,Low,Hub B,True,True,1.0,Resell
CON-104225,Crate,Plastic,6.47,33,104,High,Unsafe,60.64,None,True,41.22,28.3,0.0,1.39,6.62,2.28,2.42,0.13,6.73,20.18,True,High,Warehouse A,True,True,1.0,Recycle
CON-104226,Crate,Metal,32.15,58,112,High,Unsafe,68.43,None,True,32.72,27.94,0.0,16.52,13.04,5.36,8.84,0.64,70.72,212.17,True,High,Warehouse A,True,True,1.0,Recycle
CON-104227,Pallet,Wood,21.74,47,154,Critical,Unsafe,43.76,None,True,49.71,31.34,0.0,0.0,10.43,5.61,6.23,0.43,3.48,10.43,False,High,Warehouse A,True,True,1.0,Dispose
CON-104228,Drum,Metal,35.51,52,137,High,Moderate Damage,48.62,None,True,46.26,39.41,25.27,16.27,13.88,5.76,9.68,0.71,78.12,234.36,True,Medium,Facility D,False,True,1.0,Resell
CON-104229,Drum,Plastic,6.02,57,96,Critical,Unsafe,62.68,None,True,112.11,33.2,0.0,1.25,6.5,3.72,2.3,0.12,6.26,18.78,True,High,Warehouse A,False,True,1.0,Recycle
CON-104230,Box,Cardboard,1.45,27,70,Critical,Unsafe,63.16,Organic,True,15.2,14.78,0.0,0.12,5.36,3.17,1.16,0.03,0.58,1.74,True,High,Terminal E,False,True,1.0,Recycle
CON-104231,Pallet,Wood,17.9,2,5,None,Safe,98.27,None,False,0.0,8.26,49.19,0.0,9.48,5.15,5.28,0.36,2.86,8.59,False,Low,Facility D,True,False,1.0,Resell
CON-104232,Pallet,Plastic,6.07,5,12,Critical,Unsafe,97.41,None,True,46.81,9.09,0.0,1.13,6.52,3.73,2.32,0.12,6.31,18.94,True,High,Facility D,True,True,1.0,Recycle
CON-104233,Drum,Plastic,7.02,20,28,Low,Safe,74.28,None,False,5.69,24.66,88.69,1.38,6.76,3.84,2.56,0.14,7.3,21.91,True,Low,Facility D,True,False,1.0,Resell
CON-104234,Pallet,Wood,20.67,12,28,None,Safe,90.96,None,False,0.0,11.66,42.65,0.0,10.17,5.48,5.97,0.41,3.31,9.92,False,Low,Terminal E,False,True,1.0,Resell
CON-104235,Pallet,Wood,19.14,55,160,Medium,Minor Damage,38.79,None,True,9.51,32.68,6.45,0.0,9.78,2.8,5.58,0.38,3.06,9.19,False,Medium,Facility D,True,True,1.0,Resell
CON-104236,Tote,Plastic,6.83,35,39,Low,Safe,74.12,None,False,2.1,13.78,21.83,1.25,6.71,3.82,2.51,0.14,7.1,21.3,True,Low,Facility D,True,False,1.0,Resell
CON-104237,Pallet,Wood,18.17,50,172,Critical,Unsafe,36.84,None,True,35.04,34.17,0.0,0.0,9.54,5.18,5.34,0.36,2.91,8.72,False,High,Depot C,True,True,1.0,Dispose
CON-104238,Box,Plastic,6.91,23,71,None,Safe,58.12,None,False,0.0,15.63,8.83,1.27,6.73,3.83,2.53,0.14,7.18,21.54,True,Low,Terminal E,False,True,1.0,Resell
CON-104239,Tote,Plastic,5.1,7,23,Low,Minor Damage,71.25,Chemical,False,2.08,12.61,35.93,1.06,15.69,3.61,2.07,0.1,5.3,15.91,True,Medium,Hub B,True,True,1.0,Resell
CON-104240,Crate,Plastic,6.7,17,9,None,Safe,85.24,None,False,0.0,15.11,70.21,1.23,6.67,3.8,2.47,0.13,6.97,20.9,True,Low,Depot C,True,True,1.0,Resell
CON-104241,Drum,Plastic,6.48,18,53,High,Unsafe,87.42,Chemical,True,63.46,25.19,0.0,1.21,16.55,2.28,2.42,0.13,6.74,20.22,True,High,Depot C,True,True,1.0,Recycle
CON-104242,Box,Cardboard,1.63,11,14,Medium,Moderate Damage,75.12,None,True,2.49,7.38,13.65,0.12,5.41,0.7,1.21,0.03,0.65,1.95,True,Medium,Terminal E,True,False,1.0,Resell
CON-104243,Drum,Metal,30.32,59,49,None,Safe,83.48,None,False,0.0,25.38,37.58,14.57,12.58,6.64,8.38,0.61,66.69,200.08,True,Low,Hub B,True,True,1.0,Resell
CON-104244,Crate,Plastic,4.94,15,26,None,Safe,77.39,None,False,0.0,17.99,61.49,0.89,6.24,3.59,2.04,0.1,5.14,15.42,True,Low,Hub B,False,False,1.0,Refurbish
CON-104245,Drum,Metal,34.76,57,170,High,Unsafe,61.7,None,True,64.55,40.75,0.0,17.31,13.69,5.67,9.49,0.7,76.47,229.42,True,High,Hub B,False,True,1.0,Recycle
CON-104246,Box,Plastic,6.99,31,32,Low,Minor Damage,92.0,Chemical,False,0.69,6.65,8.72,1.27,16.87,3.84,2.55,0.14,7.27,21.8,True,Medium,Hub B,False,True,1.0,Resell
CON-104247,Box,Cardboard,1.7,2,5,None,Safe,89.88,Chemical,False,0.0,4.27,13.75,0.13,13.56,3.2,1.23,0.03,0.68,2.04,True,Medium,Terminal E,True,False,1.0,Resell
CON-104248,Box,Plastic,6.72,16,55,Critical,,67.8,None,True,11.05,12.58,0.0,1.22,6.68,3.81,2.48,0.13,6.99,20.98,True,High,Hub B,True,True,1.0,Recycle
CON-104249,Pallet,Plastic,6.76,34,62,Low,Minor Damage,85.41,None,False,2.97,15.89,29.02,1.23,6.69,3.81,2.49,0.14,7.03,21.09,True,Low,Hub B,True,False,1.0,Resell
CON-104250,Box,Cardboard,1.21,31,91,Medium,Moderate Damage,63.3,None,True,3.26,16.85,7.29,0.1,5.3,0.65,1.1,0.02,0.48,1.45,True,Medium,Warehouse A,False,False,1.0,Resell
CON-104251,Pallet,Wood,17.51,34,49,None,Safe,61.74,Chemical,False,0.0,18.14,26.56,0.0,23.44,5.1,5.18,0.35,2.8,8.4,False,Medium,Facility D,True,True,1.0,Resell
CON-104252,Box,Plastic,5.41,11,27,None,Safe,86.79,None,False,0.0,6.93,11.39,1.05,6.35,3.65,2.15,0.11,5.62,16.87,True,Low,Terminal E,True,True,1.0,Dispose
CON-104253,Tote,Plastic,6.32,7,12,None,Safe,70.84,None,False,0.0,11.57,37.43,1.21,6.58,3.76,2.38,0.13,6.57,19.72,True,Low,Depot C,True,True,1.0,Resell
CON-104254,Tote,Plastic,5.49,53,89,High,Moderate Damage,65.43,None,True,15.37,20.09,11.56,1.17,6.37,2.16,2.17,0.11,5.71,17.13,True,Medium,Depot C,False,True,1.0,Resell
CON-104255,Tote,Plastic,6.59,51,92,Low,Safe,70.54,None,False,1.98,19.62,11.33,1.21,6.65,3.79,2.45,0.13,6.85,20.55,True,Low,Warehouse A,True,True,1.0,Resell
CON-104256,Tote,Plastic,5.41,19,33,Medium,Minor Damage,90.7,None,True,6.68,10.7,30.12,1.18,6.35,1.15,2.15,0.11,5.63,16.89,True,Medium,Depot C,True,True,1.0,Resell
CON-104257,Tote,Plastic,5.98,41,53,Low,Minor Damage,79.16,None,False,1.9,14.43,19.74,1.28,6.5,3.72,2.3,0.12,6.22,18.67,True,Low,Hub B,True,True,1.0,Resell
CON-104258,Box,Cardboard,1.27,42,55,Critical,Unsafe,84.08,Organic,True,11.57,10.14,0.0,0.1,5.32,3.15,1.12,0.03,0.51,1.52,True,High,Facility D,True,False,1.0,Recycle
CON-104259,Drum,Plastic,6.78,32,103,Medium,Minor Damage,56.29,None,True,21.05,34.86,56.64,1.37,6.7,1.31,2.5,0.14,7.05,21.15,True,Medium,Terminal E,True,True,1.0,Resell
CON-104260,Crate,Metal,31.23,58,154,Medium,Moderate Damage,41.73,None,True,13.53,36.14,9.81,14.65,12.81,4.25,8.61,0.62,68.71,206.12,True,Medium,Warehouse A,False,False,1.0,Resell
CON-104261,Pallet,Wood,17.47,27,59,Low,Minor Damage,77.52,None,False,2.5,16.77,30.1,0.0,9.37,5.1,5.17,0.35,2.79,8.38,False,Low,Terminal E,True,True,1.0,Resell
CON-104262,Pallet,Wood,18.46,60,131,Medium,Moderate Damage,48.12,None,True,10.2,28.38,6.9,0.0,9.62,2.72,5.42,0.37,2.95,8.86,False,Medium,Depot C,True,True,1.0,Resell
CON-104263,Tote,Plastic,5.56,19,62,Medium,Moderate Damage,65.59,None,True,9.15,17.36,29.03,1.04,6.39,1.17,2.19,0.11,5.78,17.34,True,Medium,Depot C,True,True,1.0,Resell
CON-104264,Tote,Plastic,5.52,24,61,Medium,Moderate Damage,87.79,None,True,9.46,13.93,24.97,1.12,6.38,1.16,2.18,0.11,5.74,17.22,True,Medium,Depot C,True,True,1.0,Resell
CON-104265,Drum,Metal,24.07,41,137,Critical,Unsafe,70.4,None,True,115.7,36.14,0.0,12.01,11.02,5.89,6.82,0.48,52.94,158.83,True,High,Warehouse A,True,False,1.0,Recycle
CON-104266,Pallet,Wood,23.36,3,7,Low,Minor Damage,69.61,None,False,2.34,12.76,49.02,0.0,10.84,5.8,6.64,0.47,3.74,11.21,False,Low,Hub B,True,False,1.0,Resell
CON-104267,Box,Cardboard,1.53,28,19,Low,Safe,69.67,None,False,0.85,8.7,9.71,0.13,5.38,3.18,1.18,0.03,0.61,1.83,True,Low,Facility D,True,True,1.0,Resell
CON-104268,Tote,Plastic,6.68,24,65,None,Safe,71.64,Organic,False,0.0,16.75,24.24,1.28,6.67,3.8,2.47,0.13,6.94,20.83,True,Low,Facility D,False,True,1.0,Resell
CON-104269,Box,Plastic,6.21,54,74,Medium,Moderate Damage,78.49,Organic,True,3.03,12.88,4.37,1.21,6.55,1.25,2.35,0.12,6.46,19.37,True,Medium,Hub B,True,True,1.0,Resell
CON-104270,Box,Cardboard,1.33,10,31,Low,Safe,,None,False,0.64,8.52,12.76,0.12,5.33,3.16,1.13,0.03,0.53,1.6,True,Low,Warehouse A,True,False,1.0,Resell
CON-104271,Crate,Wood,16.16,30,22,Medium,Minor Damage,85.05,None,True,13.36,16.44,53.96,0.0,9.04,2.44,4.84,0.32,2.59,7.76,False,Medium,Facility D,False,True,1.0,Resell
CON-104272,Pallet,Wood,16.28,17,31,None,Safe,81.68,None,False,0.0,13.35,38.52,0.0,9.07,4.95,4.87,0.33,2.61,7.82,False,Low,Depot C,True,True,1.0,Resell
CON-104273,Crate,Plastic,6.01,40,58,High,Unsafe,63.21,None,True,41.01,23.32,0.0,1.13,6.5,2.22,2.3,0.12,6.25,18.76,True,High,Hub B,True,True,1.0,Recycle
CON-104274,Box,Plastic,5.9,25,62,Low,Safe,80.53,None,False,0.65,11.37,10.32,1.12,6.47,3.71,2.27,0.12,6.13,18.39,True,Low,Warehouse A,True,True,1.0,Resell
CON-104275,Box,Plastic,4.83,1,0,High,Moderate Damage,82.37,None,True,6.72,4.89,13.76,1.01,6.21,2.08,2.01,0.1,5.02,15.07,True,Medium,Warehouse A,False,True,1.0,Resell
CON-104276,Drum,Plastic,6.36,29,18,Low,Safe,77.45,None,False,5.37,23.18,85.2,1.31,6.59,3.76,2.39,0.13,6.62,19.85,True,Low,Hub B,False,True,1.0,Resell
CON-104277,Pallet,Plastic,5.64,17,30,Low,Safe,90.22,None,False,2.88,11.97,39.89,1.08,6.41,3.68,2.21,0.11,5.87,17.61,True,Low,Facility D,False,True,1.0,Resell
CON-104278,Tote,Plastic,6.18,59,191,Low,Safe,50.38,None,False,1.9,32.54,4.09,1.14,6.55,3.74,2.35,0.12,6.43,19.29,True,Low,Warehouse A,True,True,1.0,Resell
CON-104279,Tote,Plastic,4.94,20,67,High,Unsafe,76.55,None,True,16.2,16.22,0.0,1.0,6.23,2.09,2.03,0.1,5.13,15.4,True,High,Depot C,True,False,1.0,Recycle
CON-104280,Drum,Plastic,7.1,24,38,None,Safe,87.59,Organic,False,0.0,23.66,78.66,1.29,6.77,3.85,2.57,0.14,7.38,22.15,True,Low,Warehouse A,True,True,1.0,Resell
CON-104281,Crate,Wood,21.03,23,13,Low,Minor Damage,92.45,Organic,False,3.63,14.43,62.12,0.0,10.26,5.52,6.06,0.42,3.37,10.1,False,Low,Warehouse A,True,True,1.0,Resell
CON-104282,Pallet,Wood,20.74,15,19,Low,Safe,95.47,None,False,2.3,10.08,44.04,0.0,10.18,5.49,5.98,0.41,3.32,9.95,False,Low,Warehouse A,True,True,1.0,Resell
CON-104283,Pallet,Plastic,5.06,46,56,High,Unsafe,84.33,Organic,True,24.33,15.45,0.0,0.96,6.27,2.11,2.07,0.1,5.27,15.8,True,High,Facility D,True,True,1.0,Recycle
CON-104284,Box,Plastic,5.92,37,73,Medium,Moderate Damage,79.13,None,True,3.22,12.68,7.79,1.28,6.48,1.21,2.28,0.12,6.16,18.47,True,Medium,Hub B,True,False,1.0,Resell
CON-104285,Crate,Plastic,6.32,40,88,Low,Safe,72.95,None,False,3.67,24.86,31.24,1.25,6.58,3.76,2.38,0.13,6.58,19.73,True,Low,Warehouse A,True,True,1.0,Resell
CON-104286,Crate,Wood,16.02,35,71,Low,Minor Damage,63.88,None,False,3.62,24.52,40.04,0.0,9.0,4.92,4.8,0.32,2.56,7.69,False,Low,Warehouse A,True,True,1.0,Resell
CON-104287,Box,Plastic,6.19,16,45,Medium,Moderate Damage,70.01,None,True,2.46,11.25,11.42,1.19,6.55,1.24,2.35,0.12,6.44,19.31,True,Medium,Depot C,True,False,1.0,Resell
CON-104288,Pallet,Plastic,6.05,22,28,Low,Safe,75.58,None,False,2.66,13.96,39.07,1.13,6.51,3.73,2.31,0.12,6.29,18.87,True,Low,Terminal E,False,True,1.0,Resell
CON-104289,Crate,Plastic,5.79,33,104,Medium,Moderate Damage,50.78,None,True,14.31,29.78,36.19,1.11,6.45,1.19,2.25,0.12,6.02,18.05,True,Medium,Depot C,True,False,1.0,Resell
CON-104290,Box,Cardboard,1.47,24,30,None,Safe,73.7,None,False,0.0,9.19,9.71,0.11,5.37,3.18,1.17,0.03,0.59,1.77,True,Low,Terminal E,True,True,1.0,Resell
CON-104291,Tote,Plastic,5.71,15,20,Medium,Minor Damage,69.71,None,True,7.26,12.54,29.96,1.1,6.43,1.19,2.23,0.11,5.94,17.83,True,Medium,Terminal E,True,True,1.0,Resell
CON-104292,Pallet,Plastic,6.32,14,7,Low,Minor Damage,86.28,None,False,2.92,10.26,41.77,1.22,6.58,3.76,2.38,0.13,6.58,19.73,True,Low,Warehouse A,False,True,1.0,Resell
CON-104293,Crate,Plastic,5.88,13,39,Medium,Minor Damage,84.37,None,True,14.69,18.24,61.29,1.16,6.47,1.21,2.27,0.12,6.11,18.34,True,Medium,Hub B,True,True,1.0,Resell
CON-104294,Pallet,Wood,21.58,44,31,Low,Safe,77.14,None,False,2.96,14.03,23.0,0.0,10.4,5.59,6.2,0.43,3.45,10.36,False,Low,Warehouse A,True,False,1.0,Resell
CON-104295,Tote,Plastic,6.93,29,78,High,Moderate Damage,58.63,None,True,18.37,20.0,23.01,1.5,6.73,2.33,2.53,0.14,7.21,21.63,True,Medium,Warehouse A,False,True,1.0,Resell
CON-104296,Tote,Plastic,7.03,53,57,Medium,Minor Damage,75.59,Organic,True,8.14,15.36,12.91,1.33,6.76,1.34,2.56,0.14,7.32,21.95,True,Medium,Terminal E,True,True,1.0,Resell
CON-104297,Tote,Plastic,5.06,59,77,Medium,Moderate Damage,75.45,None,True,7.14,17.38,11.26,0.99,6.26,1.11,2.06,0.1,5.26,15.79,True,Medium,Terminal E,True,True,1.0,Resell
CON-104298,Crate,Wood,20.74,53,60,Medium,Moderate Damage,82.66,None,True,16.11,20.6,27.26,0.0,10.19,2.99,5.99,0.41,3.32,9.96,False,Medium,Warehouse A,True,True,1.0,Resell
CON-104299,Crate,Metal,28.96,56,30,Low,Safe,88.53,None,False,3.46,16.72,28.73,13.35,12.24,6.48,8.04,0.58,63.71,191.13,True,Low,Terminal E,True,True,1.0,Resell
CON-104300,Drum,Metal,34.14,32,37,Low,Minor Damage,82.9,None,False,5.65,24.26,70.74,16.54,13.54,7.1,9.34,0.68,75.11,225.34,True,Low,Terminal E,True,True,1.0,Resell
CON-104301,Box,Plastic,5.18,51,89,High,Unsafe,73.03,None,True,6.69,15.2,0.0,1.08,6.3,2.12,2.1,0.1,5.39,16.17,True,High,Depot C,True,True,0.52,Manual_Review
CON-104302,Pallet,Plastic,6.94,40,32,,Minor Damage,73.91,None,False,2.84,14.61,26.67,1.53,6.74,3.83,2.54,0.14,7.22,21.67,True,Low,Terminal E,True,True,1.0,Resell
CON-104303,Drum,Plastic,6.59,6,10,Low,Safe,97.8,None,False,5.86,19.33,116.5,1.45,6.65,3.79,2.45,0.13,6.85,20.55,True,Low,Facility D,True,True,1.0,Resell
CON-104304,Pallet,Plastic,5.26,20,42,Low,Safe,73.07,Organic,False,2.83,15.74,32.4,1.11,6.31,3.63,2.11,0.11,5.47,16.41,True,Low,Warehouse A,True,True,1.0,Resell
CON-104305,Box,Cardboard,1.47,25,71,Medium,Moderate Damage,56.95,Organic,True,2.56,15.81,10.02,0.12,5.37,0.68,1.17,0.03,0.59,1.76,True,Medium,Depot C,False,False,1.0,Resell
CON-104306,Box,Cardboard,1.64,20,40,Critical,Unsafe,89.2,None,True,11.09,7.87,0.0,0.14,5.41,3.2,1.21,0.03,0.66,1.97,True,High,Depot C,True,True,1.0,Recycle
CON-104307,Tote,Plastic,4.93,48,151,Medium,Moderate Damage,53.09,Chemical,True,9.46,28.14,8.83,0.9,15.58,1.09,2.03,0.1,5.13,15.39,True,Medium,Facility D,False,True,1.0,Resell
CON-104308,Tote,Plastic,6.62,43,131,Critical,Unsafe,54.82,None,True,30.4,25.88,0.0,1.33,6.66,3.79,2.46,0.13,6.89,20.66,True,High,Hub B,False,False,1.0,Recycle
CON-104309,Crate,Plastic,6.35,51,78,None,Safe,77.22,None,False,0.0,23.22,28.14,1.19,6.59,3.76,2.39,0.13,6.6,19.81,True,Low,Warehouse A,False,True,1.0,Resell
CON-104310,Pallet,Plastic,6.82,59,134,Critical,Unsafe,50.72,None,True,38.97,28.29,0.0,1.35,6.7,3.82,2.5,0.14,7.09,21.27,True,High,Hub B,True,True,1.0,Recycle
CON-104311,Drum,Metal,33.67,19,31,Low,Minor Damage,86.08,None,False,5.61,23.19,88.57,15.56,13.42,7.04,9.22,0.67,74.08,222.23,True,Low,Warehouse A,True,True,1.0,Resell
CON-104312,Pallet,Wood,21.75,56,133,,Safe,62.87,None,False,0.0,26.37,9.14,0.0,10.44,5.61,6.24,0.44,3.48,10.44,False,Low,Depot C,True,True,1.0,Resell
CON-104313,Tote,Plastic,5.72,33,81,Low,Safe,76.83,Organic,False,1.9,17.57,19.25,1.05,6.43,3.69,2.23,0.11,5.95,17.85,True,Low,Terminal E,True,True,1.0,Resell
CON-104314,Tote,Plastic,5.67,2,2,None,Safe,87.54,None,False,0.0,8.07,40.28,1.03,6.42,3.68,2.22,0.11,5.89,17.68,True,Low,Warehouse A,True,True,1.0,Resell
CON-104315,Drum,Metal,24.68,7,9,Low,Minor Damage,92.79,None,False,5.66,19.98,103.37,13.45,11.17,5.96,6.97,0.49,54.3,162.89,True,Low,Depot C,True,True,1.0,Resell
CON-104316,Drum,Metal,33.09,13,6,None,Safe,88.64,None,False,0.0,20.3,112.93,17.67,13.27,6.97,9.07,0.66,72.8,218.41,True,Low,Facility D,False,True,1.0,Resell
CON-104317,Crate,Metal,30.76,27,45,None,Safe,80.93,None,False,0.0,19.36,52.97,14.13,12.69,6.69,8.49,0.62,67.67,203.02,True,Low,Facility D,True,False,1.0,Resell
CON-104318,Pallet,Plastic,4.93,8,15,Medium,Minor Damage,87.88,None,True,11.36,10.82,44.36,1.06,6.23,1.09,2.03,0.1,5.12,15.37,True,Medium,Hub B,True,False,1.0,Resell
CON-104319,Crate,Plastic,5.28,7,15,Low,Minor Damage,94.56,None,False,3.66,14.32,68.86,1.13,6.32,3.63,2.12,0.11,5.49,16.48,True,Low,Terminal E,True,True,1.0,Dispose
CON-104320,Crate,Metal,26.7,48,140,High,Moderate Damage,52.06,None,True,39.88,33.19,19.6,12.06,11.67,4.7,7.47,0.53,58.73,176.2,True,Medium,Facility D,False,True,1.0,Resell
CON-104321,Tote,Plastic,6.22,51,116,Medium,Moderate Damage,54.65,None,True,7.12,24.4,10.72,1.15,6.55,1.25,2.35,0.12,6.47,19.4,True,Medium,Facility D,True,False,1.0,Resell
CON-104322,Crate,Plastic,6.98,45,101,Medium,Minor Damage,67.13,None,True,15.51,27.03,27.76,1.35,6.74,1.34,2.54,0.14,7.26,21.78,True,Medium,Facility D,True,False,1.0,Resell
CON-104323,Drum,Plastic,5.08,28,60,Medium,Minor Damage,81.96,None,True,28.14,26.71,72.82,0.99,6.27,1.11,2.07,0.1,5.29,15.86,True,Medium,Terminal E,True,True,1.0,Resell
CON-104324,Box,Plastic,7.07,19,62,Medium,Minor Damage,67.61,None,True,2.88,13.31,11.2,1.5,6.77,1.35,2.57,0.14,7.36,22.07,True,Medium,Terminal E,True,True,1.0,Resell
CON-104325,Box,Cardboard,1.43,51,143,Low,Minor Damage,41.87,None,False,0.66,25.27,3.08,0.11,5.36,3.17,1.16,0.03,0.57,1.71,True,Low,Warehouse A,True,True,1.0,Resell
CON-104326,Drum,Plastic,5.89,30,74,Low,Minor Damage,68.06,None,False,5.14,30.19,63.46,1.08,6.47,3.71,2.27,0.12,6.12,18.37,True,Low,Hub B,True,True,1.0,Resell
CON-104327,Tote,Plastic,6.21,23,43,None,Safe,67.0,None,False,0.0,15.25,28.1,1.27,6.55,3.75,2.35,0.12,6.46,19.38,True,Low,Depot C,False,True,1.0,Resell
CON-104328,Crate,Plastic,4.96,10,10,Low,Minor Damage,71.46,None,False,3.48,17.28,76.62,1.0,6.24,3.59,2.04,0.1,5.16,15.47,True,Low,Facility D,True,True,1.0,Resell
CON-104329,Crate,Metal,29.58,53,34,None,Safe,75.99,Organic,False,0.0,19.0,34.57,15.91,12.4,6.55,8.2,0.59,65.09,195.26,True,Low,Facility D,True,False,1.0,Resell
CON-104330,Tote,Plastic,5.29,28,28,Low,Safe,72.67,None,False,1.89,12.9,26.82,0.99,6.32,3.63,2.12,0.11,5.5,16.5,True,Low,Facility D,True,True,1.0,Resell
CON-104331,Box,Plastic,5.75,24,81,None,Safe,72.89,None,False,0.0,14.42,9.11,1.08,6.44,3.69,2.24,0.12,5.98,17.95,True,Low,Warehouse A,True,True,1.0,Resell
CON-104332,Crate,Plastic,7.16,53,136,High,Moderate Damage,44.35,None,True,36.24,33.95,16.69,1.29,6.79,2.36,2.59,0.14,7.44,22.33,True,Medium,Facility D,True,False,1.0,Resell
CON-104333,Drum,Metal,27.34,38,97,Medium,Moderate Damage,76.13,None,True,23.48,31.28,49.06,14.0,11.83,3.78,7.63,0.55,60.15,180.44,True,Medium,Warehouse A,True,True,1.0,Resell
CON-104334,Pallet,Plastic,6.47,34,96,Low,Safe,79.73,None,False,2.45,20.14,24.59,1.16,6.62,3.78,2.42,0.13,6.72,20.17,True,Low,Terminal E,True,True,1.0,Resell
CON-104335,Drum,Metal,33.2,57,103,Critical,Unsafe,53.55,None,True,88.46,35.27,0.0,17.41,13.3,6.98,9.1,0.66,73.05,219.15,True,High,Hub B,True,True,1.0,Recycle
CON-104336,Box,Cardboard,1.57,14,41,Low,Safe,91.15,None,False,0.72,7.68,11.0,0.13,5.39,3.19,1.19,0.03,0.63,1.89,True,Low,Depot C,True,True,1.0,Resell
CON-104337,Crate,Metal,32.8,10,19,None,Safe,92.96,None,False,0.0,14.96,73.96,17.56,13.2,6.94,9.0,0.66,72.17,216.5,True,Low,Terminal E,True,True,1.0,Resell
CON-104338,Drum,Metal,27.62,35,99,None,Safe,53.76,None,False,0.0,34.84,58.93,14.49,11.91,6.31,7.71,0.55,60.77,182.3,True,Low,Depot C,True,True,1.0,Resell
CON-104339,Pallet,Plastic,6.33,44,139,Medium,Moderate Damage,56.65,None,True,8.39,27.9,15.51,1.38,6.58,1.26,2.38,0.13,6.58,19.75,True,Medium,Depot C,True,True,1.0,Resell
CON-104340,Pallet,Wood,17.52,51,107,None,Safe,73.65,None,False,0.0,22.15,13.34,0.0,9.38,5.1,5.18,0.35,2.8,8.41,False,Low,Depot C,False,True,1.0,Resell
CON-104341,Drum,Plastic,5.13,24,70,Low,Minor Damage,58.56,None,False,5.78,31.22,81.36,1.09,6.28,3.62,2.08,0.1,5.34,16.01,True,Low,Hub B,True,True,0.53,Manual_Review
CON-104342,Box,Cardboard,1.29,41,53,Low,Safe,64.38,None,False,0.81,12.89,6.69,0.09,5.32,3.16,1.12,0.03,0.52,1.55,True,Low,Facility D,True,True,0.88,Resell
CON-104343,Pallet,Plastic,6.56,6,9,None,Safe,,None,False,0.0,10.78,48.23,1.22,6.64,3.79,2.44,0.13,6.82,20.47,True,Low,Facility D,True,True,1.0,Resell
CON-104344,Box,Cardboard,1.37,14,14,None,Safe,74.79,None,False,0.0,7.43,13.71,0.1,5.34,3.16,1.14,0.03,0.55,1.64,True,Low,Depot C,False,False,1.0,Resell
CON-104345,Tote,Plastic,6.59,46,150,Medium,Minor Damage,46.99,None,True,8.83,28.95,10.16,1.43,6.65,1.29,2.45,0.13,6.85,20.56,True,Medium,Hub B,False,True,1.0,Resell
CON-104346,Tote,Plastic,4.89,59,37,None,Safe,80.92,None,False,0.0,12.56,12.14,0.97,6.22,3.59,2.02,0.1,5.08,15.25,True,Low,Depot C,True,True,1.0,Resell
CON-104347,Drum,Plastic,5.28,45,42,Low,Safe,83.97,None,False,5.04,24.6,60.98,0.96,6.32,3.63,2.12,0.11,5.49,16.47,True,Low,Terminal E,True,True,1.0,Resell
CON-104348,Crate,Metal,25.58,38,20,High,Moderate Damage,90.25,None,True,41.02,15.46,49.3,12.26,11.4,4.57,7.2,0.51,56.28,168.84,True,Medium,Facility D,True,True,1.0,Resell
CON-104349,Drum,Metal,28.99,58,80,Medium,Minor Damage,80.15,None,True,25.87,28.98,28.88,15.36,12.25,3.98,8.05,0.58,63.78,191.35,True,Medium,Warehouse A,False,True,1.0,Resell
CON-104350,Tote,Plastic,6.77,17,14,High,Moderate Damage,78.08,None,True,20.85,10.69,33.92,1.41,6.69,2.31,2.49,0.14,7.04,21.13,True,Medium,Depot C,False,True,1.0,Resell
CON-104351,Tote,Plastic,4.99,33,20,None,Safe,91.82,None,False,0.0,9.23,27.32,0.98,6.25,3.6,2.05,0.1,5.19,15.57,True,Low,Hub B,True,True,1.0,Resell
CON-104352,Drum,Plastic,6.23,21,66,Low,Minor Damage,76.12,None,False,6.38,28.18,75.49,1.25,6.56,3.75,2.36,0.12,6.48,19.45,True,Low,Facility D,False,True,1.0,Resell
CON-104353,Pallet,Plastic,6.49,7,11,Medium,Moderate Damage,70.51,None,True,9.21,13.02,42.79,1.2,6.62,1.28,2.42,0.13,6.75,20.24,True,Medium,Warehouse A,False,True,1.0,Resell
CON-104354,Pallet,Plastic,6.53,19,48,None,Safe,86.8,None,False,0.0,14.28,34.98,1.18,6.63,3.78,2.43,0.13,6.79,20.38,True,Low,Depot C,True,True,1.0,Resell
CON-104355,Box,Plastic,6.82,7,19,Medium,Minor Damage,83.53,None,True,2.75,6.62,12.24,1.39,6.71,1.32,2.51,0.14,7.1,21.29,True,Medium,Depot C,True,False,1.0,Resell
CON-104356,Crate,Wood,20.96,37,101,High,Moderate Damage,70.18,None,True,31.92,26.57,37.6,0.0,10.24,4.01,6.04,0.42,3.35,10.06,False,Medium,Depot C,True,True,1.0,Resell
CON-104357,Box,Plastic,4.94,60,202,Critical,Unsafe,51.43,None,True,10.77,29.74,0.0,1.07,6.24,3.59,2.04,0.1,5.14,15.42,True,High,Depot C,True,True,1.0,Recycle
CON-104358,Tote,Plastic,5.22,47,44,Low,Safe,71.24,None,False,2.07,14.71,17.9,0.94,6.31,3.63,2.11,0.1,5.43,16.29,True,Low,Hub B,True,True,1.0,Resell
CON-104359,Box,Plastic,5.61,37,58,High,Unsafe,71.28,None,True,6.12,12.36,0.0,1.15,6.4,2.17,2.2,0.11,5.83,17.5,True,High,Facility D,True,True,1.0,Recycle
CON-104360,Crate,Wood,19.03,3,2,None,Safe,96.32,None,False,0.0,12.75,76.82,0.0,9.76,5.28,5.56,0.38,3.05,9.14,False,Low,Warehouse A,True,True,1.0,Resell
CON-104361,Pallet,Plastic,5.28,13,21,None,Safe,87.77,None,False,0.0,11.43,44.1,1.1,6.32,3.63,2.12,0.11,5.49,16.48,True,Low,Warehouse A,False,False,1.0,Resell
CON-104362,Drum,Plastic,4.98,54,166,Critical,Unsafe,40.56,None,True,120.29,43.52,0.0,0.95,6.24,3.6,2.04,0.1,5.17,15.52,True,High,Facility D,False,True,1.0,Recycle
CON-104363,Box,Plastic,5.36,1,1,Low,Minor Damage,93.53,None,False,0.87,3.32,15.81,1.04,6.34,3.64,2.14,0.11,5.58,16.73,True,Low,Hub B,True,True,1.0,Resell
CON-104364,Drum,Metal,25.06,43,35,None,Safe,86.91,None,False,0.0,23.46,64.34,13.23,11.26,6.01,7.06,0.5,55.12,165.37,True,Low,Hub B,True,True,1.0,Resell
CON-104365,Drum,Plastic,5.11,39,32,None,Safe,65.94,None,False,0.0,26.31,69.52,1.12,6.28,3.61,2.08,0.1,5.31,15.94,True,Low,Warehouse A,True,True,1.0,Resell
CON-104366,Crate,Wood,22.1,1,0,None,Safe,87.43,None,False,0.0,13.89,73.07,0.0,10.53,5.65,6.33,0.44,3.54,10.61,False,Low,Hub B,True,True,1.0,Resell
CON-104367,Tote,Plastic,5.42,29,46,None,Safe,78.03,Hazardous,False,0.0,13.9,0.0,0.0,38.13,3.65,2.15,0.11,5.64,16.91,False,High,Facility D,True,False,1.0,Dispose
CON-104368,Pallet,Wood,18.96,14,47,None,Safe,,None,False,0.0,17.89,41.43,0.0,9.74,5.27,5.54,0.38,3.03,9.1,False,Low,Depot C,True,True,1.0,Resell
CON-104369,Box,Plastic,6.39,25,40,None,Safe,81.92,None,False,0.0,8.96,9.7,1.28,6.6,3.77,2.4,0.13,6.65,19.94,True,Low,Hub B,False,False,1.0,Resell
CON-104370,Drum,Metal,25.69,58,202,High,Unsafe,36.58,None,True,43.25,47.71,0.0,12.43,11.42,4.58,7.22,0.51,56.52,169.56,True,High,Facility D,True,True,1.0,Recycle
CON-104371,Tote,Plastic,5.95,9,19,Low,Minor Damage,84.61,None,False,1.91,10.21,36.94,1.17,6.49,3.71,2.29,0.12,6.19,18.58,True,Low,Hub B,True,True,1.0,Resell
CON-104372,Pallet,Plastic,5.39,35,78,Medium,Moderate Damage,75.17,None,True,10.67,19.02,22.34,1.01,6.35,1.15,2.15,0.11,5.61,16.83,True,Medium,Depot C,True,True,1.0,Resell
CON-104373,Pallet,Wood,20.56,11,35,None,Safe,77.65,None,False,0.0,14.35,43.01,0.0,10.14,5.47,5.94,0.41,3.29,9.87,False,Low,Hub B,True,True,1.0,Resell
CON-104374,Tote,Plastic,4.83,4,4,None,Safe,90.75,None,False,0.0,7.79,37.78,1.05,6.21,3.58,2.01,0.1,5.03,15.08,True,Low,Facility D,True,False,1.0,Resell
CON-104375,Drum,Metal,31.41,38,109,High,Unsafe,52.25,None,True,46.02,36.06,0.0,16.93,12.85,5.27,8.65,0.63,69.11,207.34,True,High,Warehouse A,False,False,1.0,Recycle
CON-104376,Pallet,Wood,20.72,15,37,None,Safe,91.8,None,False,0.0,12.43,40.35,0.0,10.18,5.49,5.98,0.41,3.32,9.95,False,Low,Facility D,True,False,1.0,Resell
CON-104377,Box,Cardboard,1.55,31,101,Critical,Unsafe,71.44,Organic,True,14.3,16.63,0.0,0.12,5.39,3.19,1.19,0.03,0.62,1.86,True,High,Warehouse A,True,True,1.0,Recycle
CON-104378,Tote,Plastic,6.01,53,87,Low,Safe,68.36,None,False,2.3,19.45,12.61,1.3,6.5,3.72,2.3,0.12,6.25,18.75,True,Low,Warehouse A,True,False,1.0,Resell
CON-104379,Crate,Metal,34.01,58,51,Low,Minor Damage,86.05,None,False,3.76,19.19,26.63,15.58,13.5,7.08,9.3,0.68,74.82,224.47,True,Low,Warehouse A,True,True,1.0,Resell
CON-104380,Crate,Plastic,6.43,31,30,None,Safe,90.42,None,False,0.0,16.44,50.42,1.23,6.61,3.77,2.41,0.13,6.69,20.06,True,Low,Depot C,True,True,1.0,Resell
CON-104381,Box,Cardboard,1.78,6,15,Low,Minor Damage,93.69,Organic,False,0.71,4.7,14.06,0.15,5.45,3.21,1.25,0.04,0.71,2.14,True,Low,Hub B,True,True,1.0,Resell
CON-104382,Drum,Metal,31.67,33,100,Low,Minor Damage,69.17,None,False,5.02,32.62,57.66,14.81,12.92,6.8,8.72,0.63,69.67,209.02,True,Low,Terminal E,True,True,1.0,Resell
CON-104383,Drum,Plastic,6.6,41,132,High,Unsafe,45.71,None,True,59.41,39.34,0.0,1.39,6.65,2.29,2.45,0.13,6.87,20.61,True,High,Facility D,True,True,1.0,Recycle
CON-104384,Pallet,Plastic,4.86,30,18,None,Safe,90.61,None,False,0.0,10.71,32.89,0.9,6.21,3.58,2.01,0.1,5.05,15.15,True,Low,Hub B,True,True,1.0,Resell
CON-104385,Box,Cardboard,1.2,60,69,Low,Minor Damage,70.77,None,False,0.89,13.53,4.15,0.1,5.3,3.14,1.1,0.02,0.48,1.45,True,Low,Facility D,True,True,1.0,Resell
CON-104386,Drum,Metal,32.43,24,22,Low,Safe,84.62,None,False,5.92,22.51,86.03,15.35,13.11,6.89,8.91,0.65,71.34,214.01,True,Low,Depot C,True,False,1.0,Resell
CON-104387,Tote,Plastic,6.66,23,22,High,Moderate Damage,77.59,None,True,17.87,11.56,29.69,1.21,6.67,2.3,2.47,0.13,6.93,20.78,True,Medium,Depot C,True,True,1.0,Resell
CON-104388,Crate,Plastic,5.13,54,33,High,Unsafe,71.54,None,True,41.83,19.57,0.0,1.11,6.28,2.12,2.08,0.1,5.33,15.99,True,High,Terminal E,True,True,1.0,Recycle
CON-104389,Tote,Plastic,5.88,16,39,Medium,Minor Damage,78.52,None,True,7.77,13.12,32.58,1.11,6.47,1.21,2.27,0.12,6.11,18.33,True,Medium,Hub B,True,True,1.0,Resell
CON-104390,Tote,Plastic,7.12,23,71,None,Safe,61.95,Organic,False,0.0,18.81,23.56,1.45,6.78,3.85,2.58,0.14,7.4,22.21,True,Low,Depot C,True,True,1.0,Resell
CON-104391,Crate,Metal,29.08,55,165,Medium,Moderate Damage,43.12,None,True,14.11,37.03,10.06,13.91,12.27,3.99,8.07,0.58,63.97,191.91,True,Medium,Facility D,True,True,1.0,Resell
CON-104392,Drum,Metal,35.47,34,60,Medium,Minor Damage,84.18,None,True,23.57,26.37,66.44,16.37,13.87,4.76,9.67,0.71,78.03,234.1,True,Medium,Facility D,True,False,1.0,Resell
CON-104393,Crate,Wood,23.74,5,10,Low,Minor Damage,88.04,None,False,3.5,14.79,71.81,0.0,10.93,5.85,6.73,0.47,3.8,11.39,False,Low,Terminal E,False,True,1.0,Resell
CON-104394,Drum,Plastic,6.93,4,2,None,Safe,96.9,None,False,0.0,18.66,120.74,1.49,6.73,3.83,2.53,0.14,7.21,21.62,True,Low,Terminal E,True,False,1.0,Resell
CON-104395,Crate,Wood,19.81,38,86,High,Unsafe,75.06,None,True,42.68,24.34,0.0,0.0,9.95,3.88,5.75,0.4,3.17,9.51,False,High,Warehouse A,False,True,1.0,Dispose
CON-104396,Crate,Wood,22.41,45,86,None,Safe,63.6,None,False,0.0,26.06,31.33,0.0,10.6,5.69,6.4,0.45,3.59,10.76,False,Low,Hub B,True,True,1.0,Resell
CON-104397,Crate,Metal,28.01,54,169,Medium,Minor Damage,42.47,None,True,16.38,37.53,10.63,14.51,12.0,3.86,7.8,0.56,61.63,184.88,True,Medium,Hub B,True,True,1.0,Resell
CON-104398,Pallet,Wood,23.15,42,133,Low,Minor Damage,67.68,None,False,2.43,25.65,14.36,0.0,10.79,5.78,6.59,0.46,3.7,11.11,False,Low,Terminal E,True,True,1.0,Resell
CON-104399,Pallet,Plastic,5.59,50,33,None,Safe,92.53,None,False,0.0,11.92,22.99,1.11,6.4,3.67,2.2,0.11,5.81,17.43,True,Low,Warehouse A,True,True,1.0,Resell
CON-104400,Drum,Plastic,4.83,56,122,High,Moderate Damage,64.08,None,True,44.34,35.59,21.21,0.94,6.21,2.08,2.01,0.1,5.02,15.07,True,Medium,Warehouse A,False,True,0.54,Manual_Review
CON-104401,Tote,Plastic,5.23,47,62,Medium,Minor Damage,67.82,Hazardous,True,6.53,17.03,0.0,0.0,37.84,1.13,2.11,0.1,5.44,16.31,False,High,Terminal E,True,True,1.0,Dispose
CON-104402,Tote,Plastic,5.57,7,13,Low,Safe,71.47,None,False,1.88,11.58,35.68,1.15,6.39,3.67,2.19,0.11,5.79,17.38,True,Low,Hub B,True,True,1.0,Resell
CON-104403,Pallet,Plastic,4.99,57,122,Medium,Minor Damage,71.45,None,True,10.27,23.98,9.73,1.07,6.25,1.1,2.05,0.1,5.19,15.57,True,Medium,Facility D,True,False,1.0,Resell
CON-104404,Pallet,Plastic,5.38,14,42,None,Safe,67.96,None,False,0.0,16.51,39.16,1.06,6.34,3.65,2.14,0.11,5.59,16.77,True,Low,Facility D,True,True,1.0,Resell
CON-104405,Crate,Plastic,4.92,39,119,Medium,Minor Damage,57.61,None,True,17.06,30.26,29.71,0.97,6.23,1.09,2.03,0.1,5.12,15.36,True,Medium,Terminal E,True,True,1.0,Resell
CON-104406,Crate,Plastic,6.76,42,118,High,Unsafe,57.9,None,True,38.19,30.12,0.0,1.37,6.69,2.31,2.49,0.14,7.04,21.11,True,High,Depot C,False,False,1.0,Recycle
CON-104407,Tote,Plastic,6.56,11,32,Low,Safe,91.85,None,False,1.98,10.42,35.13,1.41,6.64,3.79,2.44,0.13,6.83,20.48,True,Low,Depot C,False,True,1.0,Resell
CON-104408,Pallet,Plastic,4.83,5,17,Low,Safe,83.26,None,False,3.0,11.71,48.87,0.88,6.21,3.58,2.01,0.1,5.02,15.07,True,Low,Warehouse A,True,True,1.0,Resell
CON-104409,Box,Cardboard,1.37,1,2,Low,Minor Damage,91.29,None,False,0.68,3.76,15.64,0.12,5.34,3.16,1.14,0.03,0.55,1.65,True,Low,Hub B,True,True,1.0,Resell
CON-104410,Box,Plastic,4.98,57,43,None,Safe,80.53,Hazardous,False,0.0,9.47,0.0,0.0,37.47,3.6,2.05,0.1,5.18,15.54,False,High,Hub B,False,True,1.0,Dispose
CON-104411,Tote,Plastic,4.97,22,34,None,Safe,69.03,None,False,0.0,14.04,26.62,1.07,6.24,3.6,2.04,0.1,5.17,15.51,True,Low,Warehouse A,True,True,1.0,Resell
CON-104412,Tote,Plastic,6.34,20,54,High,Moderate Damage,79.95,None,True,17.61,14.41,27.45,1.18,6.59,2.26,2.39,0.13,6.59,19.78,True,Medium,Terminal E,True,True,1.0,Resell
CON-104413,Tote,Plastic,4.99,49,65,Medium,Minor Damage,76.35,None,True,6.63,16.05,15.31,0.91,6.25,1.1,2.05,0.1,5.19,15.56,True,Medium,Facility D,True,True,1.0,Resell
CON-104414,Box,Cardboard,1.34,31,57,Low,Safe,85.68,None,False,0.85,10.1,9.15,0.1,5.34,3.16,1.14,0.03,0.54,1.61,True,Low,Hub B,False,True,1.0,Resell
CON-104415,Pallet,Plastic,7.05,21,17,None,Safe,76.58,None,False,0.0,12.71,38.75,1.43,6.76,3.85,2.56,0.14,7.34,22.01,True,Low,Warehouse A,True,True,1.0,Resell
CON-104416,Drum,Metal,26.73,30,84,Medium,Minor Damage,80.08,None,True,20.59,29.39,69.82,14.05,11.68,3.71,7.48,0.53,58.8,176.4,True,Medium,Warehouse A,False,True,1.0,Resell
CON-104417,Box,Plastic,6.4,50,111,Critical,Unsafe,51.04,None,True,13.43,20.69,0.0,1.33,6.6,3.77,2.4,0.13,6.65,19.96,True,High,Warehouse A,True,True,1.0,Recycle
CON-104418,Drum,Plastic,5.78,46,160,Medium,Moderate Damage,46.54,None,True,22.78,42.02,24.45,1.1,6.44,1.19,2.24,0.12,6.01,18.02,True,Medium,Facility D,False,True,1.0,Resell
CON-104419,Box,Cardboard,1.53,31,35,High,Unsafe,67.83,None,True,5.48,10.58,0.0,0.12,5.38,1.68,1.18,0.03,0.61,1.83,True,High,Hub B,True,True,1.0,Recycle
CON-104420,Drum,Metal,31.24,44,140,High,Moderate Damage,57.67,Organic,True,54.51,38.35,32.02,16.77,12.81,5.25,8.61,0.62,68.72,206.16,True,Medium,Depot C,True,True,1.0,Resell
CON-104421,Crate,Plastic,5.75,1,2,None,Safe,69.68,Organic,False,0.0,16.75,79.31,1.11,6.44,3.69,2.24,0.11,5.98,17.93,True,Low,Terminal E,True,True,1.0,Resell
CON-104422,Pallet,Wood,21.87,59,78,None,Safe,81.55,None,False,0.0,18.07,12.97,0.0,10.47,5.62,6.27,0.44,3.5,10.5,False,Low,Hub B,True,False,1.0,Resell
CON-104423,Crate,Metal,24.17,20,34,High,Unsafe,92.46,None,True,38.66,16.53,0.0,12.71,11.04,4.4,6.84,0.48,53.17,159.52,True,High,Depot C,True,True,1.0,Recycle
CON-104424,Box,Plastic,6.54,46,122,Medium,Moderate Damage,52.56,None,True,2.51,21.57,4.25,1.19,6.63,1.28,2.43,0.13,6.8,20.4,True,Medium,Warehouse A,True,True,1.0,Recycle
CON-104425,Crate,Wood,16.93,48,155,Critical,Unsafe,44.89,None,True,54.98,35.77,0.0,0.0,9.23,5.03,5.03,0.34,2.71,8.13,False,High,Terminal E,True,False,1.0,Dispose
CON-104426,Drum,Metal,33.03,47,102,None,Safe,60.78,None,False,0.0,34.08,35.62,17.77,13.26,6.96,9.06,0.66,72.67,218.01,True,Low,Terminal E,True,True,1.0,Resell
CON-104427,Box,Plastic,5.59,2,6,Low,Minor Damage,72.66,None,False,0.71,6.95,13.49,1.14,6.4,3.67,2.2,0.11,5.81,17.44,True,Low,Facility D,False,True,1.0,Resell
CON-104428,Tote,Plastic,7.14,6,16,None,Safe,95.46,None,False,0.0,8.28,35.39,1.44,6.78,3.86,2.58,0.14,7.42,22.27,True,Low,Depot C,True,True,1.0,Resell
CON-104429,Drum,Plastic,6.69,38,38,Low,Safe,88.11,None,False,6.25,23.58,59.6,1.43,6.67,3.8,2.47,0.13,6.96,20.87,True,Low,Hub B,False,True,1.0,Resell
CON-104430,Drum,Metal,31.99,28,56,Medium,Moderate Damage,84.59,None,True,19.85,25.91,66.06,15.79,13.0,4.34,8.8,0.64,70.38,211.14,True,Medium,Terminal E,True,True,1.0,Resell
CON-104431,Pallet,Plastic,6.13,45,101,Critical,Unsafe,73.54,None,True,35.53,21.57,0.0,1.11,6.53,3.74,2.33,0.12,6.37,19.12,True,High,Warehouse A,True,True,1.0,Recycle
CON-104432,Pallet,Plastic,6.34,26,57,None,Safe,81.23,None,False,0.0,16.02,32.85,1.33,6.59,3.76,2.39,0.13,6.59,19.78,True,Low,Hub B,True,True,1.0,Resell
CON-104433,Tote,Plastic,6.46,11,35,Low,Safe,84.58,None,False,1.67,11.81,32.33,1.38,6.62,3.78,2.42,0.13,6.72,20.16,True,Low,Warehouse A,False,True,1.0,Resell
CON-104434,Box,Plastic,5.02,40,44,Low,Safe,73.98,None,False,0.7,10.55,7.74,1.1,6.25,3.6,2.05,0.1,5.22,15.66,True,Low,Facility D,True,True,1.0,Resell
CON-104435,Tote,Plastic,6.15,36,57,High,Moderate Damage,59.78,None,True,16.57,17.73,22.36,1.28,6.54,2.24,2.34,0.12,6.39,19.18,True,Medium,Facility D,True,True,1.0,Resell
CON-104436,Drum,Metal,35.57,59,122,High,Moderate Damage,71.69,None,True,60.79,34.45,18.18,16.58,13.89,5.77,9.69,0.71,78.25,234.76,True,Medium,Hub B,True,False,1.0,Resell
CON-104437,Tote,Plastic,5.3,3,7,High,Moderate Damage,74.71,None,True,20.28,10.49,39.39,1.12,6.32,2.14,2.12,0.11,5.51,16.52,True,Medium,Terminal E,False,False,1.0,Resell
CON-104438,Drum,Metal,29.62,30,48,None,Safe,71.1,None,False,0.0,27.14,65.55,15.08,12.4,6.55,8.2,0.59,65.16,195.47,True,Low,Depot C,True,True,1.0,Resell
CON-104439,Crate,Metal,35.89,48,24,None,Safe,83.64,None,False,0.0,16.85,38.4,18.64,13.97,7.31,9.77,0.72,78.95,236.84,True,Low,Hub B,True,True,1.0,Resell
CON-104440,Crate,Metal,27.83,10,26,Low,Safe,70.12,None,False,4.73,19.08,65.45,14.25,11.96,6.34,7.76,0.56,61.23,183.69,True,Low,Depot C,True,True,1.0,Resell
CON-104441,Box,Plastic,5.02,16,44,None,Safe,86.76,None,False,0.0,8.64,12.14,1.01,6.25,3.6,2.05,0.1,5.22,15.66,True,Low,Facility D,True,True,1.0,Resell
CON-104442,Pallet,Wood,18.78,7,20,Medium,Minor Damage,92.76,None,True,10.62,10.59,41.15,0.0,9.7,2.75,5.5,0.38,3.01,9.02,False,Medium,Hub B,False,True,1.0,Resell
CON-104443,Drum,Plastic,6.52,40,26,Medium,Minor Damage,72.53,None,True,21.23,24.72,60.82,1.4,6.63,1.28,2.43,0.13,6.78,20.34,True,Medium,Hub B,True,True,1.0,Resell
CON-104444,Tote,Plastic,7.07,36,41,None,Safe,76.58,None,False,0.0,13.61,22.7,1.33,6.77,3.85,2.57,0.14,7.35,22.05,True,Low,Hub B,True,True,1.0,Resell
CON-104445,Pallet,Wood,21.04,39,85,Low,Minor Damage,58.34,None,False,2.02,22.25,19.89,0.0,10.26,5.53,6.06,0.42,3.37,10.1,False,Low,Terminal E,True,False,1.0,Resell
CON-104446,Tote,Plastic,6.11,18,21,Critical,Unsafe,68.11,None,True,40.74,12.88,0.0,1.23,6.53,3.73,2.33,0.12,6.35,19.06,True,High,Hub B,True,True,1.0,Recycle
CON-104447,Tote,Plastic,5.67,35,72,None,Safe,71.02,None,False,0.0,17.55,22.07,1.16,6.42,3.68,2.22,0.11,5.9,17.69,True,Low,Terminal E,True,True,1.0,Resell
CON-104448,Box,Cardboard,1.37,27,34,None,Safe,65.36,None,False,0.0,10.85,10.24,0.12,5.34,3.16,1.14,0.03,0.55,1.64,True,Low,Terminal E,False,True,1.0,Resell
CON-104449,Tote,Plastic,6.45,31,18,None,Safe,79.1,Chemical,False,0.0,10.94,27.77,1.39,16.53,3.77,2.41,0.13,6.71,20.12,True,Medium,Depot C,True,True,1.0,Resell
CON-104450,Tote,Plastic,5.02,30,49,None,Safe,65.45,Organic,False,0.0,16.08,22.59,1.04,6.25,3.6,2.05,0.1,5.22,15.65,True,Low,Warehouse A,True,False,1.0,Resell
CON-104451,Drum,Plastic,6.43,47,157,High,Unsafe,66.98,None,True,49.06,38.65,0.0,1.38,6.61,2.27,2.41,0.13,6.68,20.05,True,High,Depot C,True,True,1.0,Recycle
CON-104452,Drum,Metal,31.82,12,38,Low,Safe,85.86,None,False,5.87,23.92,93.48,15.93,12.96,6.82,8.76,0.64,70.01,210.03,True,Low,Warehouse A,True,True,1.0,Resell
CON-104453,Tote,Plastic,5.78,6,20,Low,Minor Damage,86.82,None,False,1.9,9.98,35.45,1.19,6.44,3.69,2.24,0.12,6.01,18.03,True,Low,Terminal E,True,False,1.0,Resell
CON-104454,Crate,Plastic,5.09,31,19,Low,Safe,93.32,Hazardous,False,4.7,14.9,0.0,0.0,37.64,3.61,2.07,0.1,5.3,15.9,False,High,Hub B,True,True,1.0,Dispose
CON-104455,Tote,Plastic,4.83,59,91,Medium,Moderate Damage,56.18,None,True,9.24,21.67,8.52,0.98,6.21,1.08,2.01,0.1,5.02,15.06,True,Medium,Depot C,True,False,1.0,Resell
CON-104456,Drum,Metal,33.62,18,37,Medium,Moderate Damage,76.59,None,True,25.72,25.21,93.15,17.55,13.41,4.53,9.21,0.67,73.97,221.91,True,Medium,Warehouse A,True,True,1.0,Resell
CON-104457,Crate,Plastic,5.77,9,16,None,Safe,72.92,None,False,0.0,17.66,71.62,1.19,6.44,3.69,2.24,0.12,6.0,17.99,True,Low,Warehouse A,False,True,1.0,Resell
CON-104458,Drum,Plastic,7.12,45,138,Medium,Minor Damage,58.45,None,True,23.4,38.03,31.4,1.55,6.78,1.35,2.58,0.14,7.4,22.21,True,Medium,Hub B,True,True,1.0,Resell
CON-104459,Drum,Metal,27.85,22,63,Medium,Minor Damage,66.55,None,True,21.12,29.32,81.18,13.07,11.96,3.84,7.76,0.56,61.26,183.78,True,Medium,Depot C,True,True,1.0,Resell
CON-104460,Pallet,Plastic,6.48,40,132,Medium,Minor Damage,70.7,None,True,9.42,25.09,18.41,1.36,6.62,1.28,2.42,0.13,6.74,20.21,True,Medium,Warehouse A,True,True,1.0,Resell
CON-104461,Box,Cardboard,1.4,34,103,High,,67.97,None,True,5.96,17.36,7.36,0.1,5.35,1.67,1.15,0.03,0.56,1.68,True,Medium,Facility D,True,True,1.0,Resell
CON-104462,Crate,Plastic,5.14,3,4,None,Safe,95.17,None,False,0.0,13.13,80.8,0.94,6.28,3.62,2.08,0.1,5.34,16.03,True,Low,Terminal E,False,True,1.0,Resell
CON-104463,Pallet,Plastic,5.34,20,12,Low,Safe,89.12,None,False,2.72,10.33,38.32,1.12,6.34,3.64,2.14,0.11,5.56,16.67,True,Low,Warehouse A,True,False,1.0,Resell
CON-104464,Box,Plastic,7.09,51,139,Low,Safe,48.96,Hazardous,False,0.78,23.81,0.0,0.0,40.64,3.85,2.57,0.14,7.37,22.12,False,High,Terminal E,True,False,1.0,Dispose
CON-104465,Pallet,Plastic,5.8,15,19,None,Safe,83.24,None,False,0.0,11.91,39.55,1.21,6.45,3.7,2.25,0.12,6.03,18.08,True,Low,Terminal E,False,False,1.0,Resell
CON-104466,Crate,Plastic,7.12,54,102,Low,Minor Damage,65.77,None,False,4.31,27.33,19.71,1.51,6.78,3.85,2.58,0.14,7.4,22.2,True,Low,Hub B,False,True,1.0,Resell
CON-104467,Tote,Plastic,5.1,45,110,High,Moderate Damage,64.73,None,True,15.77,22.29,12.22,1.01,6.27,2.11,2.07,0.1,5.3,15.9,True,Medium,Warehouse A,True,True,1.0,Resell
CON-104468,Pallet,Wood,19.51,38,96,None,Safe,67.24,Organic,False,0.0,22.01,22.26,0.0,9.88,5.34,5.68,0.39,3.12,9.37,False,Low,Warehouse A,True,True,1.0,Resell
CON-104469,Tote,Plastic,5.0,26,34,None,Safe,85.89,None,False,0.0,11.52,27.22,1.08,6.25,3.6,2.05,0.1,5.2,15.6,True,Low,Warehouse A,False,True,1.0,Resell
CON-104470,Drum,Plastic,6.62,17,45,Low,Minor Damage,89.88,None,False,5.16,24.02,80.2,1.4,6.65,3.79,2.45,0.13,6.88,20.65,True,Low,Terminal E,False,False,1.0,Resell
CON-104471,Drum,Plastic,6.5,5,12,Medium,Moderate Damage,76.1,Organic,True,28.53,22.78,120.32,1.35,6.63,1.28,2.43,0.13,6.76,20.29,True,Medium,Terminal E,True,False,1.0,Resell
CON-104472,Tote,Plastic,5.73,46,27,None,Safe,77.15,Organic,False,0.0,12.13,19.82,1.2,6.43,3.69,2.23,0.11,5.96,17.89,True,Low,Terminal E,False,False,1.0,Resell
CON-104473,Box,Plastic,6.38,47,104,High,Moderate Damage,50.8,Chemical,True,6.8,20.03,5.02,1.37,16.49,2.27,2.4,0.13,6.64,19.91,True,Medium,Warehouse A,True,True,1.0,Resell
CON-104474,Tote,Plastic,5.0,22,63,Low,Safe,65.94,None,False,1.81,17.41,27.24,0.98,6.25,3.6,2.05,0.1,5.2,15.59,True,Low,Depot C,True,True,1.0,Resell
CON-104475,Pallet,Wood,23.49,59,159,Medium,Minor Damage,57.24,None,True,9.86,29.81,5.15,0.0,10.87,3.32,6.67,0.47,3.76,11.27,False,Medium,Terminal E,True,False,1.0,Resell
CON-104476,Box,Plastic,6.19,17,32,None,Safe,93.38,None,False,0.0,6.44,10.63,1.36,6.55,3.74,2.35,0.12,6.43,19.3,True,Low,Hub B,True,True,1.0,Resell
CON-104477,Drum,Metal,35.62,56,57,Low,Minor Damage,82.82,None,False,6.03,26.28,39.15,18.84,13.91,7.27,9.71,0.71,78.37,235.12,True,Low,Hub B,False,True,1.0,Resell
CON-104478,Tote,Plastic,6.78,51,138,High,Unsafe,54.19,Organic,True,17.94,26.67,0.0,1.36,6.7,2.31,2.5,0.14,7.06,21.17,True,High,Depot C,True,True,1.0,Recycle
CON-104479,Box,Cardboard,1.76,1,1,Low,Safe,75.07,Organic,False,0.77,6.09,14.28,0.14,5.44,3.21,1.24,0.04,0.7,2.11,True,Low,Warehouse A,True,True,0.87,Resell
CON-104480,Drum,Metal,26.77,42,137,Medium,Minor Damage,65.5,None,True,27.43,36.88,39.26,13.29,11.69,3.71,7.49,0.54,58.9,176.69,True,Medium,Warehouse A,True,True,1.0,Recycle
CON-104481,Crate,Wood,20.58,15,32,Low,Minor Damage,83.8,None,False,4.2,17.63,57.09,0.0,10.14,5.47,5.94,0.41,3.29,9.88,False,Low,Hub B,True,True,1.0,Resell
CON-104482,Tote,Plastic,6.38,52,163,High,Unsafe,46.96,None,True,15.27,30.26,0.0,1.16,6.59,2.27,2.39,0.13,6.63,19.9,True,High,Facility D,True,True,1.0,Recycle
CON-104483,Crate,Metal,33.71,4,5,Low,Safe,86.77,None,False,4.41,14.48,68.43,16.46,13.43,7.05,9.23,0.67,74.17,222.5,True,Low,Warehouse A,True,True,1.0,Resell
CON-104484,Pallet,Wood,17.36,8,9,Low,Safe,75.85,None,False,2.06,12.02,45.8,0.0,9.34,5.08,5.14,0.35,2.78,8.33,False,Low,Warehouse A,True,True,1.0,Resell
CON-104485,Pallet,Wood,17.74,37,89,None,Safe,54.41,None,False,0.0,23.24,22.78,0.0,9.43,5.13,5.23,0.35,2.84,8.51,False,Low,Terminal E,True,True,1.0,Resell
CON-104486,Crate,Wood,17.38,7,18,None,Safe,84.62,None,False,0.0,16.11,65.7,0.0,9.34,5.09,5.14,0.35,2.78,8.34,False,Low,Warehouse A,True,True,1.0,Resell
CON-104487,Box,Plastic,6.27,33,80,Medium,Minor Damage,59.61,None,True,3.19,16.31,8.19,1.15,6.57,1.25,2.37,0.13,6.52,19.55,True,Medium,Depot C,True,True,1.0,Resell
CON-104488,Tote,Plastic,6.45,8,18,None,Safe,68.08,None,False,0.0,12.59,37.4,1.39,6.61,3.77,2.41,0.13,6.71,20.13,True,Low,Facility D,False,True,0.54,Manual_Review
CON-104489,Box,Cardboard,1.41,52,169,High,Moderate Damage,41.78,None,True,8.1,27.88,2.21,0.1,5.35,1.67,1.15,0.03,0.56,1.69,True,Medium,Depot C,True,True,1.0,Resell
CON-104490,Tote,Plastic,6.76,27,34,Medium,Moderate Damage,81.79,None,True,8.4,12.13,24.6,1.39,6.69,1.31,2.49,0.14,7.03,21.08,True,Medium,Terminal E,True,True,1.0,Resell
CON-104491,Crate,Wood,21.18,43,94,Medium,Minor Damage,62.9,None,True,19.11,26.96,28.3,0.0,10.3,3.04,6.1,0.42,3.39,10.17,False,Medium,Hub B,True,True,1.0,Resell
CON-104492,Drum,Metal,34.56,28,51,None,Safe,62.99,None,False,0.0,28.65,68.86,18.38,13.64,7.15,9.44,0.69,76.04,228.12,True,Low,Terminal E,True,True,1.0,Resell
CON-104493,Box,Plastic,7.15,29,25,None,Safe,87.56,Chemical,False,0.0,6.62,10.39,1.37,16.97,3.86,2.59,0.14,7.43,22.29,True,Medium,Terminal E,False,True,1.0,Resell
CON-104494,Drum,Plastic,6.88,33,63,High,Unsafe,62.58,None,True,63.55,29.91,0.0,1.47,6.72,2.33,2.52,0.14,7.16,21.47,True,High,Hub B,True,False,1.0,Recycle
CON-104495,Crate,Wood,18.14,10,17,None,Safe,83.74,None,False,0.0,16.14,67.76,0.0,9.54,5.18,5.34,0.36,2.9,8.71,False,Low,Terminal E,True,True,1.0,Resell
CON-104496,Drum,Metal,25.99,52,110,Medium,Minor Damage,59.31,None,True,19.33,35.1,28.19,12.56,11.5,3.62,7.3,0.52,57.18,171.54,True,Medium,Terminal E,True,True,1.0,Resell
CON-104497,Drum,Metal,28.1,48,86,Low,Minor Damage,62.48,None,False,5.15,32.23,44.63,12.99,12.02,6.37,7.82,0.56,61.82,185.45,True,Low,Facility D,True,True,1.0,Resell
CON-104498,Crate,Wood,17.54,20,59,Low,Safe,69.86,Chemical,False,4.16,22.42,50.61,0.0,23.46,5.1,5.18,0.35,2.81,8.42,False,Medium,Terminal E,True,True,1.0,Resell
CON-104499,Pallet,Wood,20.03,45,43,None,Safe,79.4,Chemical,False,0.0,14.89,22.45,0.0,25.02,5.4,5.81,0.4,3.2,9.61,False,Medium,Terminal E,True,True,1.0,Resell
CON-104500,Tote,Plastic,5.85,47,110,Critical,Unsafe,75.63,None,True,37.36,20.66,0.0,1.22,6.46,3.7,2.26,0.12,6.08,18.25,True,High,Terminal E,True,True,1.0,Recycle
CON-104501,Crate,Metal,35.96,41,102,High,Moderate Damage,56.95,None,True,34.16,28.66,27.9,17.33,13.99,5.82,9.79,0.72,79.11,237.33,True,Medium,Depot C,True,True,1.0,Resell
CON-104502,Box,Plastic,6.93,37,113,High,Unsafe,50.29,None,True,5.9,21.01,0.0,1.39,6.73,2.33,2.53,0.14,7.21,21.63,True,High,Hub B,True,False,1.0,Recycle
CON-104503,Crate,Wood,19.51,59,188,Medium,Moderate Damage,40.16,None,True,14.58,39.78,7.21,0.0,9.88,2.84,5.68,0.39,3.12,9.36,False,Medium,Depot C,True,True,1.0,Resell
CON-104504,Crate,Plastic,6.08,44,72,Medium,Moderate Damage,83.59,None,True,16.3,21.66,32.84,1.3,6.52,1.23,2.32,0.12,6.32,18.96,True,Medium,Terminal E,True,True,1.0,Resell
CON-104505,Tote,Plastic,5.63,11,8,None,Safe,86.97,None,False,0.0,8.76,33.17,1.04,6.41,3.68,2.21,0.11,5.86,17.58,True,Low,Warehouse A,False,True,1.0,Resell
CON-104506,Crate,Plastic,5.33,41,72,None,Safe,85.59,None,False,0.0,21.36,38.78,1.02,6.33,3.64,2.13,0.11,5.55,16.64,True,Low,Hub B,True,True,1.0,Resell
CON-104507,Box,Plastic,5.75,19,10,None,Safe,72.89,None,False,0.0,7.32,12.46,1.2,6.44,3.69,2.24,0.12,5.98,17.94,True,Low,Terminal E,True,True,1.0,Resell
CON-104508,Drum,Metal,28.08,10,25,None,Safe,73.34,None,False,0.0,24.5,108.81,13.71,12.02,6.37,7.82,0.56,61.78,185.34,True,Low,Hub B,True,True,1.0,Resell
CON-104509,Box,Plastic,5.09,53,167,None,Safe,54.11,None,False,0.0,25.83,2.0,0.98,6.27,3.61,2.07,0.1,5.3,15.89,True,Low,Facility D,False,True,0.59,Manual_Review
CON-104510,Drum,Plastic,5.62,26,21,None,Safe,93.27,Organic,False,0.0,21.11,82.46,1.2,6.4,3.67,2.2,0.11,5.84,17.52,True,Low,Facility D,False,False,1.0,Resell
CON-104511,Pallet,Plastic,6.94,42,72,Medium,Minor Damage,78.8,None,True,9.69,17.88,20.86,1.5,6.73,1.33,2.53,0.14,7.22,21.65,True,Medium,Terminal E,True,True,1.0,Resell
CON-104512,Tote,Plastic,7.2,39,109,Medium,Moderate Damage,64.78,None,True,8.0,22.18,15.02,1.36,6.8,1.36,2.6,0.14,7.49,22.46,True,Medium,Hub B,False,True,1.0,Resell
CON-104513,Tote,Plastic,5.95,50,127,High,Unsafe,68.16,None,True,16.81,23.48,0.0,1.12,6.49,2.21,2.29,0.12,6.18,18.55,True,High,Terminal E,True,True,1.0,Recycle
CON-104514,Crate,Plastic,6.27,57,120,Critical,Unsafe,57.17,None,True,68.31,30.42,0.0,1.21,6.57,3.75,2.37,0.13,6.52,19.55,True,High,Depot C,False,True,0.71,Manual_Review
CON-104515,Crate,Plastic,6.96,20,35,None,Safe,86.89,None,False,0.0,17.47,56.95,1.5,6.74,3.84,2.54,0.14,7.24,21.73,True,Low,Hub B,True,True,1.0,Resell
CON-104516,Pallet,Wood,19.99,59,139,Medium,Minor Damage,69.58,None,True,9.55,25.96,6.24,0.0,10.0,2.9,5.8,0.4,3.2,9.6,False,Medium,Depot C,False,True,1.0,Resell
CON-104517,Box,Plastic,6.99,50,151,Medium,Moderate Damage,42.7,None,True,2.99,25.94,2.97,1.3,6.75,1.34,2.55,0.14,7.27,21.81,True,Medium,Hub B,False,True,1.0,Resell
CON-104518,Crate,Plastic,6.48,27,42,None,Safe,72.74,None,False,0.0,20.29,50.82,1.17,6.62,3.78,2.42,0.13,6.73,20.2,True,Low,Hub B,True,True,1.0,Resell
CON-104519,Pallet,Wood,18.04,59,132,High,Unsafe,49.17,None,True,22.04,28.33,0.0,0.0,9.51,3.67,5.31,0.36,2.89,8.66,False,High,Depot C,True,False,1.0,Dispose
CON-104520,Drum,Plastic,5.45,46,148,Low,Minor Damage,,None,False,6.33,37.67,31.04,0.99,6.36,3.65,2.16,0.11,5.67,17.0,True,Low,Terminal E,True,True,1.0,Resell
CON-104521,Tote,Plastic,5.29,41,114,Critical,Unsafe,47.35,None,True,30.45,25.3,0.0,0.98,6.32,3.63,2.12,0.11,5.5,16.5,True,High,Facility D,False,True,0.58,Manual_Review
CON-104522,Pallet,Wood,20.26,22,16,Low,Safe,80.51,None,False,2.4,12.02,36.54,0.0,10.07,5.43,5.87,0.41,3.24,9.73,False,Low,Facility D,True,True,1.0,Resell
CON-104523,Tote,Plastic,5.8,37,28,None,Safe,69.13,None,False,0.0,13.43,20.73,1.17,6.45,3.7,2.25,0.12,6.03,18.1,True,Low,Terminal E,False,True,1.0,Resell
CON-104524,Box,Plastic,4.93,19,53,Critical,Unsafe,61.45,None,True,12.27,13.33,0.0,1.01,6.23,3.59,2.03,0.1,5.13,15.39,True,High,Warehouse A,True,True,1.0,Recycle
CON-104525,Crate,Plastic,6.06,13,28,Medium,Moderate Damage,91.76,None,True,17.8,16.04,69.14,1.32,6.52,1.23,2.32,0.12,6.31,18.92,True,Medium,Depot C,True,False,1.0,Recycle
CON-104526,Crate,Metal,30.99,46,121,None,Safe,59.9,None,False,0.0,30.11,26.2,16.37,12.75,6.72,8.55,0.62,68.18,204.55,True,Low,Warehouse A,True,True,1.0,Resell
CON-104527,Drum,Metal,33.92,35,80,Medium,Minor Damage,70.25,Chemical,True,22.45,30.46,61.02,16.22,33.7,4.57,9.28,0.68,74.63,223.88,True,Medium,Depot C,True,True,1.0,Resell
CON-104528,Tote,Plastic,5.62,48,87,High,Moderate Damage,63.04,None,True,18.66,20.24,15.12,1.15,6.41,2.17,2.21,0.11,5.85,17.54,True,Medium,Hub B,False,True,1.0,Resell
CON-104529,Drum,Metal,33.96,24,64,Low,Minor Damage,74.46,None,False,4.91,28.23,74.85,15.66,13.49,7.08,9.29,0.68,74.71,224.14,True,Low,Terminal E,True,True,1.0,Resell
CON-104530,Tote,Plastic,5.35,6,20,High,Moderate Damage,90.1,Organic,True,21.56,9.49,39.07,1.08,6.34,2.14,2.14,0.11,5.56,16.69,True,Medium,Depot C,False,False,1.0,Resell
CON-104531,Crate,Plastic,4.9,47,112,High,Moderate Damage,53.8,None,True,29.29,30.13,23.64,1.02,6.22,2.09,2.02,0.1,5.09,15.27,True,Medium,Depot C,True,True,1.0,Resell
CON-104532,Tote,Plastic,5.28,21,36,Low,Safe,67.21,None,False,1.76,14.52,27.35,1.03,6.32,3.63,2.12,0.11,5.49,16.48,True,Low,Facility D,True,True,0.89,Resell
CON-104533,Tote,Plastic,6.77,15,36,None,Safe,92.72,None,False,0.0,10.69,31.15,1.36,6.69,3.81,2.49,0.14,7.04,21.12,True,Low,Facility D,True,False,1.0,Resell
CON-104534,Crate,Plastic,5.76,52,133,None,Safe,46.68,None,False,0.0,33.3,17.72,1.05,6.44,3.69,2.24,0.12,5.99,17.98,True,Low,Facility D,True,True,0.81,Resell
CON-104535,Drum,Metal,30.59,28,53,High,Unsafe,82.57,None,True,64.45,25.92,0.0,15.56,12.65,5.17,8.45,0.61,67.3,201.89,True,High,Hub B,True,True,1.0,Recycle
CON-104536,Drum,Metal,28.88,44,36,Low,Minor Damage,66.44,None,False,5.82,26.63,60.24,13.71,12.22,6.47,8.02,0.58,63.53,190.59,True,Low,Warehouse A,False,True,0.78,Manual_Review
CON-104537,Box,Cardboard,1.61,14,9,None,Safe,97.55,None,False,0.0,3.52,13.62,0.13,5.4,3.19,1.2,0.03,0.64,1.93,True,Low,Facility D,True,True,1.0,Resell
CON-104538,Tote,Plastic,5.79,3,3,Medium,Minor Damage,93.18,None,True,9.5,7.32,40.46,1.05,6.45,1.19,2.25,0.12,6.02,18.05,True,Medium,Hub B,True,False,1.0,Resell
CON-104539,Crate,Metal,27.96,59,47,Medium,Minor Damage,70.82,None,True,16.37,21.08,25.41,13.21,11.99,3.86,7.79,0.56,61.51,184.54,True,Medium,Hub B,True,True,1.0,Resell
CON-104540,Drum,Plastic,6.12,34,63,Low,Safe,58.22,None,False,7.14,30.57,67.2,1.2,6.53,3.73,2.33,0.12,6.37,19.1,True,Low,Facility D,False,True,1.0,Resell
CON-104541,Box,Cardboard,1.64,14,26,None,Safe,67.78,None,False,0.0,9.68,13.23,0.14,5.41,3.2,1.21,0.03,0.66,1.97,True,Low,Depot C,False,True,1.0,Resell
CON-104542,Box,Cardboard,1.42,29,17,None,Safe,69.61,None,False,0.0,8.51,10.66,0.12,5.36,3.17,1.16,0.03,0.57,1.71,True,Low,Depot C,True,False,1.0,Resell
CON-104543,Tote,Plastic,6.31,12,9,None,Safe,91.2,Chemical,False,0.0,8.22,34.78,1.22,16.44,3.76,2.38,0.13,6.56,19.68,True,Medium,Depot C,False,False,1.0,Resell
CON-104544,Tote,Plastic,4.82,8,16,None,Safe,72.13,None,False,0.0,11.78,38.44,0.87,6.2,3.58,2.0,0.1,5.01,15.03,True,Low,Facility D,True,True,1.0,Resell
CON-104545,Tote,Plastic,6.64,29,80,Medium,Moderate Damage,60.5,None,True,9.16,19.93,24.01,1.38,6.66,1.3,2.46,0.13,6.91,20.72,True,Medium,Hub B,False,True,1.0,Resell
CON-104546,Drum,Plastic,5.5,53,162,Medium,Moderate Damage,48.64,None,True,21.28,41.9,18.16,1.16,6.38,1.16,2.18,0.11,5.72,17.16,True,Medium,Warehouse A,True,True,1.0,Resell
CON-104547,Crate,Plastic,6.7,41,30,Low,Minor Damage,79.14,Organic,False,4.45,18.13,38.51,1.41,6.67,3.8,2.47,0.13,6.96,20.89,True,Low,Facility D,True,True,1.0,Resell
CON-104548,Crate,Plastic,5.64,9,20,None,Safe,80.56,None,False,0.0,16.92,75.79,1.15,6.41,3.68,2.21,0.11,5.86,17.58,True,Low,Depot C,True,False,1.0,Resell
CON-104549,Pallet,Wood,21.21,37,40,High,Moderate Damage,81.6,None,True,21.5,14.26,29.64,0.0,10.3,4.04,6.1,0.42,3.39,10.18,False,Medium,Terminal E,False,False,1.0,Resell
CON-104550,Box,Plastic,6.83,25,36,Low,Minor Damage,90.92,None,False,0.75,7.21,9.36,1.38,6.71,3.82,2.51,0.14,7.1,21.31,True,Low,Facility D,True,True,0.66,Manual_Review
CON-104551,Pallet,Wood,19.29,12,36,None,Safe,86.26,None,False,0.0,13.16,43.83,0.0,9.82,5.32,5.62,0.39,3.09,9.26,False,Low,Hub B,True,True,1.0,Resell
CON-104552,Pallet,Plastic,5.95,25,43,None,Safe,64.35,None,False,0.0,17.15,32.71,1.26,6.49,3.71,2.29,0.12,6.19,18.57,True,Low,Hub B,True,True,1.0,Resell
CON-104553,Pallet,Plastic,5.57,28,20,None,Safe,81.53,None,False,0.0,12.27,34.53,1.12,6.39,3.67,2.19,0.11,5.79,17.38,True,Low,Depot C,True,True,1.0,Resell
CON-104554,Tote,Plastic,6.03,45,43,None,Safe,63.15,None,False,0.0,15.83,19.63,1.31,6.51,3.72,2.31,0.12,6.27,18.82,True,Low,Terminal E,True,False,1.0,Resell
CON-104555,Box,Cardboard,1.42,27,14,High,Moderate Damage,91.28,None,True,6.78,4.96,10.93,0.11,5.36,1.67,1.16,0.03,0.57,1.71,True,Medium,Hub B,True,True,1.0,Resell
CON-104556,Crate,Wood,21.59,49,96,Medium,Moderate Damage,52.0,None,True,17.4,28.8,26.68,0.0,10.4,3.09,6.2,0.43,3.45,10.36,False,Medium,Warehouse A,False,True,1.0,Resell
CON-104557,Tote,Plastic,7.06,33,52,Low,Safe,81.55,None,False,1.95,13.97,24.48,1.4,6.76,3.85,2.56,0.14,7.34,22.02,True,Low,Warehouse A,False,True,1.0,Resell
CON-104558,Pallet,Wood,20.75,26,24,Low,Minor Damage,79.86,Hazardous,False,2.78,12.92,0.0,0.0,61.13,5.49,5.99,0.42,3.32,9.96,False,High,Warehouse A,True,False,1.0,Dispose
CON-104559,Pallet,Plastic,6.65,46,117,Critical,Unsafe,51.48,Organic,True,46.13,26.48,0.0,1.21,6.66,3.8,2.46,0.13,6.92,20.76,True,High,Terminal E,True,True,1.0,Recycle
CON-104560,Tote,Plastic,5.48,41,46,Medium,Moderate Damage,88.98,None,True,8.87,12.25,21.62,1.16,6.37,1.16,2.17,0.11,5.7,17.09,True,Medium,Terminal E,True,True,1.0,Resell
CON-104561,Crate,Metal,27.01,40,41,Low,Minor Damage,80.14,Organic,False,3.74,19.08,41.17,13.37,11.75,6.24,7.55,0.54,59.43,178.28,True,Low,Hub B,False,True,1.0,Resell
CON-104562,Crate,Metal,26.55,38,113,Medium,Moderate Damage,52.91,Chemical,True,19.18,30.36,34.58,12.48,29.09,3.69,7.44,0.53,58.41,175.23,True,Medium,Hub B,False,True,1.0,Resell
CON-104563,Drum,Plastic,6.81,34,26,Low,Minor Damage,85.5,None,False,7.11,22.78,73.87,1.44,6.7,3.82,2.5,0.14,7.09,21.26,True,Low,Hub B,True,False,1.0,Resell
CON-104564,Pallet,Plastic,6.26,7,15,Medium,Minor Damage,94.21,Chemical,True,10.67,9.87,44.79,1.23,16.42,1.25,2.37,0.13,6.52,19.55,True,Medium,Depot C,True,False,1.0,Resell
CON-104565,Drum,Metal,33.67,1,2,None,Safe,95.15,None,False,0.0,18.93,127.44,16.66,13.42,7.04,9.22,0.67,74.07,222.21,True,Low,Warehouse A,True,False,1.0,Resell
CON-104566,Crate,Plastic,7.19,24,22,Low,Safe,76.75,None,False,4.59,17.69,60.55,1.4,6.8,3.86,2.6,0.14,7.48,22.45,True,Low,Hub B,True,True,1.0,Resell
CON-104567,Pallet,Wood,21.79,59,36,Medium,Moderate Damage,65.1,None,True,11.67,16.34,16.09,0.0,10.45,3.11,6.25,0.44,3.49,10.46,False,Medium,Facility D,False,True,1.0,Resell
CON-104568,Box,Plastic,4.91,53,34,Low,Minor Damage,64.05,None,False,0.75,11.04,6.49,1.08,6.23,3.59,2.03,0.1,5.11,15.33,True,Low,Hub B,True,True,1.0,Resell
CON-104569,Crate,Metal,26.47,6,20,Low,Minor Damage,76.59,None,False,4.28,17.51,65.83,14.23,11.62,6.18,7.42,0.53,58.23,174.7,True,Low,Terminal E,True,True,1.0,Resell
CON-104570,Drum,Metal,30.01,32,92,Medium,Minor Damage,70.82,None,True,20.35,31.58,60.59,15.4,12.5,4.1,8.3,0.6,66.03,198.1,True,Medium,Facility D,True,True,1.0,Resell
CON-104571,Crate,Wood,20.03,30,21,High,Unsafe,81.5,None,True,34.59,16.88,0.0,0.0,10.01,3.9,5.81,0.4,3.2,9.61,False,High,Hub B,True,True,1.0,Dispose
CON-104572,Box,Plastic,6.97,46,131,High,Unsafe,72.46,None,True,7.82,19.48,0.0,1.4,6.74,2.34,2.54,0.14,7.25,21.74,True,High,Terminal E,True,True,1.0,Recycle
CON-104573,Drum,Metal,34.67,60,105,Medium,Minor Damage,51.21,None,True,27.33,35.82,21.9,17.64,13.67,4.66,9.47,0.69,76.26,228.79,True,Medium,Warehouse A,True,True,1.0,Resell
CON-104574,Drum,Metal,29.35,42,74,Medium,Minor Damage,81.88,None,True,21.84,28.12,55.65,13.22,12.34,4.02,8.14,0.59,64.58,193.73,True,Medium,Warehouse A,True,True,1.0,Resell
CON-104575,Drum,Metal,35.98,9,15,Low,Safe,70.16,None,False,4.93,23.98,103.23,16.53,13.99,7.32,9.79,0.72,79.15,237.46,True,Low,Hub B,True,True,1.0,Resell
CON-104576,Tote,Plastic,5.85,2,1,None,Safe,69.81,None,False,0.0,10.63,42.99,1.08,6.46,3.7,2.26,0.12,6.08,18.25,True,Low,Terminal E,True,True,1.0,Resell
CON-104577,Tote,Plastic,5.26,38,26,None,Safe,67.02,None,False,0.0,13.55,21.3,1.04,6.32,3.63,2.12,0.11,5.47,16.41,True,Low,Facility D,True,True,1.0,Resell
CON-104578,Tote,Plastic,5.51,44,103,Critical,Unsafe,61.16,None,True,28.73,22.13,0.0,1.04,6.38,3.66,2.18,0.11,5.73,17.2,True,High,Terminal E,True,True,1.0,Recycle
CON-104579,Pallet,Wood,21.14,15,35,Low,Minor Damage,83.41,None,False,2.2,13.49,35.82,0.0,10.29,5.54,6.09,0.42,3.38,10.15,False,Low,Terminal E,False,True,1.0,Resell
CON-104580,Crate,Wood,22.38,22,56,High,Unsafe,79.11,None,True,33.05,20.73,0.0,0.0,10.59,4.19,6.39,0.45,3.58,10.74,False,High,Warehouse A,True,True,1.0,Dispose
CON-104581,Tote,Plastic,6.75,3,8,Medium,Minor Damage,76.66,None,True,8.36,10.3,36.63,1.25,6.69,1.31,2.49,0.13,7.02,21.06,True,Medium,Warehouse A,True,True,1.0,Resell
CON-104582,Tote,Plastic,6.03,27,53,Critical,Unsafe,67.21,None,True,39.65,16.22,0.0,1.09,6.51,3.72,2.31,0.12,6.28,18.83,True,High,Depot C,True,True,1.0,Recycle
CON-104583,Crate,Wood,19.97,24,28,Medium,Minor Damage,80.76,None,True,15.34,17.69,52.56,0.0,9.99,2.9,5.79,0.4,3.2,9.59,False,Medium,Terminal E,True,True,1.0,Resell
CON-104584,Crate,Metal,35.39,47,157,Medium,Minor Damage,41.08,None,True,16.59,36.54,16.86,19.24,13.85,4.75,9.65,0.71,77.86,233.59,True,Medium,Depot C,True,True,1.0,Resell
CON-104585,Box,Cardboard,1.55,50,46,None,Safe,69.25,Organic,False,0.0,11.46,6.13,0.12,5.39,3.19,1.19,0.03,0.62,1.86,True,Low,Depot C,True,True,1.0,Resell
CON-104586,Tote,Plastic,5.37,51,133,None,Safe,72.74,None,False,0.0,23.39,8.84,1.02,6.34,3.64,2.14,0.11,5.58,16.74,True,Low,Warehouse A,True,True,1.0,Resell
CON-104587,Drum,Metal,29.14,15,48,None,Safe,72.14,None,False,0.0,26.98,86.19,13.32,12.29,6.5,8.09,0.58,64.11,192.33,True,Low,Depot C,True,True,1.0,Resell
CON-104588,Crate,Plastic,6.26,2,2,None,Safe,76.07,None,False,0.0,15.79,75.48,1.2,6.57,3.75,2.37,0.13,6.51,19.54,True,Low,Warehouse A,False,True,1.0,Resell
CON-104589,Pallet,Plastic,7.15,58,96,Medium,Minor Damage,61.1,None,True,11.95,22.94,10.35,1.46,6.79,1.36,2.59,0.14,7.43,22.3,True,Medium,Facility D,True,False,1.0,Resell
CON-104590,Pallet,Wood,19.69,48,61,Medium,Moderate Damage,73.6,None,True,10.63,17.56,19.67,0.0,9.92,2.86,5.72,0.39,3.15,9.45,False,Medium,Warehouse A,True,True,1.0,Resell
CON-104591,Box,Plastic,5.52,48,59,None,Safe,72.61,None,False,0.0,12.26,5.71,1.18,6.38,3.66,2.18,0.11,5.74,17.21,True,Low,Facility D,True,True,1.0,Resell
CON-104592,Box,Plastic,6.12,9,25,Medium,Moderate Damage,73.09,None,True,2.52,8.79,12.87,1.27,6.53,1.23,2.33,0.12,6.37,19.11,True,Medium,Terminal E,False,True,1.0,Resell
CON-104593,Box,Plastic,5.62,60,92,Medium,Moderate Damage,56.74,None,True,3.18,17.94,3.18,1.1,6.4,1.17,2.2,0.11,5.84,17.53,True,Medium,Terminal E,True,True,1.0,Resell
CON-104594,Box,Cardboard,1.64,40,44,High,,86.28,None,True,6.48,8.71,7.54,0.12,5.41,1.7,1.21,0.03,0.66,1.97,True,Medium,Facility D,False,True,1.0,Resell
CON-104595,Drum,Metal,31.11,20,52,,Moderate Damage,84.15,None,True,57.61,25.58,83.57,16.87,12.78,5.23,8.58,0.62,68.43,205.3,True,Medium,Terminal E,False,True,1.0,Resell
CON-104596,Box,Cardboard,1.46,49,112,Critical,Unsafe,52.6,None,True,10.48,20.56,0.0,0.11,5.37,3.18,1.17,0.03,0.58,1.75,True,High,Warehouse A,True,True,1.0,Recycle
CON-104597,Crate,Metal,33.4,6,15,Medium,Moderate Damage,83.12,None,True,16.93,16.03,73.99,15.65,13.35,4.51,9.15,0.67,73.48,220.43,True,Medium,Facility D,True,True,1.0,Resell
CON-104598,Box,Cardboard,1.33,21,54,Medium,Minor Damage,63.94,Chemical,True,2.46,13.06,9.49,0.1,13.33,0.66,1.13,0.03,0.53,1.6,True,Medium,Warehouse A,True,True,1.0,Resell
CON-104599,Box,Plastic,5.31,34,112,High,Moderate Damage,49.57,None,True,5.78,21.01,5.99,0.97,6.33,2.14,2.13,0.11,5.52,16.57,True,Medium,Depot C,True,True,1.0,Resell
CON-104600,Box,Cardboard,1.25,29,84,High,Unsafe,73.22,None,True,5.53,14.67,0.0,0.1,5.31,1.65,1.11,0.02,0.5,1.5,True,High,Warehouse A,True,False,1.0,Recycle
CON-104601,Box,Cardboard,1.56,47,88,Medium,Moderate Damage,67.27,None,True,2.85,15.96,5.32,0.12,5.39,0.69,1.19,0.03,0.63,1.88,True,Medium,Warehouse A,True,True,1.0,Resell
CON-104602,Pallet,Wood,21.8,22,14,High,Moderate Damage,93.79,None,True,22.53,9.83,35.09,0.0,10.45,4.12,6.25,0.44,3.49,10.47,False,Medium,Depot C,True,False,1.0,Resell
CON-104603,Box,Cardboard,1.54,38,74,Medium,Minor Damage,72.04,None,True,2.74,13.84,7.21,0.13,5.38,0.68,1.18,0.03,0.62,1.85,True,Medium,Facility D,True,False,1.0,Resell
CON-104604,Box,Plastic,5.09,25,65,High,Moderate Damage,63.37,None,True,6.51,14.24,8.96,0.93,6.27,2.11,2.07,0.1,5.3,15.89,True,Medium,Depot C,True,True,1.0,Resell
CON-104605,Tote,Plastic,6.76,30,45,High,Moderate Damage,62.18,Chemical,True,16.57,16.17,25.6,1.45,16.72,2.31,2.49,0.14,7.03,21.09,True,Medium,Terminal E,True,True,1.0,Resell
CON-104606,Pallet,Plastic,5.94,1,2,None,Safe,72.79,None,False,0.0,11.78,49.8,1.15,6.49,3.71,2.29,0.12,6.18,18.54,True,Low,Facility D,True,True,1.0,Resell
CON-104607,Box,Plastic,6.07,22,44,None,Safe,88.19,None,False,0.0,8.42,10.11,1.2,6.52,3.73,2.32,0.12,6.31,18.93,True,Low,Warehouse A,False,True,1.0,Resell
CON-104608,Drum,Plastic,7.19,28,90,Medium,Moderate Damage,79.86,Organic,True,26.01,30.02,69.35,1.32,6.8,1.36,2.6,0.14,7.48,22.44,True,Medium,Warehouse A,True,True,1.0,Resell
CON-104609,Box,Plastic,5.3,46,124,High,Moderate Damage,58.34,None,True,7.72,20.9,4.41,0.97,6.32,2.14,2.12,0.11,5.51,16.52,True,Medium,Terminal E,False,False,0.79,Manual_Review
CON-104610,Tote,Plastic,6.94,59,185,Low,Safe,61.14,None,False,1.8,30.33,4.02,1.45,6.73,3.83,2.53,0.14,7.21,21.64,True,Low,Depot C,True,True,1.0,Resell
CON-104611,Tote,Plastic,5.42,60,85,Medium,Moderate Damage,74.58,None,True,6.94,18.31,9.65,1.06,6.36,1.15,2.16,0.11,5.64,16.91,True,Medium,Facility D,True,False,1.0,Resell
CON-104612,Tote,Plastic,6.51,15,31,Medium,Minor Damage,88.14,Organic,True,9.19,10.88,34.13,1.34,6.63,1.28,2.43,0.13,6.78,20.33,True,Medium,Warehouse A,True,True,1.0,Resell
CON-104613,Tote,Plastic,5.91,31,107,Medium,Moderate Damage,75.93,Organic,True,8.38,20.31,18.54,1.29,6.48,1.21,2.28,0.12,6.15,18.44,True,Medium,Facility D,True,True,0.53,Manual_Review
CON-104614,Box,Cardboard,1.35,59,168,,Moderate Damage,51.35,None,True,3.53,26.35,1.37,0.11,5.34,0.66,1.14,0.03,0.54,1.61,True,Medium,Terminal E,False,False,1.0,Resell
CON-104615,Tote,Plastic,4.94,4,13,Low,Minor Damage,68.85,None,False,1.86,11.97,34.68,0.95,6.24,3.59,2.04,0.1,5.14,15.41,True,Low,Warehouse A,True,True,1.0,Resell
CON-104616,Box,Plastic,5.78,25,62,High,Moderate Damage,77.57,None,True,5.41,11.81,10.17,1.16,6.44,2.19,2.24,0.12,6.01,18.03,True,Medium,Warehouse A,True,True,1.0,Resell
CON-104617,Tote,Plastic,5.27,41,89,Medium,Minor Damage,68.94,None,True,9.23,19.56,14.87,1.07,6.32,1.13,2.12,0.11,5.49,16.46,True,Medium,Hub B,True,True,1.0,Resell
CON-104618,Box,Plastic,5.87,9,9,None,Safe,81.1,None,False,0.0,5.99,13.22,1.11,6.47,3.7,2.27,0.12,6.11,18.33,True,Low,Terminal E,True,True,1.0,Resell
CON-104619,Pallet,Wood,16.93,38,37,Low,Safe,67.16,None,False,2.43,16.13,27.45,0.0,9.23,5.03,5.03,0.34,2.71,8.13,False,Low,Facility D,True,True,1.0,Resell
CON-104620,Crate,Wood,17.36,6,7,None,Safe,69.49,None,False,0.0,17.28,77.85,0.0,9.34,5.08,5.14,0.35,2.78,8.33,False,Low,Depot C,True,True,1.0,Resell
CON-104621,Drum,Plastic,4.92,53,101,High,Unsafe,50.81,None,True,43.87,35.48,0.0,0.98,6.23,2.09,2.03,0.1,5.12,15.36,True,High,Terminal E,True,False,1.0,Recycle
CON-104622,Tote,Plastic,6.78,6,5,Low,Safe,77.48,Organic,False,1.69,9.88,39.35,1.31,6.7,3.81,2.5,0.14,7.06,21.17,True,Low,Hub B,False,True,1.0,Resell
CON-104623,Drum,Plastic,6.17,46,134,Medium,Moderate Damage,52.82,None,True,26.46,38.48,30.05,1.22,6.54,1.24,2.34,0.12,6.42,19.26,True,Medium,Terminal E,False,True,1.0,Resell
CON-104624,Drum,Plastic,5.39,22,72,Low,Minor Damage,61.52,None,False,6.2,30.97,78.51,1.1,6.35,3.65,2.15,0.11,5.6,16.81,True,Low,Hub B,True,True,1.0,Resell
CON-104625,Box,Cardboard,1.68,33,36,None,Safe,82.9,None,False,0.0,8.41,8.9,0.15,5.42,3.2,1.22,0.03,0.67,2.02,True,Low,Warehouse A,True,True,1.0,Resell
CON-104626,Drum,Plastic,6.02,33,24,None,Safe,71.1,None,False,0.0,24.74,79.63,1.32,6.5,3.72,2.3,0.12,6.26,18.77,True,Low,Facility D,True,True,1.0,Resell
CON-104627,Crate,Metal,24.66,29,44,Medium,Moderate Damage,73.99,None,True,17.94,20.3,50.85,12.28,11.17,3.46,6.97,0.49,54.26,162.78,True,Medium,Terminal E,True,True,1.0,Resell
CON-104628,Tote,Plastic,5.45,43,56,Low,Safe,80.56,None,False,2.01,14.52,17.16,1.05,6.36,3.65,2.16,0.11,5.67,17.0,True,Low,Depot C,True,True,1.0,Resell
CON-104629,Drum,Plastic,6.79,25,67,High,,77.2,None,True,61.4,28.12,75.13,1.45,6.7,2.31,2.5,0.14,7.06,21.19,True,Medium,Terminal E,True,False,1.0,Resell
CON-104630,Pallet,Wood,16.08,47,52,Medium,Moderate Damage,79.73,None,True,9.78,15.74,20.4,0.0,9.02,2.43,4.82,0.32,2.57,7.72,False,Medium,Warehouse A,True,True,1.0,Resell
CON-104631,Tote,Plastic,6.06,30,73,Medium,Minor Damage,77.53,None,True,7.7,16.67,24.02,1.32,6.52,1.23,2.32,0.12,6.3,18.91,True,Medium,Hub B,True,False,1.0,Resell
CON-104632,Drum,Metal,25.16,7,3,Medium,Moderate Damage,95.45,None,True,19.96,18.98,107.85,11.63,11.29,3.52,7.09,0.5,55.35,166.06,True,Medium,Depot C,False,True,1.0,Resell
CON-104633,Drum,Plastic,5.12,56,104,Medium,Minor Damage,67.13,None,True,23.26,33.33,26.5,1.1,6.28,1.11,2.08,0.1,5.33,15.98,True,Medium,Facility D,True,True,1.0,Resell
CON-104634,Crate,Wood,21.09,54,178,Low,Safe,45.06,None,False,3.91,38.04,7.85,0.0,10.27,5.53,6.07,0.42,3.37,10.12,False,Low,Terminal E,False,True,1.0,Resell
CON-104635,Drum,Metal,25.92,6,15,None,Safe,78.75,None,False,0.0,22.69,114.2,12.82,11.48,6.11,7.28,0.52,57.01,171.04,True,Low,Depot C,True,True,1.0,Resell
CON-104636,Pallet,Wood,21.43,60,205,High,Moderate Damage,51.57,None,True,22.73,35.26,5.48,0.0,10.36,4.07,6.16,0.43,3.43,10.29,False,Medium,Hub B,True,True,1.0,Resell
CON-104637,Tote,Plastic,5.84,47,48,Medium,,75.54,None,True,8.86,14.47,18.93,1.2,6.46,1.2,2.26,0.12,6.07,18.22,True,Medium,Hub B,True,True,1.0,Resell
CON-104638,Pallet,Plastic,5.79,49,150,Medium,Moderate Damage,45.43,None,True,8.56,30.69,10.05,1.17,6.45,1.19,2.25,0.12,6.02,18.07,True,Medium,Facility D,False,True,1.0,Resell
CON-104639,Pallet,Plastic,5.6,8,26,None,Safe,66.23,None,False,0.0,15.17,42.23,1.13,6.4,3.67,2.2,0.11,5.82,17.46,True,Low,Facility D,True,True,1.0,Resell
CON-104640,Drum,Metal,27.13,59,158,Medium,Minor Damage,54.06,Chemical,True,20.07,40.69,11.06,14.87,29.45,3.76,7.58,0.54,59.68,179.03,True,Medium,Terminal E,True,True,1.0,Resell
CON-104641,Tote,Plastic,6.2,14,46,Medium,Minor Damage,82.64,None,True,6.44,13.2,27.89,1.16,6.55,1.24,2.35,0.12,6.45,19.34,True,Medium,Depot C,True,True,1.0,Resell
CON-104642,Box,Cardboard,1.23,29,34,Medium,Minor Damage,81.71,None,True,2.45,8.39,8.75,0.1,5.31,0.65,1.11,0.02,0.49,1.48,True,Medium,Hub B,True,True,1.0,Resell
CON-104643,Drum,Plastic,5.74,31,105,High,Moderate Damage,75.19,None,True,55.44,32.22,59.03,1.08,6.44,2.19,2.24,0.11,5.97,17.91,True,Medium,Warehouse A,False,True,1.0,Resell
CON-104644,Tote,Plastic,7.06,38,105,Medium,Moderate Damage,63.62,None,True,9.04,21.96,15.66,1.46,6.76,1.35,2.56,0.14,7.34,22.03,True,Medium,Warehouse A,True,False,1.0,Resell
CON-104645,Crate,Plastic,5.88,45,24,Low,Safe,72.67,None,False,4.06,18.5,40.98,1.12,6.47,3.71,2.27,0.12,6.12,18.36,True,Low,Hub B,True,True,1.0,Resell
CON-104646,Drum,Metal,35.16,29,29,Low,Minor Damage,93.1,None,False,5.74,21.93,72.41,17.23,13.79,7.22,9.59,0.7,77.36,232.08,True,Low,Depot C,True,True,1.0,Resell
CON-104647,Tote,Plastic,7.18,40,22,High,Moderate Damage,81.32,Organic,True,20.31,11.0,24.35,1.31,6.79,2.36,2.59,0.14,7.46,22.39,True,Medium,Warehouse A,True,True,1.0,Resell
CON-104648,Tote,Plastic,5.58,36,30,Medium,Minor Damage,89.46,None,True,7.95,10.58,23.07,1.02,6.4,1.17,2.2,0.11,5.8,17.41,True,Medium,Depot C,True,True,1.0,Resell
CON-104649,Tote,Plastic,6.39,16,48,High,Moderate Damage,72.57,None,True,20.33,14.91,32.19,1.28,6.6,2.27,2.4,0.13,6.64,19.93,True,Medium,Warehouse A,True,False,1.0,Resell
CON-104650,Box,Cardboard,1.67,17,19,None,Safe,84.6,None,False,0.0,6.46,11.97,0.14,5.42,3.2,1.22,0.03,0.67,2.0,True,Low,Depot C,True,True,1.0,Resell
CON-104651,Drum,Metal,35.49,41,125,High,Unsafe,63.69,None,True,56.01,35.95,0.0,16.94,13.87,5.76,9.67,0.71,78.07,234.21,True,High,Hub B,True,True,1.0,Recycle
CON-104652,Pallet,Wood,23.22,19,62,Medium,Minor Damage,72.55,None,True,8.98,17.82,32.57,0.0,10.81,3.29,6.61,0.46,3.72,11.15,False,Medium,Depot C,True,True,1.0,Resell
CON-104653,Pallet,Wood,17.09,43,78,Low,Minor Damage,81.39,None,False,2.92,18.09,21.32,0.0,9.27,5.05,5.07,0.34,2.73,8.2,False,Low,Depot C,True,True,1.0,Resell
CON-104654,Box,Plastic,5.33,40,117,Low,Safe,54.67,None,False,0.63,20.75,5.51,1.12,6.33,3.64,2.13,0.11,5.54,16.62,True,Low,Hub B,True,True,1.0,Resell
CON-104655,Pallet,Plastic,7.15,23,67,Low,Minor Damage,75.48,None,False,2.7,17.88,29.49,1.35,6.79,3.86,2.59,0.14,7.44,22.32,True,Low,Warehouse A,True,False,1.0,Resell
CON-104656,Tote,Plastic,6.76,53,151,High,Moderate Damage,51.47,None,True,17.56,28.38,6.6,1.32,6.69,2.31,2.49,0.14,7.03,21.1,True,Medium,Warehouse A,True,True,1.0,Resell
CON-104657,Tote,Plastic,5.48,47,66,Medium,Moderate Damage,59.16,None,True,7.77,18.73,15.89,1.03,6.37,1.16,2.17,0.11,5.7,17.1,True,Medium,Hub B,True,True,1.0,Resell
CON-104658,Crate,Plastic,7.17,29,69,High,Moderate Damage,71.42,None,True,32.14,23.19,44.3,1.46,6.79,2.36,2.59,0.14,7.46,22.38,True,Medium,Warehouse A,True,True,1.0,Resell
CON-104659,Drum,Plastic,5.63,25,64,Medium,Moderate Damage,73.86,None,True,23.45,28.32,72.43,1.09,6.41,1.18,2.21,0.11,5.86,17.57,True,Medium,Warehouse A,False,True,1.0,Resell
CON-104660,Tote,Plastic,6.98,51,163,Medium,Minor Damage,56.42,Organic,True,8.42,28.84,6.12,1.48,6.74,1.34,2.54,0.14,7.26,21.78,True,Medium,Depot C,True,True,1.0,Resell
CON-104661,Crate,Wood,22.09,4,10,Low,Safe,76.14,None,False,4.63,16.58,68.93,0.0,10.52,5.65,6.32,0.44,3.53,10.6,False,Low,Facility D,True,True,0.76,Manual_Review
CON-104662,Pallet,Wood,16.26,30,35,None,Safe,67.5,Chemical,False,0.0,15.88,32.32,0.0,22.66,4.95,4.86,0.33,2.6,7.8,False,Medium,Warehouse A,False,False,1.0,Resell
CON-104663,Tote,Plastic,5.81,1,2,Medium,Minor Damage,80.86,None,True,8.98,9.07,43.16,1.17,6.45,1.2,2.25,0.12,6.04,18.13,True,Medium,Terminal E,False,True,1.0,Resell
CON-104664,Tote,Plastic,5.55,28,61,Low,Safe,70.51,None,False,2.21,16.52,24.52,1.13,6.39,3.67,2.19,0.11,5.77,17.32,True,Low,Warehouse A,True,True,1.0,Resell
CON-104665,Crate,Metal,31.8,34,104,High,Unsafe,78.77,None,True,30.91,25.58,0.0,15.72,12.95,5.32,8.75,0.64,69.95,209.86,True,High,Hub B,True,False,1.0,Recycle
CON-104666,Tote,Plastic,6.84,48,81,Medium,Minor Damage,82.14,None,True,9.1,16.78,15.54,1.43,6.71,1.32,2.51,0.14,7.11,21.33,True,Medium,Warehouse A,False,True,1.0,Resell
CON-104667,Pallet,Plastic,6.99,39,27,None,Safe,74.76,None,False,0.0,13.99,27.12,1.35,6.75,3.84,2.55,0.14,7.27,21.82,True,Low,Warehouse A,True,True,1.0,Resell
CON-104668,Crate,Metal,33.3,53,66,Medium,Moderate Damage,62.89,Chemical,True,13.74,24.17,27.61,17.06,33.31,4.5,9.13,0.67,73.27,219.8,True,Medium,Depot C,False,False,1.0,Resell
CON-104669,Box,Cardboard,1.2,30,15,None,Safe,92.19,None,False,0.0,4.92,9.13,0.09,5.3,3.14,1.1,0.02,0.48,1.44,True,Low,Terminal E,True,True,1.0,Resell
CON-104670,Crate,Metal,29.51,8,25,Low,,65.99,None,False,4.03,19.6,65.6,15.19,12.38,6.54,8.18,0.59,64.93,194.79,True,Low,Terminal E,True,True,1.0,Resell
CON-104671,Box,Plastic,6.9,48,63,High,Moderate Damage,80.25,None,True,6.56,11.51,5.82,1.45,6.72,2.33,2.52,0.14,7.17,21.52,True,Medium,Warehouse A,False,True,1.0,Resell
CON-104672,Tote,Plastic,6.51,11,7,None,Safe,97.42,Hazardous,False,0.0,7.09,0.0,0.0,39.76,3.78,2.43,0.13,6.77,20.31,False,High,Warehouse A,True,True,1.0,Dispose
CON-104673,Tote,Plastic,6.74,20,43,Medium,Minor Damage,82.95,Organic,True,6.89,12.86,29.55,1.22,6.68,1.31,2.48,0.13,7.01,21.03,True,Medium,Facility D,False,True,1.0,Resell
CON-104674,Pallet,Wood,23.77,4,9,Low,Minor Damage,88.18,Organic,False,2.73,10.17,43.11,0.0,10.94,5.85,6.74,0.48,3.8,11.41,False,Low,Depot C,True,True,1.0,Resell
CON-104675,Pallet,Wood,19.78,17,53,None,Safe,66.13,None,False,0.0,17.88,33.87,0.0,9.95,5.37,5.75,0.4,3.17,9.5,False,Low,Depot C,True,True,1.0,Resell
CON-104676,Pallet,Wood,22.56,50,93,High,Unsafe,80.21,None,True,26.17,19.77,0.0,0.0,10.64,4.21,6.44,0.45,3.61,10.83,False,High,Depot C,True,True,1.0,Dispose
CON-104677,Crate,Metal,30.97,55,62,None,Safe,87.33,None,False,0.0,20.1,28.63,15.17,12.74,6.72,8.54,0.62,68.14,204.42,True,Low,Facility D,False,True,1.0,Resell
CON-104678,Drum,Metal,29.58,10,30,Medium,Moderate Damage,79.57,None,True,24.29,24.06,101.71,14.5,12.4,4.05,8.2,0.59,65.08,195.24,True,Medium,Terminal E,True,True,1.0,Resell
CON-104679,Pallet,Wood,16.05,37,54,High,Unsafe,72.54,None,True,26.9,17.02,0.0,0.0,9.01,3.43,4.81,0.32,2.57,7.7,False,High,Hub B,True,True,1.0,Dispose
CON-104680,Pallet,Wood,18.19,56,51,Medium,Minor Damage,82.97,None,True,11.05,15.15,16.2,0.0,9.55,2.68,5.35,0.36,2.91,8.73,False,Medium,Hub B,False,True,1.0,Resell
CON-104681,Crate,Wood,17.54,1,1,Low,Minor Damage,,None,False,3.92,15.66,83.07,0.0,9.38,5.1,5.18,0.35,2.81,8.42,False,Low,Warehouse A,False,True,1.0,Resell
CON-104682,Box,Plastic,5.42,20,20,None,Safe,,None,False,0.0,7.29,10.79,1.11,6.35,3.65,2.15,0.11,5.64,16.91,True,Low,Terminal E,True,False,0.78,Manual_Review
CON-104683,Drum,Plastic,5.43,28,93,Medium,Minor Damage,58.43,None,True,27.17,33.54,59.59,1.12,6.36,1.15,2.16,0.11,5.64,16.93,True,Medium,Terminal E,False,True,1.0,Resell
CON-104684,Box,Plastic,6.78,28,69,High,Unsafe,82.76,None,True,7.98,11.74,0.0,1.44,6.7,2.31,2.5,0.14,7.06,21.17,True,High,Facility D,True,False,1.0,Recycle
CON-104685,Drum,Plastic,6.68,37,35,Medium,Moderate Damage,81.97,None,True,25.33,24.2,69.59,1.21,6.67,1.3,2.47,0.13,6.95,20.85,True,Medium,Terminal E,True,True,1.0,Resell
CON-104686,Crate,Plastic,6.27,49,65,None,Safe,77.04,Organic,False,0.0,21.94,29.13,1.21,6.57,3.75,2.37,0.13,6.53,19.58,True,Low,Facility D,True,True,1.0,Resell
CON-104687,Tote,Plastic,4.9,7,7,None,Safe,83.25,None,False,0.0,9.21,35.63,1.06,6.22,3.59,2.02,0.1,5.09,15.28,True,Low,Hub B,True,True,1.0,Resell
CON-104688,Pallet,Wood,23.59,27,74,Medium,Minor Damage,56.56,None,True,8.27,21.42,28.01,0.0,10.9,3.33,6.7,0.47,3.77,11.32,False,Medium,Facility D,True,True,1.0,Resell
CON-104689,Pallet,Plastic,6.71,30,66,High,Moderate Damage,60.18,None,True,18.43,20.07,30.14,1.4,6.68,2.31,2.48,0.13,6.98,20.93,True,Medium,Warehouse A,True,True,1.0,Resell
CON-104690,Drum,Plastic,6.15,2,5,None,Safe,95.09,None,False,0.0,19.24,106.83,1.2,6.54,3.74,2.34,0.12,6.4,19.2,True,Low,Hub B,True,True,1.0,Resell
CON-104691,Tote,Plastic,5.69,1,3,Low,Minor Damage,74.39,None,False,2.05,10.14,39.25,1.04,6.42,3.68,2.22,0.11,5.92,17.75,True,Low,Hub B,True,False,1.0,Resell
CON-104692,Tote,Plastic,5.84,29,92,Medium,Moderate Damage,73.47,Organic,True,6.85,19.18,23.01,1.19,6.46,1.2,2.26,0.12,6.07,18.21,True,Medium,Warehouse A,False,True,1.0,Resell
CON-104693,Pallet,Plastic,5.57,56,70,High,Unsafe,60.76,None,True,20.45,20.39,0.0,1.18,6.39,2.17,2.19,0.11,5.79,17.37,True,High,Warehouse A,True,True,1.0,Recycle
CON-104694,Pallet,Plastic,5.85,52,143,Medium,Moderate Damage,47.47,None,True,8.02,29.68,10.22,1.18,6.46,1.2,2.26,0.12,6.09,18.26,True,Medium,Depot C,True,True,1.0,Resell
CON-104695,Crate,Metal,29.7,16,40,High,Moderate Damage,86.41,Hazardous,True,40.77,18.04,0.0,0.0,74.55,5.06,8.22,0.59,65.34,196.01,False,High,Hub B,True,True,1.0,Dispose
CON-104696,Drum,Metal,24.07,32,109,Medium,Minor Damage,74.32,None,True,25.25,32.75,58.8,10.91,11.02,3.39,6.82,0.48,52.95,158.85,True,Medium,Hub B,False,True,1.0,Resell
CON-104697,Tote,Plastic,5.38,28,84,Low,Minor Damage,70.14,None,False,2.08,18.88,21.85,1.03,6.35,3.65,2.15,0.11,5.6,16.79,True,Low,Facility D,False,True,1.0,Resell
CON-104698,Pallet,Wood,20.67,18,39,None,Safe,62.83,None,False,0.0,16.98,35.38,0.0,10.17,5.48,5.97,0.41,3.31,9.92,False,Low,Terminal E,True,True,1.0,Resell
CON-104699,Pallet,Plastic,6.26,36,113,Medium,Moderate Damage,57.72,None,True,9.3,25.14,19.21,1.36,6.57,1.25,2.37,0.13,6.51,19.54,True,Medium,Facility D,True,True,1.0,Resell
CON-104700,Crate,Metal,35.49,3,6,Low,Safe,85.78,None,False,3.86,14.73,69.36,16.91,13.87,7.26,9.67,0.71,78.07,234.22,True,Low,Terminal E,True,True,1.0,Resell
CON-104701,Drum,Metal,25.48,60,191,High,Moderate Damage,54.35,None,True,50.17,43.95,11.28,13.49,11.37,4.56,7.17,0.51,56.06,168.17,True,Medium,Terminal E,True,True,1.0,Resell
CON-104702,Drum,Plastic,5.47,53,86,Low,Safe,70.64,None,False,5.46,31.0,36.37,1.18,6.37,3.66,2.17,0.11,5.68,17.05,True,Low,Depot C,True,False,1.0,Resell
CON-104703,Tote,Plastic,5.67,30,42,None,Safe,72.7,None,False,0.0,14.3,25.58,1.15,6.42,3.68,2.22,0.11,5.89,17.68,True,Low,Terminal E,True,True,1.0,Resell
CON-104704,Box,Plastic,4.84,47,163,Low,Safe,63.22,None,False,0.62,24.07,3.02,0.88,6.21,3.58,2.01,0.1,5.03,15.1,True,Low,Terminal E,True,True,1.0,Resell
CON-104705,Drum,Metal,27.74,4,13,None,Safe,86.92,None,False,0.0,21.26,109.67,13.4,11.94,6.33,7.74,0.55,61.04,183.12,True,Low,Warehouse A,True,True,1.0,Resell
CON-104706,Drum,Plastic,7.0,49,126,High,Unsafe,50.91,None,True,57.27,37.96,0.0,1.45,6.75,2.34,2.55,0.14,7.28,21.85,True,High,Facility D,True,True,1.0,Recycle
CON-104707,Drum,Metal,25.7,28,48,Low,Minor Damage,78.03,None,False,4.95,26.09,76.11,13.74,11.43,6.08,7.23,0.51,56.54,169.62,True,Low,Warehouse A,False,True,1.0,Resell
CON-104708,Pallet,Plastic,6.98,51,148,High,Unsafe,65.03,None,True,22.73,27.55,0.0,1.52,6.74,2.34,2.54,0.14,7.26,21.77,True,High,Depot C,False,True,1.0,Recycle
CON-104709,Drum,Plastic,6.93,14,24,Low,Safe,76.99,None,False,6.1,23.85,105.23,1.42,6.73,3.83,2.53,0.14,7.2,21.61,True,Low,Depot C,False,True,1.0,Resell
CON-104710,Box,Cardboard,1.65,42,37,High,Unsafe,63.96,None,True,5.65,11.36,0.0,0.12,5.41,1.7,1.21,0.03,0.66,1.98,True,High,Warehouse A,True,True,1.0,Recycle
CON-104711,Pallet,Wood,23.82,23,47,Low,Minor Damage,88.58,None,False,2.96,13.91,37.17,0.0,10.96,5.86,6.76,0.48,3.81,11.44,False,Low,Hub B,False,True,1.0,Resell
CON-104712,Crate,Metal,27.06,2,3,High,Moderate Damage,77.81,None,True,33.66,15.63,72.62,14.6,11.77,4.75,7.57,0.54,59.54,178.61,True,Medium,Hub B,True,False,1.0,Resell
CON-104713,Crate,Wood,17.07,60,140,Medium,Minor Damage,43.45,None,True,13.99,34.48,9.24,0.0,9.27,2.55,5.07,0.34,2.73,8.19,False,Medium,Hub B,True,True,1.0,Resell
CON-104714,Drum,Plastic,6.31,56,166,Medium,Moderate Damage,,None,True,25.79,43.5,13.56,1.33,6.58,1.26,2.38,0.13,6.56,19.69,True,Medium,Terminal E,True,True,1.0,Resell
CON-104715,Pallet,Wood,19.03,3,4,Medium,Minor Damage,81.72,None,True,9.24,10.64,51.68,0.0,9.76,2.78,5.56,0.38,3.04,9.13,False,Medium,Hub B,True,True,1.0,Resell
CON-104716,Pallet,Wood,20.29,45,92,Medium,Moderate Damage,75.54,None,True,9.17,20.37,16.48,0.0,10.07,2.93,5.87,0.41,3.25,9.74,False,Medium,Warehouse A,True,False,1.0,Resell
CON-104717,Pallet,Plastic,5.32,57,29,None,Safe,92.64,None,False,0.0,11.5,19.54,1.07,6.33,3.64,2.13,0.11,5.53,16.6,True,Low,Facility D,True,True,1.0,Resell
CON-104718,Tote,Plastic,5.15,37,34,Medium,Moderate Damage,91.52,None,True,6.95,10.67,20.75,1.03,6.29,1.12,2.09,0.1,5.36,16.08,True,Medium,Warehouse A,True,True,1.0,Resell
CON-104719,Drum,Metal,35.55,59,121,None,Safe,49.31,None,False,0.0,37.7,20.67,18.28,13.89,7.27,9.69,0.71,78.22,234.65,True,Low,Warehouse A,False,True,1.0,Resell
CON-104720,Tote,Plastic,5.83,59,188,Low,Safe,42.48,None,False,2.31,33.43,3.94,1.1,6.46,3.7,2.26,0.12,6.07,18.2,True,Low,Warehouse A,True,True,1.0,Resell
CON-104721,Box,Plastic,4.96,9,26,None,Safe,85.27,None,False,0.0,7.06,13.32,1.06,6.24,3.6,2.04,0.1,5.16,15.49,True,Low,Depot C,True,True,1.0,Resell
CON-104722,Drum,Metal,34.04,35,60,Medium,Minor Damage,61.49,None,True,27.85,29.78,67.12,17.53,13.51,4.58,9.31,0.68,74.88,224.63,True,Medium,Warehouse A,True,False,1.0,Resell
CON-104723,Box,Cardboard,1.73,44,146,Critical,Unsafe,66.1,None,True,12.3,21.94,0.0,0.15,5.43,3.21,1.23,0.03,0.69,2.07,True,High,Terminal E,False,True,1.0,Recycle
CON-104724,Drum,Plastic,6.66,8,16,None,Safe,95.71,None,False,0.0,20.24,96.96,1.42,6.67,3.8,2.47,0.13,6.93,20.79,True,Low,Terminal E,True,True,1.0,Resell
CON-104725,Pallet,Plastic,6.12,45,81,Medium,Moderate Damage,73.03,None,True,9.89,19.65,20.95,1.13,6.53,1.23,2.33,0.12,6.37,19.11,True,Medium,Depot C,True,True,1.0,Resell
CON-104726,Crate,Wood,21.23,35,61,None,Safe,85.65,None,False,0.0,20.25,41.27,0.0,10.31,5.55,6.11,0.42,3.4,10.19,False,Low,Facility D,True,True,1.0,Resell
CON-104727,Crate,Metal,33.58,2,3,Medium,Minor Damage,89.07,None,True,13.57,13.94,80.94,17.7,13.4,4.53,9.2,0.67,73.88,221.64,True,Medium,Depot C,True,True,1.0,Resell
CON-104728,Tote,Plastic,5.22,56,127,Medium,Minor Damage,45.09,Organic,True,8.07,26.94,7.91,1.14,6.3,1.13,2.1,0.1,5.43,16.28,True,Medium,Warehouse A,True,True,1.0,Resell
CON-104729,Crate,Metal,24.32,30,93,Medium,Minor Damage,79.7,None,True,13.86,24.35,41.86,13.22,11.08,3.42,6.88,0.49,53.49,160.48,True,Medium,Depot C,True,False,1.0,Resell
CON-104730,Crate,Metal,34.95,25,29,Low,Minor Damage,84.53,None,False,3.64,17.22,53.43,17.09,13.74,7.19,9.54,0.7,76.88,230.64,True,Low,Warehouse A,False,True,1.0,Resell
CON-104731,Box,Cardboard,1.31,29,34,Medium,Minor Damage,79.23,None,True,3.57,8.76,10.34,0.1,5.33,0.66,1.13,0.03,0.53,1.58,True,Medium,Warehouse A,True,True,1.0,Resell
CON-104732,Box,Plastic,5.99,57,120,High,Moderate Damage,52.87,Chemical,True,6.51,21.32,2.87,1.15,16.24,2.22,2.3,0.12,6.23,18.68,True,Medium,Depot C,False,True,1.0,Resell
CON-104733,Crate,Plastic,5.64,15,10,High,Moderate Damage,69.99,Organic,True,41.27,17.5,72.93,1.23,6.41,2.18,2.21,0.11,5.87,17.6,True,Medium,Terminal E,False,True,1.0,Resell
CON-104734,Crate,Plastic,7.04,18,37,Low,Safe,87.32,None,False,3.41,17.6,58.16,1.3,6.76,3.85,2.56,0.14,7.33,21.98,True,Low,Facility D,True,True,1.0,Resell
CON-104735,Tote,Plastic,5.46,17,8,Low,Minor Damage,81.86,None,False,2.35,9.52,31.99,1.1,6.37,3.66,2.17,0.11,5.68,17.04,True,Low,Depot C,True,True,1.0,Resell
CON-104736,Crate,Wood,22.98,13,39,Medium,Minor Damage,83.97,None,True,13.68,18.3,67.33,0.0,10.74,3.26,6.54,0.46,3.68,11.03,False,Medium,Warehouse A,True,True,1.0,Resell
CON-104737,Tote,Plastic,5.27,29,23,High,Unsafe,65.92,None,True,15.47,13.41,0.0,1.13,6.32,2.13,2.12,0.11,5.48,16.43,True,High,Hub B,True,True,1.0,Recycle
CON-104738,Pallet,Wood,16.49,37,52,Critical,Unsafe,76.34,Organic,True,46.36,16.25,0.0,0.0,9.12,4.98,4.92,0.33,2.64,7.92,False,High,Terminal E,True,False,1.0,Dispose
CON-104739,Tote,Plastic,5.14,37,59,Low,Safe,84.85,None,False,1.94,14.17,20.85,1.07,6.28,3.62,2.08,0.1,5.34,16.03,True,Low,Facility D,True,True,1.0,Resell
CON-104740,Box,Plastic,6.19,39,45,None,Safe,69.35,None,False,0.0,11.35,8.02,1.3,6.55,3.74,2.35,0.12,6.43,19.3,True,Low,Facility D,False,True,1.0,Resell
CON-104741,Drum,Plastic,6.26,59,29,Low,Minor Damage,89.79,None,False,6.56,22.43,45.91,1.25,6.56,3.75,2.36,0.13,6.51,19.52,True,Low,Terminal E,True,True,1.0,Resell
CON-104742,Pallet,Plastic,6.25,2,5,Medium,Minor Damage,86.87,None,True,9.01,9.97,48.63,1.34,6.56,1.25,2.36,0.12,6.5,19.5,True,Medium,Depot C,True,False,1.0,Resell
CON-104743,Crate,Metal,29.3,25,26,None,Safe,79.41,None,False,0.0,17.69,58.4,13.75,12.33,6.52,8.13,0.59,64.47,193.41,True,Low,Warehouse A,True,True,1.0,Resell
CON-104744,Pallet,Plastic,6.15,31,40,None,Safe,68.2,None,False,0.0,16.27,33.04,1.18,6.54,3.74,2.34,0.12,6.39,19.18,True,Low,Hub B,True,True,1.0,Resell
CON-104745,Crate,Plastic,4.99,27,54,Medium,Minor Damage,62.85,None,True,17.44,22.97,54.52,1.02,6.25,1.1,2.05,0.1,5.19,15.56,True,Medium,Warehouse A,True,True,0.71,Manual_Review
CON-104746,Crate,Plastic,6.44,43,78,Low,Minor Damage,83.39,None,False,4.5,22.29,30.69,1.3,6.61,3.77,2.41,0.13,6.7,20.09,True,Low,Warehouse A,True,False,1.0,Resell
CON-104747,Drum,Metal,33.38,32,105,High,Moderate Damage,62.78,None,True,44.96,34.08,53.63,18.13,13.34,5.51,9.14,0.67,73.43,220.28,True,Medium,Hub B,False,True,1.0,Resell
CON-104748,Pallet,Plastic,5.57,1,1,Low,Safe,70.74,None,False,2.85,11.99,48.67,1.19,6.39,3.67,2.19,0.11,5.79,17.38,True,Low,Hub B,True,True,1.0,Resell
CON-104749,Drum,Metal,33.3,54,54,Critical,Unsafe,84.04,None,True,85.5,25.79,0.0,17.79,13.32,7.0,9.12,0.67,73.25,219.76,True,High,Terminal E,False,False,1.0,Recycle
CON-104750,Box,Cardboard,1.67,14,8,Low,Safe,68.68,None,False,0.84,7.75,12.38,0.14,5.42,3.2,1.22,0.03,0.67,2.01,True,Low,Facility D,False,True,1.0,Resell
CON-104751,Drum,Plastic,6.06,25,25,,Minor Damage,80.31,Organic,False,4.95,23.45,88.33,1.28,6.51,3.73,2.31,0.12,6.3,18.9,True,Low,Hub B,False,True,1.0,Resell
CON-104752,Drum,Metal,35.18,59,49,None,Safe,76.64,None,False,0.0,26.4,38.7,19.08,13.8,7.22,9.6,0.7,77.4,232.2,True,Low,Warehouse A,True,True,1.0,Resell
CON-104753,Box,Plastic,6.61,30,34,None,Safe,78.95,None,False,0.0,8.81,10.11,1.44,6.65,3.79,2.45,0.13,6.88,20.63,True,Low,Terminal E,True,False,1.0,Resell
CON-104754,Drum,Plastic,6.56,53,97,Low,Minor Damage,80.32,None,False,5.64,30.65,31.8,1.44,6.64,3.79,2.44,0.13,6.83,20.48,True,Low,Warehouse A,True,True,1.0,Resell
CON-104755,Drum,Plastic,6.9,31,16,Low,Minor Damage,88.81,None,False,7.14,21.28,81.76,1.38,6.73,3.83,2.53,0.14,7.18,21.54,True,Low,Facility D,True,True,1.0,Resell
CON-104756,Tote,Plastic,6.62,59,201,Low,Minor Damage,43.16,None,False,2.18,34.63,3.68,1.37,6.66,3.79,2.46,0.13,6.89,20.66,True,Low,Terminal E,True,True,1.0,Resell
CON-104757,Tote,Plastic,6.22,57,152,High,Moderate Damage,57.01,None,True,20.3,27.65,4.96,1.16,6.55,2.25,2.35,0.12,6.47,19.4,True,Medium,Depot C,True,True,1.0,Resell
CON-104758,Drum,Metal,35.93,38,102,Medium,Minor Damage,63.78,None,True,23.88,33.63,46.43,17.53,13.98,4.81,9.78,0.72,79.06,237.17,True,Medium,Depot C,True,False,1.0,Resell
CON-104759,Pallet,Plastic,5.83,41,97,Medium,Minor Damage,52.47,None,True,11.02,24.33,18.44,1.24,6.46,1.2,2.26,0.12,6.06,18.18,True,Medium,Hub B,False,True,1.0,Resell
CON-104760,Box,Cardboard,1.36,9,26,None,Safe,75.04,None,False,0.0,8.59,12.83,0.11,5.34,3.16,1.14,0.03,0.54,1.63,True,Low,Depot C,True,True,1.0,Resell
CON-104761,Box,Plastic,5.14,47,91,High,Unsafe,74.02,None,True,7.73,15.25,0.0,0.99,6.29,2.12,2.09,0.1,5.35,16.04,True,High,Facility D,True,True,1.0,Recycle
CON-104762,Box,Cardboard,1.25,2,3,None,Safe,72.05,None,False,0.0,6.74,13.28,0.09,5.31,3.15,1.11,0.02,0.5,1.5,True,Low,Facility D,True,False,1.0,Resell
CON-104763,Crate,Plastic,4.82,38,24,Medium,Moderate Damage,71.33,None,True,16.35,18.7,41.31,0.88,6.2,1.08,2.0,0.1,5.01,15.02,True,Medium,Facility D,True,False,1.0,Resell
CON-104764,Box,Cardboard,1.58,54,62,Critical,Unsafe,74.7,Chemical,True,12.62,12.24,0.0,0.11,13.49,3.19,1.2,0.03,0.63,1.9,True,High,Depot C,True,True,1.0,Recycle
CON-104765,Drum,Metal,35.68,31,67,None,Safe,58.28,Chemical,False,0.0,30.96,72.35,17.07,34.8,7.28,9.72,0.71,78.49,235.47,True,Medium,Warehouse A,False,False,1.0,Resell
CON-104766,Crate,Metal,32.99,17,45,None,Safe,65.57,None,False,0.0,21.66,53.92,15.32,13.25,6.96,9.05,0.66,72.58,217.73,True,Low,Warehouse A,False,True,1.0,Resell
CON-104767,Crate,Wood,21.93,27,49,Low,Minor Damage,87.02,None,False,3.99,18.85,50.81,0.0,10.48,5.63,6.28,0.44,3.51,10.53,False,Low,Depot C,True,True,1.0,Resell
CON-104768,Drum,Plastic,6.81,21,58,Medium,Moderate Damage,58.73,None,True,22.39,29.99,73.07,1.49,6.7,1.32,2.5,0.14,7.08,21.24,True,Medium,Depot C,True,False,1.0,Resell
CON-104769,Tote,Plastic,5.03,36,104,None,Safe,69.88,None,False,0.0,20.92,18.48,1.05,6.26,3.6,2.06,0.1,5.23,15.69,True,Low,Warehouse A,True,True,1.0,Resell
CON-104770,Crate,Wood,20.73,5,13,None,Safe,95.89,None,False,0.0,13.92,76.0,0.0,10.18,5.49,5.98,0.41,3.32,9.95,False,Low,Hub B,True,True,1.0,Resell
CON-104771,Drum,Plastic,6.9,40,38,None,Safe,88.37,None,False,0.0,23.54,59.48,1.32,6.73,3.83,2.53,0.14,7.18,21.54,True,Low,Warehouse A,False,False,1.0,Resell
CON-104772,Crate,Metal,32.13,3,6,None,Safe,87.98,None,False,0.0,14.4,80.15,17.44,13.03,6.86,8.83,0.64,70.68,212.04,True,Low,Facility D,True,True,1.0,Resell
CON-104773,Box,Cardboard,1.71,15,44,None,Safe,75.05,None,False,0.0,10.39,12.0,0.14,5.43,3.21,1.23,0.03,0.68,2.05,True,Low,Warehouse A,True,True,1.0,Resell
CON-104774,Drum,Metal,32.14,18,25,Low,Minor Damage,70.91,Chemical,False,6.16,24.86,93.12,16.58,32.59,6.86,8.83,0.64,70.71,212.12,True,Medium,Hub B,True,True,1.0,Resell
CON-104775,Drum,Metal,32.56,34,94,None,Safe,71.68,Chemical,False,0.0,31.65,58.91,16.72,32.85,6.91,8.94,0.65,71.62,214.87,True,Medium,Warehouse A,True,True,1.0,Resell
CON-104776,Box,Cardboard,1.64,60,156,High,Moderate Damage,58.74,None,True,7.6,24.04,1.55,0.12,5.41,1.7,1.21,0.03,0.65,1.96,True,Medium,Depot C,True,True,1.0,Resell
CON-104777,Pallet,Plastic,5.79,45,46,Low,Safe,78.03,None,False,2.39,15.4,24.7,1.22,6.45,3.7,2.25,0.12,6.03,18.08,True,Low,Warehouse A,True,True,1.0,Resell
CON-104778,Crate,Wood,16.56,5,13,None,Safe,96.54,None,False,0.0,13.82,71.83,0.0,9.14,4.99,4.94,0.33,2.65,7.95,False,Low,Hub B,False,True,1.0,Resell
CON-104779,Crate,Metal,25.82,60,154,High,Moderate Damage,49.83,None,True,29.55,34.93,7.3,13.99,11.45,4.6,7.25,0.52,56.79,170.38,True,Medium,Hub B,False,True,1.0,Resell
CON-104780,Tote,Plastic,6.73,56,131,High,Unsafe,45.95,None,True,15.52,27.21,0.0,1.22,6.68,2.31,2.48,0.13,7.0,21.01,True,High,Warehouse A,True,True,1.0,Recycle
CON-104781,Drum,Plastic,7.18,56,61,Medium,Minor Damage,63.35,None,True,20.21,29.6,38.61,1.34,6.8,1.36,2.6,0.14,7.47,22.41,True,Medium,Warehouse A,True,True,1.0,Resell
CON-104782,Pallet,Plastic,5.82,3,3,None,Safe,88.37,None,False,0.0,9.54,52.26,1.13,6.45,3.7,2.25,0.12,6.05,18.15,True,Low,Terminal E,False,True,1.0,Resell
CON-104783,Drum,Plastic,6.9,49,96,Medium,Minor Damage,70.41,Organic,True,25.92,32.04,35.41,1.32,6.72,1.33,2.52,0.14,7.17,21.52,True,Medium,Hub B,True,False,1.0,Resell
CON-104784,Tote,Plastic,6.49,28,17,Low,Minor Damage,91.26,None,False,2.05,9.01,28.46,1.25,6.62,3.78,2.42,0.13,6.75,20.26,True,Low,Facility D,True,True,1.0,Resell
CON-104785,Box,Cardboard,1.74,1,1,Low,Minor Damage,80.97,None,False,0.81,5.2,15.86,0.13,5.44,3.21,1.24,0.03,0.7,2.09,True,Low,Hub B,True,False,1.0,Resell
CON-104786,Tote,Plastic,4.89,45,119,Low,Minor Damage,50.88,None,False,2.34,25.27,12.05,0.95,6.22,3.59,2.02,0.1,5.08,15.25,True,Low,Depot C,False,True,1.0,Resell
CON-104787,Crate,Plastic,5.8,58,100,Low,Safe,57.9,None,False,3.93,28.32,18.78,1.23,6.45,3.7,2.25,0.12,6.03,18.09,True,Low,Terminal E,True,False,1.0,Resell
CON-104788,Tote,Plastic,6.21,39,91,Medium,Minor Damage,71.05,None,True,7.09,19.44,15.47,1.15,6.55,1.24,2.35,0.12,6.46,19.37,True,Medium,Facility D,True,True,1.0,Resell
CON-104789,Box,Plastic,6.85,2,4,None,Safe,92.04,None,False,0.0,3.84,13.12,1.49,6.71,3.82,2.51,0.14,7.12,21.36,True,Low,Depot C,False,True,1.0,Resell
CON-104790,Tote,Plastic,6.13,36,117,Medium,Moderate Damage,54.65,None,True,7.34,24.5,16.0,1.12,6.53,1.24,2.33,0.12,6.37,19.12,True,Medium,Warehouse A,True,True,1.0,Resell
CON-104791,Tote,Plastic,5.99,12,16,None,Safe,86.26,None,False,0.0,9.66,32.84,1.23,6.5,3.72,2.3,0.12,6.23,18.69,True,Low,Warehouse A,True,True,1.0,Resell
CON-104792,Tote,Plastic,5.85,57,41,High,Moderate Damage,90.21,None,True,21.25,11.57,14.35,1.24,6.46,2.2,2.26,0.12,6.09,18.26,True,Medium,Warehouse A,True,False,1.0,Resell
CON-104793,Crate,Metal,35.72,16,38,None,Safe,77.68,None,False,0.0,19.15,55.73,16.82,13.93,7.29,9.73,0.71,78.59,235.77,True,Low,Terminal E,True,True,1.0,Resell
CON-104794,Pallet,Plastic,6.53,25,82,Low,Safe,76.05,None,False,2.97,19.29,30.32,1.39,6.63,3.78,2.43,0.13,6.79,20.38,True,Low,Hub B,True,True,1.0,Resell
CON-104795,Drum,Plastic,7.05,28,93,Medium,Moderate Damage,75.06,None,True,28.42,31.04,60.59,1.37,6.76,1.35,2.56,0.14,7.33,22.0,True,Medium,Warehouse A,False,False,1.0,Resell
CON-104796,Tote,Plastic,5.72,56,121,High,Unsafe,71.56,None,True,21.47,22.37,0.0,1.22,6.43,2.19,2.23,0.11,5.95,17.86,True,High,Terminal E,True,True,1.0,Recycle
CON-104797,Pallet,Wood,18.23,50,35,None,Safe,78.79,None,False,0.0,14.18,20.93,0.0,9.56,5.19,5.36,0.36,2.92,8.75,False,Low,Hub B,False,True,1.0,Resell
CON-104798,Crate,Wood,22.28,7,10,Low,Safe,75.02,None,False,4.13,16.75,77.06,0.0,10.57,5.67,6.37,0.45,3.57,10.7,False,Low,Hub B,False,False,1.0,Resell
CON-104799,Tote,Plastic,4.89,13,40,None,Safe,81.08,None,False,0.0,12.84,29.91,0.89,6.22,3.59,2.02,0.1,5.09,15.27,True,Low,Hub B,False,False,1.0,Resell
CON-104800,Pallet,Plastic,6.23,7,6,None,Safe,78.66,None,False,0.0,11.3,45.65,1.21,6.56,3.75,2.36,0.12,6.48,19.43,True,Low,Facility D,True,True,1.0,Resell
CON-104801,Drum,Metal,31.29,17,59,Low,Safe,77.19,None,False,6.66,27.32,80.46,14.29,12.82,6.75,8.62,0.63,68.84,206.51,True,Low,Warehouse A,True,True,1.0,Resell
CON-104802,Box,Plastic,5.44,48,51,Medium,Minor Damage,80.45,None,True,2.47,10.28,6.7,1.01,6.36,1.15,2.16,0.11,5.65,16.96,True,Medium,Depot C,True,True,1.0,Resell
CON-104803,Pallet,Plastic,5.69,9,28,Medium,Moderate Damage,92.18,None,True,11.9,11.47,43.76,1.03,6.42,1.18,2.22,0.11,5.92,17.75,True,Medium,Depot C,True,True,1.0,Resell
CON-104804,Tote,Plastic,5.19,53,132,Medium,Moderate Damage,58.35,None,True,6.82,25.45,7.73,1.04,6.3,1.12,2.1,0.1,5.4,16.2,True,Medium,Depot C,True,True,1.0,Resell
CON-104805,Tote,Plastic,6.97,28,50,Low,Safe,64.26,None,False,2.32,16.36,25.77,1.5,6.74,3.84,2.54,0.14,7.25,21.76,True,Low,Warehouse A,True,True,1.0,Resell
CON-104806,Box,Plastic,5.15,24,61,High,Unsafe,68.41,None,True,8.09,13.09,0.0,1.12,6.29,2.12,2.09,0.1,5.35,16.06,True,High,Depot C,True,True,1.0,Recycle
CON-104807,Crate,Plastic,6.45,16,38,Critical,Unsafe,88.59,Organic,True,65.76,17.51,0.0,1.31,6.61,3.77,2.41,0.13,6.71,20.12,True,High,Hub B,True,True,1.0,Recycle
CON-104808,Crate,Metal,27.7,44,105,High,Unsafe,52.8,Chemical,True,31.99,29.58,0.0,14.07,29.81,4.82,7.72,0.55,60.94,182.81,True,High,Hub B,True,True,1.0,Recycle
CON-104809,Crate,Metal,31.02,12,31,Medium,Minor Damage,89.26,None,True,17.46,16.71,63.07,15.43,12.75,4.22,8.55,0.62,68.24,204.71,True,Medium,Depot C,True,True,1.0,Resell
CON-104810,Box,Plastic,5.49,17,20,Low,Minor Damage,92.35,None,False,0.69,5.4,11.52,1.14,6.37,3.66,2.17,0.11,5.71,17.13,True,Low,Hub B,False,True,1.0,Resell
CON-104811,Crate,Plastic,5.64,33,49,None,Safe,68.18,None,False,0.0,21.67,48.92,1.13,6.41,3.68,2.21,0.11,5.87,17.6,True,Low,Warehouse A,True,True,1.0,Resell
CON-104812,Crate,Plastic,6.59,37,57,Low,Minor Damage,82.25,None,False,4.44,20.36,42.17,1.21,6.65,3.79,2.45,0.13,6.85,20.55,True,Low,Warehouse A,True,True,1.0,Resell
CON-104813,Pallet,Wood,23.19,7,21,Low,Minor Damage,92.76,Organic,False,2.76,10.69,48.12,0.0,10.8,5.78,6.6,0.46,3.71,11.13,False,Low,Facility D,False,True,1.0,Resell
CON-104814,Tote,Plastic,5.3,44,35,None,Safe,88.56,None,False,0.0,11.22,20.14,1.08,6.32,3.64,2.12,0.11,5.51,16.53,True,Low,Hub B,True,True,1.0,Resell
CON-104815,Pallet,Wood,16.01,4,12,None,Safe,73.55,None,False,0.0,12.67,49.22,0.0,9.0,4.92,4.8,0.32,2.56,7.69,False,Low,Terminal E,False,True,1.0,Resell
CON-104816,Tote,Plastic,4.89,51,63,None,Safe,85.68,None,False,0.0,14.45,15.82,0.96,6.22,3.59,2.02,0.1,5.08,15.25,True,Low,Depot C,True,True,1.0,Resell
CON-104817,Drum,Metal,25.75,57,69,Low,Safe,58.14,None,False,5.72,31.18,38.37,13.58,11.44,6.09,7.24,0.52,56.65,169.96,True,Low,Terminal E,True,True,1.0,Resell
CON-104818,Crate,Metal,35.18,37,118,Critical,Unsafe,75.95,None,True,69.56,27.41,0.0,17.11,13.8,7.22,9.6,0.7,77.4,232.21,True,High,Facility D,True,True,1.0,Recycle
CON-104819,Tote,Plastic,5.78,43,104,Medium,Minor Damage,53.14,None,True,6.93,23.43,15.64,1.18,6.45,1.19,2.25,0.12,6.01,18.04,True,Medium,Depot C,True,True,1.0,Resell
CON-104820,Tote,Plastic,5.8,29,100,Medium,Minor Damage,69.8,None,True,6.44,20.53,18.5,1.08,6.45,1.2,2.25,0.12,6.04,18.11,True,Medium,Warehouse A,True,False,1.0,Resell
CON-104821,Tote,Plastic,5.11,31,27,None,Safe,79.22,None,False,0.0,11.82,25.91,0.97,6.28,3.61,2.08,0.1,5.32,15.95,True,Low,Warehouse A,False,False,1.0,Resell
CON-104822,Tote,Plastic,5.29,4,13,None,Safe,81.2,None,False,0.0,10.12,40.43,1.16,6.32,3.64,2.12,0.11,5.5,16.51,True,Low,Facility D,False,True,1.0,Resell
CON-104823,Drum,Metal,29.31,53,90,High,Unsafe,57.33,None,True,44.05,33.4,0.0,14.39,12.33,5.02,8.13,0.59,64.48,193.43,True,High,Warehouse A,True,True,1.0,Recycle
CON-104824,Box,Cardboard,1.31,22,42,Low,Safe,62.88,None,False,0.78,12.02,9.81,0.11,5.33,3.16,1.13,0.03,0.52,1.57,True,Low,Terminal E,False,True,1.0,Resell
CON-104825,Box,Plastic,5.16,10,23,None,Safe,83.51,None,False,0.0,7.02,12.32,0.99,6.29,3.62,2.09,0.1,5.37,16.11,True,Low,Facility D,False,True,1.0,Resell
CON-104826,Tote,Plastic,5.09,35,41,None,Safe,75.55,None,False,0.0,13.77,24.18,1.1,6.27,3.61,2.07,0.1,5.3,15.89,True,Low,Terminal E,True,False,1.0,Resell
CON-104827,Drum,Plastic,5.48,47,97,Medium,Minor Damage,66.33,None,True,27.14,32.75,39.15,1.2,6.37,1.16,2.17,0.11,5.7,17.11,True,Medium,Depot C,True,False,1.0,Resell
CON-104828,Crate,Plastic,5.13,21,12,High,Moderate Damage,74.83,None,True,36.63,16.98,57.51,1.07,6.28,2.12,2.08,0.1,5.34,16.01,True,Medium,Facility D,True,True,1.0,Resell
CON-104829,Pallet,Plastic,7.11,31,20,Low,Safe,67.16,None,False,2.88,14.43,30.87,1.31,6.78,3.85,2.58,0.14,7.4,22.19,True,Low,Depot C,True,True,1.0,Resell
CON-104830,Tote,Plastic,6.03,23,47,Low,Minor Damage,76.64,None,False,2.37,14.2,25.8,1.18,6.51,3.72,2.31,0.12,6.27,18.8,True,Low,Depot C,True,True,1.0,Resell
CON-104831,Box,Plastic,6.56,21,10,None,Safe,77.37,None,False,0.0,6.64,11.07,1.43,6.64,3.79,2.44,0.13,6.82,20.46,True,Low,Warehouse A,True,True,1.0,Resell
CON-104832,Crate,Wood,22.77,15,11,None,Safe,71.22,None,False,0.0,17.42,63.27,0.0,10.69,5.73,6.49,0.46,3.64,10.93,False,Low,Terminal E,False,True,1.0,Resell
CON-104833,Drum,Plastic,5.74,52,111,None,Safe,55.6,None,False,0.0,35.76,31.2,1.12,6.43,3.69,2.23,0.11,5.97,17.9,True,Low,Facility D,True,True,1.0,Resell
CON-104834,Tote,Plastic,5.21,30,91,Medium,Moderate Damage,63.21,None,True,7.44,20.62,20.6,1.12,6.3,1.13,2.1,0.1,5.42,16.26,True,Medium,Terminal E,True,True,1.0,Resell
CON-104835,Pallet,Plastic,4.88,40,32,Low,Safe,77.95,None,False,2.36,14.01,28.2,1.04,6.22,3.59,2.02,0.1,5.08,15.23,True,Low,Hub B,True,True,1.0,Resell
CON-104836,Pallet,Wood,19.21,12,26,None,Safe,87.76,None,False,0.0,11.94,38.42,0.0,9.8,5.31,5.6,0.38,3.07,9.22,False,Low,Depot C,False,True,1.0,Resell
CON-104837,Crate,Wood,21.8,23,78,Low,Safe,82.83,None,False,3.79,22.38,47.13,0.0,10.45,5.62,6.25,0.44,3.49,10.47,False,Low,Terminal E,True,True,1.0,Resell
CON-104838,Pallet,Wood,23.65,59,114,Critical,Unsafe,51.59,None,True,45.59,26.16,0.0,0.0,10.91,5.84,6.71,0.47,3.78,11.35,False,High,Hub B,False,True,1.0,Dispose
CON-104839,Box,Cardboard,1.23,33,101,Medium,Minor Damage,61.0,None,True,3.17,18.2,6.41,0.1,5.31,0.65,1.11,0.02,0.49,1.48,True,Medium,Hub B,True,True,1.0,Resell
CON-104840,Crate,Metal,33.67,40,125,Medium,Minor Damage,49.66,None,True,14.02,32.05,26.13,17.93,13.42,4.54,9.22,0.67,74.06,222.19,True,Medium,Facility D,True,True,1.0,Resell
CON-104841,Tote,Plastic,6.43,44,71,Low,Safe,59.0,None,False,1.67,19.25,15.31,1.39,6.61,3.77,2.41,0.13,6.69,20.06,True,Low,Hub B,True,True,1.0,Resell
CON-104842,Tote,Plastic,6.74,4,3,Low,Minor Damage,97.24,None,False,2.04,6.71,41.15,1.24,6.68,3.81,2.48,0.13,7.01,21.03,True,Low,Terminal E,True,True,1.0,Resell
CON-104843,Crate,Plastic,5.13,10,27,None,Safe,74.52,None,False,0.0,18.52,62.07,1.02,6.28,3.62,2.08,0.1,5.34,16.01,True,Low,Facility D,True,True,1.0,Resell
CON-104844,Crate,Wood,19.8,24,58,Low,Minor Damage,75.26,None,False,3.88,21.51,46.59,0.0,9.95,5.38,5.75,0.4,3.17,9.5,False,Low,Warehouse A,True,True,1.0,Resell
CON-104845,Box,Cardboard,1.24,12,8,High,Moderate Damage,87.08,None,True,7.7,4.99,11.98,0.11,5.31,1.65,1.11,0.02,0.5,1.49,True,Medium,Warehouse A,False,True,1.0,Resell
CON-104846,Pallet,Wood,16.2,37,46,None,Safe,70.03,None,False,0.0,16.6,28.44,0.0,9.05,4.94,4.85,0.32,2.59,7.78,False,Low,Depot C,True,True,1.0,Resell
CON-104847,Crate,Plastic,5.6,51,96,Medium,Minor Damage,74.27,None,True,15.81,25.46,23.9,1.19,6.4,1.17,2.2,0.11,5.82,17.47,True,Medium,Hub B,True,True,1.0,Resell
CON-104848,Pallet,Plastic,7.14,29,87,Low,Minor Damage,76.49,None,False,2.15,19.73,25.72,1.48,6.78,3.86,2.58,0.14,7.43,22.28,True,Low,Warehouse A,False,True,1.0,Resell
CON-104849,Crate,Metal,30.4,6,15,Low,Safe,85.8,None,False,4.68,15.63,78.94,16.71,12.6,6.65,8.4,0.61,66.89,200.66,True,Low,Depot C,True,True,1.0,Resell
CON-104850,Box,Cardboard,1.21,7,11,Medium,Minor Damage,88.54,None,True,3.4,5.07,14.83,0.09,5.3,0.64,1.1,0.02,0.48,1.45,True,Medium,Hub B,True,True,1.0,Resell
CON-104851,Box,Plastic,6.46,4,10,Medium,Minor Damage,76.23,None,True,2.87,6.81,14.88,1.23,6.61,1.27,2.41,0.13,6.71,20.14,True,Medium,Facility D,False,True,1.0,Resell
CON-104852,Tote,Plastic,5.05,52,62,Low,Safe,66.74,None,False,1.79,17.19,13.68,0.98,6.26,3.61,2.06,0.1,5.25,15.76,True,Low,Depot C,True,False,1.0,Resell
CON-104853,Drum,Metal,29.89,7,10,None,Safe,89.25,None,False,0.0,20.61,110.84,14.58,12.47,6.59,8.27,0.6,65.76,197.29,True,Low,Hub B,True,True,1.0,Resell
CON-104854,Tote,Plastic,5.36,52,109,Medium,Minor Damage,68.44,None,True,8.36,21.63,10.55,0.96,6.34,1.14,2.14,0.11,5.57,16.72,True,Medium,Terminal E,True,True,1.0,Resell
CON-104855,Box,Cardboard,1.46,2,5,None,Safe,91.45,Organic,False,0.0,4.03,13.42,0.13,5.36,3.18,1.16,0.03,0.58,1.75,True,Low,Hub B,True,True,1.0,Resell
CON-104856,Box,Cardboard,1.6,53,124,Medium,Moderate Damage,68.05,None,True,3.15,19.44,3.13,0.12,5.4,0.69,1.2,0.03,0.64,1.91,True,Medium,Facility D,True,True,1.0,Resell
CON-104857,Tote,Plastic,6.64,57,169,Medium,Minor Damage,60.5,None,True,8.22,28.82,4.2,1.4,6.66,1.3,2.46,0.13,6.91,20.72,True,Medium,Terminal E,True,False,1.0,Resell
CON-104858,Tote,Plastic,4.89,16,46,None,Safe,83.93,None,False,0.0,13.01,30.35,1.06,6.22,3.59,2.02,0.1,5.08,15.25,True,Low,Terminal E,True,True,1.0,Resell
CON-104859,Tote,Plastic,6.5,22,56,Low,Minor Damage,86.98,None,False,2.17,13.55,29.31,1.36,6.62,3.78,2.42,0.13,6.76,20.27,True,Low,Hub B,True,True,1.0,Resell
CON-104860,Crate,Plastic,5.94,57,139,High,Moderate Damage,71.16,None,True,29.48,30.23,13.03,1.15,6.49,2.21,2.29,0.12,6.18,18.54,True,Medium,Hub B,False,False,1.0,Resell
CON-104861,Tote,Plastic,6.13,28,36,Medium,Moderate Damage,65.41,None,True,7.19,14.79,27.23,1.24,6.53,1.24,2.33,0.12,6.37,19.12,True,Medium,Warehouse A,True,False,1.0,Resell
CON-104862,Box,Cardboard,1.72,37,48,None,Safe,68.51,Chemical,False,0.0,11.77,8.64,0.13,13.58,3.21,1.23,0.03,0.69,2.07,True,Medium,Warehouse A,True,True,1.0,Resell
CON-104863,Drum,Metal,34.74,26,26,Medium,,75.43,None,True,20.65,24.29,86.99,16.07,13.69,4.67,9.49,0.69,76.44,229.31,True,Medium,Depot C,False,True,1.0,Resell
CON-104864,Drum,Plastic,5.42,1,1,None,Safe,95.45,None,False,0.0,18.78,120.71,1.17,6.36,3.65,2.16,0.11,5.64,16.92,True,Low,Depot C,True,True,1.0,Resell
CON-104865,Crate,Plastic,6.46,29,96,None,Safe,68.57,None,False,0.0,26.31,42.8,1.19,6.61,3.78,2.41,0.13,6.72,20.16,True,Low,Hub B,True,True,1.0,Resell
CON-104866,Crate,Metal,27.8,60,73,Medium,Moderate Damage,84.79,None,True,14.58,21.58,21.53,14.25,11.95,3.84,7.75,0.56,61.16,183.47,True,Medium,Terminal E,True,False,1.0,Resell
CON-104867,Drum,Metal,29.7,58,91,Medium,Minor Damage,74.98,None,True,27.01,30.85,29.24,14.22,12.43,4.06,8.23,0.59,65.35,196.05,True,Medium,Hub B,True,True,1.0,Resell
CON-104868,Pallet,Wood,20.36,1,0,Low,Minor Damage,98.12,None,False,2.49,7.78,48.48,0.0,10.09,5.44,5.89,0.41,3.26,9.77,False,Low,Warehouse A,True,False,1.0,Resell
CON-104869,Pallet,Wood,20.67,46,139,Medium,Moderate Damage,49.12,None,True,10.51,29.03,12.29,0.0,10.17,2.98,5.97,0.41,3.31,9.92,False,Medium,Facility D,True,True,1.0,Resell
CON-104870,Pallet,Plastic,6.61,56,89,None,Safe,58.71,None,False,0.0,22.59,12.45,1.35,6.65,3.79,2.45,0.13,6.87,20.62,True,Low,Warehouse A,True,True,1.0,Resell
CON-104871,Pallet,Wood,21.92,21,16,Medium,Moderate Damage,95.24,None,True,8.56,9.81,37.25,0.0,10.48,3.13,6.28,0.44,3.51,10.52,False,Medium,Hub B,True,True,0.65,Manual_Review
CON-104872,Tote,Plastic,7.07,36,97,Low,Safe,73.31,None,False,1.96,19.7,16.76,1.42,6.77,3.85,2.57,0.14,7.35,22.04,True,Low,Hub B,True,True,1.0,Resell
CON-104873,Tote,Plastic,6.27,54,158,High,Unsafe,51.35,None,True,16.44,29.1,0.0,1.26,6.57,2.25,2.37,0.13,6.52,19.56,True,High,Warehouse A,True,False,1.0,Recycle
CON-104874,Crate,Plastic,5.79,18,30,None,Safe,68.63,Chemical,False,0.0,19.71,65.4,1.15,16.12,3.69,2.25,0.12,6.02,18.05,True,Medium,Warehouse A,True,True,1.0,Resell
CON-104875,Box,Plastic,6.73,31,21,None,Safe,79.89,None,False,0.0,7.37,9.97,1.47,6.68,3.81,2.48,0.13,7.0,21.0,True,Low,Terminal E,True,False,1.0,Resell
CON-104876,Crate,Plastic,5.81,13,31,Low,Minor Damage,79.14,None,False,4.61,18.23,65.96,1.16,6.45,3.7,2.25,0.12,6.05,18.14,True,Low,Depot C,False,True,1.0,Resell
CON-104877,Pallet,Plastic,5.83,1,3,None,Safe,,None,False,0.0,10.53,45.25,1.16,6.46,3.7,2.26,0.12,6.06,18.19,True,Low,Terminal E,False,True,1.0,Resell
CON-104878,Drum,Metal,25.2,33,21,None,Safe,81.16,Hazardous,False,0.0,22.93,0.0,0.0,67.79,6.02,7.1,0.5,55.43,166.3,False,High,Hub B,False,True,1.0,Dispose
CON-104879,Pallet,Plastic,5.68,34,45,None,Safe,83.52,None,False,0.0,14.47,26.38,1.04,6.42,3.68,2.22,0.11,5.91,17.73,True,Low,Hub B,False,False,1.0,Resell
CON-104880,Tote,Plastic,5.84,2,6,High,Moderate Damage,80.33,None,True,19.38,9.55,37.24,1.19,6.46,2.2,2.26,0.12,6.07,18.22,True,Medium,Facility D,True,True,1.0,Resell
CON-104881,Crate,Metal,30.09,43,103,Critical,Unsafe,58.47,Chemical,True,65.01,28.53,0.0,16.45,31.31,6.61,8.32,0.6,66.2,198.6,True,High,Warehouse A,True,True,1.0,Recycle
CON-104882,Crate,Wood,18.91,19,37,Medium,Moderate Damage,75.5,None,True,16.9,19.38,63.56,0.0,9.73,2.77,5.53,0.38,3.03,9.08,False,Medium,Hub B,True,False,1.0,Resell
CON-104883,Tote,Plastic,5.45,26,40,Low,Safe,74.31,None,False,1.98,13.85,23.9,1.13,6.36,3.65,2.16,0.11,5.67,17.0,True,Low,Facility D,False,True,1.0,Resell
CON-104884,Pallet,Wood,20.92,9,13,Critical,Unsafe,84.18,None,True,34.5,11.17,0.0,0.0,10.23,5.51,6.03,0.42,3.35,10.04,False,High,Hub B,False,True,1.0,Dispose
CON-104885,Pallet,Plastic,5.36,55,169,High,Moderate Damage,44.29,None,True,19.8,32.76,6.06,1.13,6.34,2.14,2.14,0.11,5.58,16.73,True,Medium,Terminal E,False,True,1.0,Resell
CON-104886,Drum,Metal,26.31,36,108,Low,Minor Damage,62.63,None,False,6.02,34.4,53.8,11.92,11.58,6.16,7.38,0.53,57.89,173.67,True,Low,Depot C,True,True,1.0,Resell
CON-104887,Pallet,Plastic,5.89,42,88,,Unsafe,73.08,None,True,19.05,20.34,0.0,1.23,6.47,2.21,2.27,0.12,6.12,18.37,True,High,Hub B,True,True,1.0,Recycle
CON-104888,Drum,Metal,27.72,17,23,Low,Safe,85.54,Hazardous,False,5.97,22.47,0.0,0.0,71.58,6.33,7.73,0.55,60.98,182.95,False,High,Terminal E,True,True,1.0,Dispose
CON-104889,Crate,Wood,17.3,46,155,Medium,Minor Damage,65.69,None,True,14.75,32.65,19.06,0.0,9.33,2.58,5.13,0.35,2.77,8.3,False,Medium,Depot C,True,True,1.0,Resell
CON-104890,Pallet,Wood,17.44,56,29,None,Safe,78.08,None,False,0.0,13.69,18.74,0.0,9.36,5.09,5.16,0.35,2.79,8.37,False,Low,Depot C,True,True,1.0,Resell
CON-104891,Box,Plastic,5.18,57,76,Medium,Minor Damage,76.95,Chemical,True,3.58,13.31,4.19,0.99,15.74,1.12,2.1,0.1,5.39,16.17,True,Medium,Depot C,True,True,1.0,Resell
CON-104892,Crate,Plastic,4.85,40,48,Low,Safe,65.02,None,False,4.63,22.05,40.54,1.01,6.21,3.58,2.01,0.1,5.04,15.13,True,Low,Facility D,True,True,1.0,Resell
CON-104893,Pallet,Plastic,6.25,18,44,None,Safe,84.61,None,False,0.0,14.21,33.08,1.27,6.56,3.75,2.36,0.13,6.5,19.51,True,Low,Hub B,True,False,1.0,Resell
CON-104894,Tote,Plastic,6.31,32,26,Low,Minor Damage,68.11,None,False,1.71,13.38,26.44,1.27,6.58,3.76,2.38,0.13,6.57,19.7,True,Low,Terminal E,True,True,1.0,Resell
CON-104895,Pallet,Plastic,6.14,12,26,None,Safe,80.03,None,False,0.0,13.1,38.42,1.23,6.53,3.74,2.33,0.12,6.38,19.14,True,Low,Warehouse A,True,True,1.0,Resell
CON-104896,Drum,Plastic,5.47,55,84,None,Safe,63.86,None,False,0.0,31.82,37.2,1.18,6.37,3.66,2.17,0.11,5.69,17.06,True,Low,Terminal E,True,True,1.0,Resell
CON-104897,Crate,Metal,24.17,39,105,Medium,Minor Damage,75.53,None,True,14.15,26.17,28.97,10.93,11.04,3.4,6.84,0.48,53.17,159.51,True,Medium,Terminal E,True,False,1.0,Resell
CON-104898,Crate,Plastic,5.77,40,59,High,Unsafe,61.34,None,True,36.81,23.7,0.0,1.12,6.44,2.19,2.24,0.12,6.01,18.02,True,High,Warehouse A,True,True,1.0,Recycle
CON-104899,Tote,Plastic,4.86,56,43,Low,Safe,75.8,Chemical,False,1.71,13.93,13.59,1.03,15.54,3.58,2.02,0.1,5.06,15.18,True,Medium,Warehouse A,True,True,1.0,Resell
CON-104900,Tote,Plastic,5.36,36,50,Medium,Minor Damage,84.96,None,True,7.65,13.26,21.02,1.13,6.34,1.14,2.14,0.11,5.57,16.71,True,Medium,Depot C,True,False,1.0,Resell
CON-104901,Tote,Plastic,6.31,9,26,None,Safe,84.51,None,False,0.0,10.92,32.82,1.21,6.58,3.76,2.38,0.13,6.56,19.68,True,Low,Hub B,True,False,1.0,Resell
CON-104902,Drum,Plastic,5.55,51,154,High,Moderate Damage,58.33,None,True,50.64,39.65,21.56,1.21,6.39,2.17,2.19,0.11,5.77,17.32,True,Medium,Warehouse A,True,False,1.0,Resell
CON-104903,Drum,Plastic,6.89,16,14,Medium,Moderate Damage,80.14,None,True,19.23,22.38,101.14,1.49,6.72,1.33,2.52,0.14,7.17,21.5,True,Medium,Hub B,True,True,1.0,Resell
CON-104904,Drum,Metal,31.89,10,24,Critical,Unsafe,79.44,None,True,106.39,23.48,0.0,15.86,12.97,6.83,8.77,0.64,70.15,210.46,True,High,Warehouse A,True,True,1.0,Recycle
CON-104905,Crate,Wood,16.49,55,153,Low,Safe,46.76,None,False,3.37,35.29,11.58,0.0,9.12,4.98,4.92,0.33,2.64,7.91,False,Low,Warehouse A,False,False,1.0,Resell
CON-104906,Drum,Plastic,5.61,58,53,Low,Minor Damage,83.65,None,False,5.93,25.75,38.73,1.22,6.4,3.67,2.2,0.11,5.83,17.5,True,Low,Depot C,True,True,1.0,Resell
CON-104907,Drum,Metal,34.3,33,87,Critical,Unsafe,58.2,None,True,110.0,32.97,0.0,16.79,13.58,7.12,9.38,0.69,75.46,226.39,True,High,Warehouse A,False,True,1.0,Recycle
CON-104908,Pallet,Wood,20.43,4,11,Low,Minor Damage,79.72,None,False,2.99,11.64,43.04,0.0,10.11,5.45,5.91,0.41,3.27,9.81,False,Low,Terminal E,True,False,1.0,Resell
CON-104909,Drum,Plastic,5.57,45,40,None,Safe,68.84,None,False,0.0,26.67,57.96,1.11,6.39,3.67,2.19,0.11,5.79,17.37,True,Low,Warehouse A,True,True,1.0,Resell
CON-104910,Pallet,Wood,17.75,25,70,Medium,Moderate Damage,77.41,None,True,9.57,17.89,27.93,0.0,9.44,2.63,5.24,0.36,2.84,8.52,False,Medium,Terminal E,True,True,1.0,Resell
CON-104911,Tote,Plastic,6.43,5,12,Low,Minor Damage,77.92,None,False,2.24,10.51,37.65,1.27,6.61,3.77,2.41,0.13,6.68,20.05,True,Low,Depot C,False,True,1.0,Resell
CON-104912,Drum,Metal,31.08,15,10,Low,Safe,95.74,None,False,6.1,19.64,107.84,16.97,12.77,6.73,8.57,0.62,68.37,205.12,True,Low,Depot C,True,True,1.0,Resell
CON-104913,Crate,Metal,29.83,2,6,Low,Safe,77.94,None,False,3.97,15.91,77.39,14.22,12.46,6.58,8.26,0.6,65.63,196.9,True,Low,Depot C,True,True,1.0,Resell
CON-104914,Tote,Plastic,5.29,57,111,High,Unsafe,73.41,None,True,16.78,21.09,0.0,1.05,6.32,2.13,2.12,0.11,5.5,16.5,True,High,Hub B,True,True,1.0,Recycle
CON-104915,Drum,Metal,25.47,35,92,Medium,Moderate Damage,76.4,Organic,True,20.17,30.74,58.19,12.79,11.37,3.56,7.17,0.51,56.03,168.08,True,Medium,Hub B,True,True,1.0,Resell
CON-104916,Pallet,Plastic,7.06,35,69,Low,Safe,82.19,Hazardous,False,2.29,17.07,0.0,0.0,40.59,3.85,2.56,0.14,7.34,22.03,False,High,Warehouse A,True,True,1.0,Dispose
CON-104917,Tote,Plastic,5.78,57,185,Low,Minor Damage,54.01,None,False,1.8,31.4,3.77,1.25,6.45,3.69,2.25,0.12,6.01,18.04,True,Low,Depot C,True,True,1.0,Resell
CON-104918,Tote,Plastic,4.83,39,45,Medium,Moderate Damage,76.29,None,True,8.16,14.06,22.36,1.06,6.21,1.08,2.01,0.1,5.02,15.06,True,Medium,Depot C,False,True,1.0,Resell
CON-104919,Drum,Metal,27.72,45,115,High,Unsafe,52.04,None,True,45.46,36.69,0.0,13.89,11.93,4.83,7.73,0.55,60.97,182.92,True,High,Facility D,True,True,1.0,Recycle
CON-104920,Pallet,Plastic,5.53,9,8,Medium,Minor Damage,90.56,Hazardous,True,9.17,9.72,0.0,0.0,38.29,1.16,2.18,0.11,5.75,17.25,False,High,Hub B,True,True,0.68,Manual_Review
CON-104921,Crate,Plastic,6.18,26,71,Low,Minor Damage,70.13,None,False,3.68,23.58,49.67,1.3,6.54,3.74,2.34,0.12,6.42,19.27,True,Low,Depot C,False,True,1.0,Resell
CON-104922,Pallet,Wood,19.17,45,99,None,Safe,60.01,None,False,0.0,23.4,17.41,0.0,9.79,5.3,5.59,0.38,3.07,9.2,False,Low,Facility D,True,True,1.0,Refurbish
CON-104923,Crate,Metal,29.92,50,86,High,Unsafe,81.09,None,True,41.98,23.44,0.0,13.56,12.48,5.09,8.28,0.6,65.83,197.49,True,High,Terminal E,True,True,1.0,Recycle
CON-104924,Tote,Plastic,5.01,43,69,Medium,Moderate Damage,57.08,None,True,6.97,19.34,18.32,1.07,6.25,1.1,2.05,0.1,5.21,15.63,True,Medium,Facility D,True,True,1.0,Resell
CON-104925,Tote,Plastic,6.65,18,32,Low,Minor Damage,66.02,Chemical,False,1.76,14.3,28.54,1.26,16.66,3.8,2.46,0.13,6.92,20.76,True,Medium,Depot C,True,True,1.0,Resell
CON-104926,Drum,Metal,32.1,25,27,None,Safe,86.67,None,False,0.0,22.7,76.67,15.46,13.03,6.85,8.83,0.64,70.63,211.89,True,Low,Warehouse A,True,False,1.0,Resell
CON-104927,Crate,Wood,18.4,5,5,Medium,Minor Damage,96.78,None,True,15.26,12.98,76.43,0.0,9.6,2.71,5.4,0.37,2.94,8.83,False,Medium,Facility D,True,True,1.0,Resell
CON-104928,Pallet,Plastic,7.04,42,140,Low,Minor Damage,59.53,None,False,2.34,27.57,13.85,1.47,6.76,3.84,2.56,0.14,7.32,21.95,True,Low,Terminal E,False,True,1.0,Resell
CON-104929,Box,Cardboard,1.24,4,6,None,Safe,96.07,None,False,0.0,3.44,13.55,0.1,5.31,3.15,1.11,0.02,0.5,1.49,True,Low,Facility D,False,True,1.0,Resell
CON-104930,Box,Plastic,6.63,25,34,Medium,Minor Damage,85.9,None,True,2.67,7.77,9.62,1.23,6.66,1.3,2.46,0.13,6.89,20.67,True,Medium,Facility D,True,True,1.0,Resell
CON-104931,Box,Cardboard,1.48,30,32,High,Unsafe,86.2,None,True,6.11,7.52,0.0,0.11,5.37,1.68,1.17,0.03,0.59,1.78,True,High,Depot C,True,True,1.0,Recycle
CON-104932,Crate,Plastic,6.76,37,77,Medium,Minor Damage,79.34,None,True,13.17,22.8,40.01,1.38,6.69,1.31,2.49,0.14,7.03,21.09,True,Medium,Hub B,True,True,1.0,Resell
CON-104933,Box,Plastic,7.17,23,35,Low,Minor Damage,78.04,None,False,0.6,9.04,10.96,1.43,6.79,3.86,2.59,0.14,7.46,22.37,True,Low,Terminal E,False,True,1.0,Resell
CON-104934,Pallet,Wood,23.87,30,17,High,Unsafe,93.61,None,True,19.08,10.16,0.0,0.0,10.97,4.36,6.77,0.48,3.82,11.46,False,High,Hub B,False,True,1.0,Dispose
CON-104935,Box,Cardboard,1.23,24,25,None,Safe,69.05,None,False,0.0,9.39,10.54,0.1,5.31,3.15,1.11,0.02,0.49,1.48,True,Low,Warehouse A,True,True,1.0,Resell
CON-104936,Drum,Metal,33.44,43,124,Medium,Minor Damage,57.17,None,True,27.54,36.83,37.75,16.09,13.36,4.51,9.16,0.67,73.56,220.68,True,Medium,Warehouse A,True,True,1.0,Resell
CON-104937,Box,Plastic,5.99,11,13,Low,Safe,74.28,None,False,0.7,7.41,12.18,1.18,6.5,3.72,2.3,0.12,6.23,18.69,True,Low,Terminal E,True,True,1.0,Resell
CON-104938,Crate,Plastic,5.1,18,15,None,Safe,94.52,None,False,0.0,14.32,68.3,1.03,6.28,3.61,2.08,0.1,5.31,15.92,True,Low,Hub B,True,False,1.0,Resell
CON-104939,Drum,Plastic,6.28,36,87,Medium,Moderate Damage,67.22,None,True,24.66,31.62,58.41,1.35,6.57,1.25,2.37,0.13,6.54,19.61,True,Medium,Facility D,True,True,1.0,Resell
CON-104940,Tote,Plastic,5.72,34,99,Medium,Moderate Damage,58.03,None,True,9.57,22.2,18.84,1.13,6.43,1.19,2.23,0.11,5.95,17.84,True,Medium,Hub B,True,True,1.0,Resell
CON-104941,Crate,Metal,29.71,53,86,Low,Minor Damage,52.82,Chemical,False,4.03,27.68,25.85,13.74,31.07,6.57,8.23,0.59,65.37,196.1,True,Medium,Depot C,True,True,1.0,Resell
CON-104942,Pallet,Plastic,7.02,8,21,None,Safe,91.41,None,False,0.0,10.89,47.27,1.37,6.75,3.84,2.55,0.14,7.3,21.89,True,Low,Hub B,True,False,1.0,Resell
CON-104943,Drum,Metal,32.35,15,23,Medium,Moderate Damage,69.7,None,True,23.5,24.84,100.85,17.64,13.09,4.38,8.89,0.65,71.17,213.5,True,Medium,Terminal E,True,True,1.0,Resell
CON-104944,Drum,Plastic,4.89,10,15,None,Safe,69.1,None,False,0.0,24.14,95.64,1.01,6.22,3.59,2.02,0.1,5.08,15.25,True,Low,Terminal E,True,True,1.0,Resell
CON-104945,Tote,Plastic,6.26,21,67,Medium,Minor Damage,62.99,None,True,8.35,18.25,27.02,1.31,6.57,1.25,2.37,0.13,6.51,19.54,True,Medium,Hub B,True,True,1.0,Resell
CON-104946,Pallet,Plastic,6.47,44,55,High,Moderate Damage,86.54,None,True,24.59,15.02,22.78,1.22,6.62,2.28,2.42,0.13,6.73,20.19,True,Medium,Warehouse A,True,True,0.79,Manual_Review
CON-104947,Drum,Metal,26.13,26,31,Medium,Minor Damage,79.14,None,True,25.21,24.23,84.11,13.38,11.53,3.64,7.33,0.52,57.5,172.49,True,Medium,Hub B,True,True,1.0,Resell
CON-104948,Box,Plastic,6.09,16,23,Medium,Moderate Damage,77.84,None,True,2.57,7.87,11.31,1.29,6.52,1.23,2.32,0.12,6.34,19.01,True,Medium,Facility D,True,True,1.0,Resell
CON-104949,Drum,Plastic,6.77,38,20,Medium,Moderate Damage,87.68,None,True,23.26,21.85,71.85,1.28,6.69,1.31,2.49,0.14,7.04,21.11,True,Medium,Terminal E,True,True,1.0,Resell
CON-104950,Box,Cardboard,1.31,15,36,None,,73.83,None,False,0.0,9.78,12.43,0.11,5.33,3.16,1.13,0.03,0.52,1.57,True,Low,Facility D,True,False,1.0,Resell
CON-104951,Pallet,Wood,18.29,30,75,None,Safe,73.31,None,False,0.0,19.0,25.63,0.0,9.57,5.19,5.37,0.37,2.93,8.78,False,Low,Terminal E,True,True,1.0,Resell
CON-104952,Crate,Plastic,7.19,18,45,High,Unsafe,80.46,None,True,40.07,19.43,0.0,1.55,6.8,2.36,2.6,0.14,7.48,22.45,True,High,Hub B,True,False,1.0,Recycle
CON-104953,Tote,Plastic,5.16,2,6,Medium,Moderate Damage,85.09,None,True,6.85,8.84,35.43,1.11,6.29,1.12,2.09,0.1,5.37,16.11,True,Medium,Hub B,False,True,1.0,Resell
CON-104954,Box,Cardboard,1.39,26,37,None,Safe,74.49,None,False,0.0,9.78,10.39,0.11,5.35,3.17,1.15,0.03,0.55,1.66,True,Low,Hub B,True,False,1.0,Resell
CON-104955,Pallet,Wood,22.51,28,44,None,Safe,87.66,Organic,False,0.0,13.75,34.76,0.0,10.63,5.7,6.43,0.45,3.6,10.8,False,Low,Warehouse A,True,False,1.0,Resell
CON-104956,Crate,Plastic,6.24,52,35,None,Safe,70.06,None,False,0.0,19.99,32.06,1.36,6.56,3.75,2.36,0.12,6.49,19.47,True,Low,Terminal E,True,True,1.0,Resell
CON-104957,Box,Plastic,6.31,2,3,Low,Minor Damage,97.46,Chemical,False,0.87,2.93,13.48,1.35,16.44,3.76,2.38,0.13,6.56,19.68,True,Medium,Facility D,True,True,1.0,Resell
CON-104958,Box,Plastic,6.09,59,156,Low,Minor Damage,64.33,None,False,0.7,23.2,1.58,1.34,6.52,3.73,2.32,0.12,6.34,19.02,True,Low,Hub B,False,True,1.0,Resell
CON-104959,Box,Plastic,5.3,47,65,None,Safe,83.93,None,False,0.0,11.16,6.48,0.96,6.32,3.64,2.12,0.11,5.51,16.53,True,Low,Terminal E,True,True,1.0,Resell
CON-104960,Tote,Plastic,6.92,55,156,Medium,Moderate Damage,51.51,Organic,True,8.78,28.87,5.82,1.31,6.73,1.33,2.53,0.14,7.2,21.59,True,Medium,Depot C,True,True,1.0,Resell
CON-104961,Box,Plastic,5.34,23,67,Medium,Minor Damage,74.72,None,True,2.87,12.74,9.19,1.15,6.33,1.14,2.13,0.11,5.55,16.65,True,Medium,Terminal E,True,True,1.0,Resell
CON-104962,Box,Cardboard,1.44,1,2,Low,Minor Damage,80.79,None,False,0.88,5.33,16.09,0.12,5.36,3.17,1.16,0.03,0.58,1.73,True,Low,Depot C,True,True,1.0,Resell
CON-104963,Tote,Plastic,4.81,40,116,Medium,Moderate Damage,71.71,Hazardous,True,7.74,21.84,0.0,0.0,37.21,1.08,2.0,0.1,5.0,15.0,False,High,Facility D,True,True,1.0,Dispose
CON-104964,Crate,Wood,22.78,24,53,High,Unsafe,64.31,Organic,True,40.93,22.65,0.0,0.0,10.7,4.23,6.5,0.46,3.65,10.94,False,High,Hub B,True,False,1.0,Dispose
CON-104965,Pallet,Plastic,6.71,19,18,Medium,Moderate Damage,80.18,None,True,11.43,12.27,35.57,1.4,6.68,1.3,2.48,0.13,6.98,20.93,True,Medium,Terminal E,False,True,1.0,Resell
CON-104966,Tote,Plastic,5.82,53,86,Low,Safe,55.43,None,False,1.92,21.29,10.99,1.23,6.45,3.7,2.25,0.12,6.05,18.15,True,Low,Hub B,True,False,1.0,Resell
CON-104967,Tote,Plastic,5.05,56,181,Medium,Minor Damage,50.88,None,True,8.66,31.47,3.78,0.94,6.26,1.11,2.06,0.1,5.25,15.76,True,Medium,Terminal E,True,False,0.77,Manual_Review
CON-104968,Pallet,Wood,16.78,13,45,Low,Safe,71.11,None,False,2.15,16.33,36.29,0.0,9.19,5.01,4.99,0.34,2.68,8.05,False,Low,Warehouse A,True,False,1.0,Resell
CON-104969,Tote,Plastic,5.5,43,74,High,Moderate Damage,68.93,None,True,20.77,18.06,17.03,1.04,6.37,2.16,2.17,0.11,5.72,17.15,True,Medium,Facility D,False,True,1.0,Resell
CON-104970,Tote,Plastic,6.36,49,88,High,Unsafe,80.38,None,True,15.49,17.74,0.0,1.18,6.59,2.26,2.39,0.13,6.62,19.85,True,High,Terminal E,True,True,1.0,Recycle
CON-104971,Drum,Plastic,7.05,40,80,None,Safe,,None,False,0.0,31.8,49.0,1.52,6.76,3.85,2.56,0.14,7.33,21.99,True,Low,Hub B,True,True,1.0,Resell
CON-104972,Box,Plastic,6.16,49,165,Medium,Moderate Damage,49.18,None,True,3.29,26.37,2.63,1.31,6.54,1.24,2.34,0.12,6.41,19.23,True,Medium,Warehouse A,False,True,1.0,Resell
CON-104973,Crate,Metal,31.61,24,79,Low,Minor Damage,54.26,None,False,4.57,26.76,45.83,16.4,12.9,6.79,8.7,0.63,69.55,208.65,True,Low,Terminal E,True,True,1.0,Resell
CON-104974,Box,Cardboard,1.62,52,99,Medium,Minor Damage,71.15,None,True,3.5,16.48,4.3,0.13,5.4,0.69,1.2,0.03,0.65,1.94,True,Medium,Warehouse A,True,True,1.0,Resell
CON-104975,Box,Plastic,7.06,33,84,Medium,Moderate Damage,81.08,None,True,2.75,13.49,8.1,1.48,6.76,1.35,2.56,0.14,7.34,22.01,True,Medium,Warehouse A,False,True,1.0,Resell
CON-104976,Crate,Metal,33.18,48,163,Medium,Moderate Damage,38.71,None,True,17.43,37.49,15.05,15.37,13.29,4.48,9.09,0.66,72.99,218.96,True,Medium,Hub B,False,True,1.0,Resell
CON-104977,Tote,Plastic,5.06,28,92,Low,Minor Damage,57.37,None,False,2.3,21.59,20.51,1.01,6.27,3.61,2.07,0.1,5.27,15.8,True,Low,Depot C,True,True,1.0,Resell
CON-104978,Drum,Plastic,6.48,24,56,Medium,Minor Damage,82.62,None,True,24.78,26.21,77.75,1.37,6.62,1.28,2.42,0.13,6.74,20.21,True,Medium,Hub B,True,True,1.0,Resell
CON-104979,Pallet,Wood,20.02,8,13,Low,Minor Damage,85.9,None,False,2.34,10.91,44.16,0.0,10.0,5.4,5.8,0.4,3.2,9.61,False,Low,Terminal E,True,False,1.0,Resell
CON-104980,Drum,Plastic,6.05,31,28,Low,Minor Damage,74.52,None,False,6.82,24.62,75.21,1.11,6.51,3.73,2.31,0.12,6.29,18.86,True,Low,Warehouse A,True,True,1.0,Resell
CON-104981,Drum,Metal,25.25,44,79,Medium,Minor Damage,71.2,None,True,27.08,30.22,49.36,12.85,11.31,3.53,7.11,0.5,55.54,166.63,True,Medium,Depot C,False,True,1.0,Resell
CON-104982,Crate,Plastic,6.4,25,57,Medium,Moderate Damage,79.22,None,True,14.63,20.82,46.86,1.3,6.6,1.27,2.4,0.13,6.66,19.97,True,Medium,Hub B,True,True,1.0,Resell
CON-104983,Pallet,Plastic,7.19,5,7,Medium,Moderate Damage,83.82,None,True,10.74,10.63,45.53,1.46,6.8,1.36,2.6,0.14,7.48,22.44,True,Medium,Facility D,False,True,1.0,Resell
CON-104984,Crate,Plastic,6.29,45,105,High,Moderate Damage,71.1,None,True,41.66,26.84,29.25,1.25,6.57,2.26,2.37,0.13,6.55,19.64,True,Medium,Depot C,True,False,1.0,Resell
CON-104985,Pallet,Plastic,5.4,2,2,None,Safe,70.69,Chemical,False,0.0,12.1,45.24,1.1,15.88,3.65,2.15,0.11,5.62,16.86,True,Medium,Hub B,True,True,1.0,Resell
CON-104986,Pallet,Wood,18.6,30,31,High,Unsafe,85.43,None,True,25.94,12.79,0.0,0.0,9.65,3.73,5.45,0.37,2.98,8.93,False,High,Hub B,True,True,1.0,Dispose
CON-104987,Drum,Metal,29.62,52,66,Medium,Minor Damage,67.62,None,True,22.51,29.46,42.68,13.81,12.41,4.05,8.21,0.59,65.17,195.52,True,Medium,Facility D,True,False,1.0,Resell
CON-104988,Crate,Plastic,4.92,46,141,Medium,Moderate Damage,42.93,None,True,12.83,34.66,21.89,0.91,6.23,1.09,2.03,0.1,5.12,15.36,True,Medium,Terminal E,False,True,0.64,Manual_Review
CON-104989,Drum,Metal,26.79,26,79,Critical,Unsafe,61.05,None,True,87.58,31.74,0.0,13.51,11.7,6.21,7.5,0.54,58.94,176.82,True,High,Hub B,False,True,1.0,Recycle
CON-104990,Pallet,Wood,23.4,53,150,Medium,Minor Damage,66.32,None,True,9.62,27.55,8.89,0.0,10.85,3.31,6.65,0.47,3.74,11.23,False,Medium,Terminal E,False,True,1.0,Resell
CON-104991,Box,Plastic,5.98,48,60,Low,Safe,59.17,Organic,False,0.72,14.37,6.47,1.2,6.5,3.72,2.3,0.12,6.22,18.67,True,Low,Warehouse A,True,True,1.0,Resell
CON-104992,Pallet,Plastic,5.96,8,22,Medium,Moderate Damage,86.72,None,True,11.23,11.69,47.1,1.11,6.49,1.22,2.29,0.12,6.2,18.61,True,Medium,Facility D,True,True,1.0,Resell
CON-104993,Drum,Metal,27.24,30,46,None,Safe,82.62,None,False,0.0,25.21,75.78,13.15,11.81,6.27,7.61,0.54,59.93,179.78,True,Low,Warehouse A,True,False,0.79,Manual_Review
CON-104994,Tote,Plastic,5.31,28,88,None,Safe,80.98,None,False,0.0,17.65,22.24,1.09,6.33,3.64,2.13,0.11,5.53,16.58,True,Low,Terminal E,False,True,1.0,Resell
CON-104995,Drum,Metal,26.16,41,56,Medium,Moderate Damage,,None,True,24.71,28.99,57.49,12.15,11.54,3.64,7.34,0.52,57.55,172.66,True,Medium,Terminal E,True,True,1.0,Resell
CON-104996,Box,Cardboard,1.29,54,162,Medium,Minor Damage,50.64,None,True,2.64,25.85,1.86,0.1,5.32,0.65,1.12,0.03,0.51,1.54,True,Medium,Facility D,False,True,1.0,Resell
CON-104997,Pallet,Wood,19.07,50,106,Low,Minor Damage,63.38,Organic,False,2.34,23.59,15.41,0.0,9.77,5.29,5.57,0.38,3.05,9.15,False,Low,Terminal E,True,False,1.0,Resell
CON-104998,Tote,Plastic,5.3,44,127,Critical,Unsafe,52.08,Chemical,True,28.62,25.89,0.0,1.1,15.81,3.64,2.13,0.11,5.51,16.54,True,High,Warehouse A,False,True,1.0,Recycle
CON-104999,Drum,Plastic,5.88,43,88,Low,Safe,55.76,None,False,5.71,33.44,45.92,1.18,6.47,3.71,2.27,0.12,6.12,18.36,True,Low,Hub B,True,True,1.0,Resell
CON-105000,Tote,Plastic,6.0,32,38,None,Safe,,None,False,0.0,15.34,24.54,1.2,6.5,3.72,2.3,0.12,6.24,18.71,True,Low,Warehouse A,False,True,1.0,Resell
CON-105001,Drum,Metal,32.07,47,117,Low,Minor Damage,,None,False,5.39,36.74,34.72,16.81,13.02,6.85,8.82,0.64,70.54,211.63,True,Low,Warehouse A,True,True,1.0,Resell
CON-105002,Crate,Metal,31.04,55,169,Medium,Minor Damage,47.0,Organic,True,16.98,36.85,9.03,15.25,12.76,4.22,8.56,0.62,68.28,204.84,True,Medium,Facility D,True,True,1.0,Resell
CON-105003,Box,Plastic,6.75,10,24,,Safe,74.82,None,False,0.0,8.43,11.8,1.31,6.69,3.81,2.49,0.14,7.03,21.08,True,Low,Terminal E,True,True,0.76,Manual_Review
CON-105004,Box,Plastic,6.31,42,41,Medium,Minor Damage,74.72,None,True,2.59,10.14,7.34,1.37,6.58,1.26,2.38,0.13,6.57,19.7,True,Medium,Hub B,True,True,1.0,Resell
CON-105005,Crate,Metal,26.78,47,125,Critical,Unsafe,51.48,None,True,71.27,31.78,0.0,12.19,11.69,6.21,7.49,0.54,58.91,176.73,True,High,Depot C,False,True,1.0,Recycle
CON-105006,Pallet,Wood,16.83,45,68,High,Unsafe,60.87,None,True,19.64,20.17,0.0,0.0,9.21,3.52,5.01,0.34,2.69,8.08,False,High,Depot C,True,True,1.0,Dispose
CON-105007,Crate,Wood,19.46,26,38,Low,Safe,69.82,None,False,3.21,20.33,50.58,0.0,9.86,5.33,5.66,0.39,3.11,9.34,False,Low,Terminal E,True,True,1.0,Resell
CON-105008,Pallet,Plastic,5.11,10,22,None,Safe,73.92,None,False,0.0,13.61,40.94,1.08,6.28,3.61,2.08,0.1,5.32,15.95,True,Low,Facility D,True,False,1.0,Resell
CON-105009,Drum,Metal,25.68,20,24,None,Safe,83.37,None,False,0.0,22.89,93.32,13.26,11.42,6.08,7.22,0.51,56.5,169.51,True,Low,Facility D,False,True,1.0,Resell
CON-105010,Box,Plastic,5.91,43,134,Low,Minor Damage,45.88,None,False,0.85,23.77,4.61,1.15,6.48,3.71,2.28,0.12,6.15,18.45,True,Low,Depot C,False,True,1.0,Resell
CON-105011,Crate,Wood,20.4,17,42,High,Unsafe,80.84,None,True,29.22,19.07,0.0,0.0,10.1,3.95,5.9,0.41,3.26,9.79,False,High,Depot C,False,True,1.0,Dispose
CON-105012,Crate,Plastic,5.1,4,4,Medium,Minor Damage,75.02,None,True,16.84,16.15,81.34,0.97,6.27,1.11,2.07,0.1,5.3,15.91,True,Medium,Warehouse A,True,True,1.0,Resell
CON-105013,Tote,Plastic,5.71,38,64,High,Moderate Damage,60.94,Organic,True,17.67,18.26,17.81,1.04,6.43,2.19,2.23,0.11,5.94,17.82,True,Medium,Terminal E,False,True,1.0,Resell
CON-105014,Pallet,Wood,19.65,1,1,Low,Minor Damage,86.48,None,False,2.5,9.63,47.47,0.0,9.91,5.36,5.71,0.39,3.14,9.43,False,Low,Terminal E,True,True,1.0,Resell
CON-105015,Pallet,Plastic,6.01,18,15,None,Safe,70.62,Hazardous,False,0.0,13.41,0.0,0.0,39.01,3.72,2.3,0.12,6.25,18.74,False,High,Hub B,False,True,1.0,Dispose
CON-105016,Tote,Plastic,7.14,21,31,Medium,Moderate Damage,82.89,Organic,True,6.86,11.67,27.15,1.43,6.78,1.36,2.58,0.14,7.42,22.27,True,Medium,Terminal E,True,False,1.0,Resell
CON-105017,Box,Plastic,6.85,25,26,Low,Safe,79.52,None,False,0.84,7.92,9.75,1.37,6.71,3.82,2.51,0.14,7.13,21.38,True,Low,Terminal E,True,True,1.0,Resell
CON-105018,Drum,Metal,34.54,27,84,High,Unsafe,81.02,None,True,63.07,29.25,0.0,15.72,13.64,5.65,9.44,0.69,76.0,227.99,True,High,Terminal E,True,True,1.0,Recycle
CON-105019,Pallet,Plastic,6.95,50,46,Low,Safe,63.85,None,False,2.61,17.52,21.06,1.42,6.74,3.83,2.54,0.14,7.23,21.68,True,Low,Terminal E,True,True,1.0,Resell
CON-105020,Pallet,Wood,23.51,28,55,High,Moderate Damage,72.85,None,True,21.49,17.07,33.08,0.0,10.88,4.32,6.68,0.47,3.76,11.28,False,Medium,Depot C,True,False,1.0,Resell
CON-105021,Drum,Plastic,7.18,16,49,None,Safe,75.77,None,False,0.0,26.53,91.19,1.46,6.8,3.86,2.6,0.14,7.47,22.41,True,Low,Depot C,True,False,1.0,Resell
CON-105022,Crate,Wood,18.74,15,8,Medium,Minor Damage,92.02,None,True,19.15,14.0,65.06,0.0,9.69,2.75,5.49,0.37,3.0,9.0,False,Medium,Warehouse A,True,True,1.0,Resell
CON-105023,Drum,Metal,28.21,6,20,None,Safe,69.68,None,False,0.0,24.55,98.33,13.14,12.05,6.38,7.85,0.56,62.05,186.16,True,Low,Hub B,True,False,1.0,Resell
CON-105024,Box,Plastic,6.93,29,37,Medium,Moderate Damage,79.13,Hazardous,True,3.33,9.08,0.0,0.0,40.4,1.33,2.53,0.14,7.21,21.62,False,High,Hub B,True,True,1.0,Dispose
CON-105025,Tote,Plastic,5.99,33,94,High,Unsafe,59.93,None,True,17.92,21.41,0.0,1.17,6.5,2.22,2.3,0.12,6.23,18.7,True,High,Depot C,False,False,1.0,Recycle
CON-105026,Pallet,Plastic,6.41,52,34,High,Moderate Damage,85.55,None,True,21.2,13.07,20.09,1.23,6.6,2.27,2.4,0.13,6.66,19.99,True,Medium,Terminal E,False,True,1.0,Resell
CON-105027,Box,Cardboard,1.39,56,105,Medium,Moderate Damage,51.72,None,True,2.46,19.99,3.39,0.12,5.35,0.67,1.15,0.03,0.56,1.67,True,Medium,Warehouse A,False,True,1.0,Resell
CON-105028,Drum,Plastic,4.96,21,20,Low,Safe,79.47,None,False,6.19,23.08,82.85,0.95,6.24,3.6,2.04,0.1,5.16,15.49,True,Low,Hub B,True,True,1.0,Resell
CON-105029,Drum,Metal,27.34,41,126,Medium,Moderate Damage,52.01,None,True,27.23,37.8,42.93,13.82,11.83,3.78,7.63,0.55,60.15,180.44,True,Medium,Terminal E,True,True,1.0,Resell
CON-105030,Tote,Plastic,7.19,40,40,None,Safe,73.69,None,False,0.0,13.95,22.17,1.35,6.8,3.86,2.6,0.14,7.48,22.43,True,Low,Terminal E,False,False,1.0,Resell
CON-105031,Box,Plastic,5.8,8,24,Low,Safe,83.14,None,False,0.88,7.18,12.65,1.14,6.45,3.7,2.25,0.12,6.03,18.1,True,Low,Warehouse A,True,True,1.0,Resell
CON-105032,Crate,Plastic,5.69,7,20,None,Safe,75.79,None,False,0.0,17.63,73.84,1.19,6.42,3.68,2.22,0.11,5.92,17.75,True,Low,Facility D,False,True,1.0,Resell
CON-105033,Drum,Plastic,6.38,12,29,Low,Safe,65.29,None,False,6.09,26.11,89.13,1.22,6.6,3.77,2.4,0.13,6.64,19.91,True,Low,Hub B,True,True,1.0,Resell
CON-105034,Pallet,Wood,19.95,9,25,Low,Safe,82.34,Organic,False,2.11,12.65,44.74,0.0,9.99,5.39,5.79,0.4,3.19,9.58,False,Low,Terminal E,False,False,1.0,Resell
CON-105035,Box,Cardboard,1.69,13,32,High,Moderate Damage,80.64,None,True,6.87,8.35,11.1,0.12,5.42,1.7,1.22,0.03,0.67,2.02,True,Medium,Facility D,True,True,1.0,Resell
CON-105036,Box,Cardboard,1.57,22,44,Low,Safe,76.66,None,False,0.66,10.15,9.46,0.11,5.39,3.19,1.19,0.03,0.63,1.88,True,Low,Depot C,True,True,0.85,Resell
CON-105037,Drum,Metal,34.89,4,9,Critical,Unsafe,80.52,None,True,87.5,21.82,0.0,16.16,13.72,7.19,9.52,0.7,76.76,230.28,True,High,Depot C,True,True,1.0,Recycle
CON-105038,Crate,Metal,26.05,50,56,Low,Safe,61.12,None,False,3.52,23.43,32.14,11.74,11.51,6.13,7.31,0.52,57.32,171.95,True,Low,Depot C,True,True,1.0,Resell
CON-105039,Box,Cardboard,1.28,32,101,Low,Safe,53.07,Chemical,False,0.8,19.39,7.63,0.1,13.3,3.15,1.12,0.03,0.51,1.54,True,Medium,Depot C,True,True,1.0,Resell
CON-105040,Box,Cardboard,1.27,2,6,Low,Minor Damage,71.52,None,False,0.6,7.12,15.16,0.11,5.32,3.15,1.12,0.03,0.51,1.53,True,Low,Terminal E,False,True,1.0,Resell
CON-105041,Crate,Plastic,5.29,60,65,Medium,Minor Damage,65.13,None,True,17.77,23.73,20.95,1.06,6.32,1.14,2.12,0.11,5.51,16.52,True,Medium,Hub B,False,True,1.0,Resell
CON-105042,Tote,Plastic,5.28,48,165,None,Safe,60.86,None,False,0.0,28.37,7.16,1.1,6.32,3.63,2.12,0.11,5.49,16.47,True,Low,Depot C,True,True,0.52,Manual_Review
CON-105043,Pallet,Plastic,5.03,51,147,High,Unsafe,63.51,None,True,23.94,27.67,0.0,1.0,6.26,2.1,2.06,0.1,5.24,15.71,True,High,Depot C,True,True,1.0,Recycle
CON-105044,Pallet,Plastic,6.75,11,17,Medium,Minor Damage,96.22,None,True,10.6,9.77,40.81,1.43,6.69,1.31,2.49,0.13,7.02,21.06,True,Medium,Warehouse A,True,True,1.0,Resell
CON-105045,Pallet,Plastic,6.93,39,34,None,Safe,89.15,None,False,0.0,12.53,27.2,1.26,6.73,3.83,2.53,0.14,7.21,21.63,True,Low,Hub B,True,True,0.79,Manual_Review
CON-105046,Crate,Wood,22.77,5,2,None,Safe,82.54,None,False,0.0,14.82,77.28,0.0,10.69,5.73,6.49,0.46,3.64,10.93,False,Low,Depot C,True,False,1.0,Resell
CON-105047,Crate,Plastic,5.92,54,117,High,Unsafe,57.65,None,True,39.46,30.05,0.0,1.21,6.48,2.21,2.28,0.12,6.16,18.48,True,High,Terminal E,True,True,1.0,Recycle
CON-105048,Box,Cardboard,1.3,38,35,Low,Minor Damage,84.05,None,False,0.63,8.14,8.61,0.1,5.32,3.16,1.12,0.03,0.52,1.56,True,Low,Hub B,True,True,1.0,Resell
CON-105049,Pallet,Wood,23.07,42,27,None,Safe,75.96,None,False,0.0,13.81,25.64,0.0,10.77,5.77,6.57,0.46,3.69,11.07,False,Low,Hub B,True,True,1.0,Resell
CON-105050,Tote,Plastic,6.89,32,77,Critical,Unsafe,79.51,None,True,32.04,16.77,0.0,1.25,6.72,3.83,2.52,0.14,7.17,21.5,True,High,Hub B,True,True,1.0,Recycle
CON-105051,Pallet,Wood,20.09,28,14,Critical,Unsafe,90.52,None,True,35.99,10.32,0.0,0.0,10.02,5.41,5.82,0.4,3.21,9.64,False,High,Hub B,False,True,1.0,Dispose
CON-105052,Drum,Metal,24.08,15,51,Medium,Moderate Damage,85.84,None,True,21.47,25.22,89.54,10.92,11.02,3.39,6.82,0.48,52.98,158.95,True,Medium,Terminal E,False,True,1.0,Resell
CON-105053,Pallet,Plastic,5.13,43,52,Low,Minor Damage,62.48,None,False,2.77,18.33,23.23,1.04,6.28,3.62,2.08,0.1,5.33,16.0,True,Low,Warehouse A,True,False,1.0,Resell
CON-105054,Box,Cardboard,1.78,24,67,Low,Minor Damage,84.72,None,False,0.62,11.24,9.03,0.14,5.45,3.21,1.25,0.04,0.71,2.14,True,Low,Warehouse A,True,False,1.0,Resell
CON-105055,Tote,Plastic,5.19,40,64,Low,Safe,65.58,None,False,2.01,17.56,18.74,1.06,6.3,3.62,2.1,0.1,5.4,16.19,True,Low,Hub B,True,True,1.0,Resell
CON-105056,Tote,Plastic,5.79,15,30,Medium,Minor Damage,74.24,None,True,6.88,12.86,33.36,1.08,6.45,1.19,2.25,0.12,6.02,18.06,True,Medium,Warehouse A,True,True,1.0,Resell
CON-105057,Tote,Plastic,6.5,56,179,Low,Minor Damage,47.18,None,False,2.03,31.82,3.92,1.29,6.63,3.78,2.43,0.13,6.76,20.29,True,Low,Warehouse A,True,True,1.0,Resell
CON-105058,Box,Cardboard,1.57,47,29,None,Safe,89.26,None,False,0.0,6.76,6.7,0.13,5.39,3.19,1.19,0.03,0.63,1.88,True,Low,Terminal E,True,True,1.0,Resell
CON-105059,Drum,Metal,34.86,36,25,None,Safe,76.17,None,False,0.0,24.08,66.61,18.17,13.72,7.18,9.52,0.7,76.7,230.11,True,Low,Facility D,True,True,1.0,Resell
CON-105060,Pallet,Plastic,5.6,27,23,None,Safe,75.7,None,False,0.0,13.45,31.66,1.19,6.4,3.67,2.2,0.11,5.82,17.47,True,Low,Hub B,True,True,1.0,Resell
CON-105061,Pallet,Plastic,5.47,45,96,High,Unsafe,52.96,None,True,22.2,24.16,0.0,1.18,6.37,2.16,2.17,0.11,5.69,17.08,True,High,Terminal E,True,True,1.0,Recycle
CON-105062,Drum,Metal,27.78,26,17,None,Safe,68.27,None,False,0.0,24.46,84.69,14.39,11.95,6.33,7.75,0.56,61.13,183.38,True,Low,Facility D,False,True,0.8,Resell
CON-105063,Drum,Metal,25.84,33,61,Medium,Minor Damage,87.1,None,True,23.5,26.04,72.01,11.8,11.46,3.6,7.26,0.52,56.85,170.56,True,Medium,Warehouse A,False,True,1.0,Resell
CON-105064,Pallet,Wood,17.16,23,57,Medium,Moderate Damage,71.71,None,True,11.61,17.44,34.81,0.0,9.29,2.56,5.09,0.34,2.75,8.24,False,Medium,Warehouse A,True,False,1.0,Resell
CON-105065,Box,Plastic,6.06,35,84,Critical,Unsafe,71.58,None,True,11.88,14.91,0.0,1.11,6.52,3.73,2.32,0.12,6.3,18.91,True,High,Warehouse A,True,True,1.0,Recycle
CON-105066,Pallet,Wood,20.79,4,7,Low,Safe,91.11,None,False,2.78,9.53,47.83,0.0,10.2,5.49,6.0,0.42,3.33,9.98,False,Low,Warehouse A,False,True,1.0,Resell
CON-105067,Pallet,Wood,20.47,28,51,None,Safe,83.44,None,False,0.0,15.08,33.33,0.0,10.12,5.46,5.92,0.41,3.27,9.82,False,Low,Terminal E,False,True,1.0,Resell
CON-105068,Drum,Plastic,6.2,44,139,Low,Minor Damage,65.48,None,False,6.78,37.08,34.23,1.28,6.55,3.74,2.35,0.12,6.45,19.35,True,Low,Depot C,True,False,1.0,Resell
CON-105069,Box,Plastic,6.47,19,50,Low,Safe,74.1,None,False,0.88,11.14,10.53,1.22,6.62,3.78,2.42,0.13,6.73,20.18,True,Low,Facility D,False,True,1.0,Resell
CON-105070,Drum,Plastic,6.53,11,33,None,Safe,86.37,None,False,0.0,23.34,90.29,1.43,6.63,3.78,2.43,0.13,6.79,20.38,True,Low,Terminal E,True,True,1.0,Resell
CON-105071,Drum,Metal,24.55,41,121,Critical,Unsafe,47.32,None,True,101.25,38.0,0.0,12.59,11.14,5.95,6.94,0.49,54.01,162.04,True,High,Terminal E,True,False,1.0,Recycle
CON-105072,Crate,Wood,21.13,59,167,High,Unsafe,56.29,None,True,30.36,35.26,0.0,0.0,10.28,4.04,6.08,0.42,3.38,10.14,False,High,Hub B,True,True,1.0,Dispose
CON-105073,Box,Plastic,5.21,52,80,High,Moderate Damage,73.72,None,True,7.99,14.19,5.14,1.01,6.3,2.12,2.1,0.1,5.41,16.24,True,Medium,Warehouse A,True,True,1.0,Resell
CON-105074,Pallet,Plastic,4.95,34,111,Critical,Unsafe,49.39,None,True,47.02,26.19,0.0,0.92,6.24,3.59,2.04,0.1,5.14,15.43,True,High,Warehouse A,True,True,1.0,Recycle
CON-105075,Crate,Metal,33.31,24,54,High,Moderate Damage,67.66,None,True,32.87,22.25,52.61,15.93,13.33,5.5,9.13,0.67,73.28,219.85,True,Medium,Terminal E,True,True,1.0,Resell
CON-105076,Pallet,Plastic,4.95,1,1,None,Safe,91.55,None,False,0.0,8.87,52.68,0.97,6.24,3.59,2.04,0.1,5.14,15.43,True,Low,Hub B,True,True,1.0,Resell
CON-105077,Box,Cardboard,1.67,9,12,Medium,Minor Damage,90.8,None,True,2.95,4.83,12.15,0.14,5.42,0.7,1.22,0.03,0.67,2.0,True,Medium,Terminal E,True,True,1.0,Resell
CON-105078,Box,Cardboard,1.42,19,27,None,Safe,94.2,None,False,0.0,5.82,10.26,0.11,5.35,3.17,1.15,0.03,0.57,1.7,True,Low,Facility D,True,True,1.0,Resell
CON-105079,Tote,Plastic,6.98,11,20,High,Moderate Damage,76.71,None,True,15.81,11.49,34.51,1.28,6.74,2.34,2.54,0.14,7.26,21.77,True,Medium,Hub B,True,True,1.0,Resell
CON-105080,Tote,Plastic,5.09,34,100,Medium,Minor Damage,69.65,None,True,7.69,20.55,18.96,1.09,6.27,1.11,2.07,0.1,5.3,15.89,True,Medium,Depot C,False,True,1.0,Resell
CON-105081,Drum,Plastic,7.17,25,60,Medium,Moderate Damage,68.58,None,True,22.31,28.71,72.34,1.46,6.79,1.36,2.59,0.14,7.46,22.37,True,Medium,Warehouse A,False,True,1.0,Resell
CON-105082,Drum,Plastic,6.25,36,85,High,Moderate Damage,67.14,None,True,53.35,31.43,61.58,1.14,6.56,2.25,2.36,0.13,6.5,19.5,True,Medium,Warehouse A,True,True,1.0,Resell
CON-105083,Pallet,Wood,17.86,8,6,Low,Safe,78.2,None,False,2.05,11.37,45.3,0.0,9.46,5.14,5.26,0.36,2.86,8.57,False,Low,Depot C,True,True,1.0,Resell
CON-105084,Pallet,Wood,18.23,38,73,Medium,Minor Damage,84.86,None,True,8.84,17.07,21.52,0.0,9.56,2.69,5.36,0.36,2.92,8.75,False,Medium,Facility D,True,True,1.0,Resell
CON-105085,Box,Cardboard,1.57,26,47,Low,Minor Damage,82.88,None,False,0.78,9.52,10.36,0.13,5.39,3.19,1.19,0.03,0.63,1.88,True,Low,Depot C,False,True,1.0,Resell
CON-105086,Box,Plastic,7.11,25,56,Medium,Minor Damage,77.05,None,True,2.74,11.29,8.7,1.44,6.78,1.35,2.58,0.14,7.39,22.18,True,Medium,Hub B,True,True,1.0,Resell
CON-105087,Tote,Plastic,5.06,20,25,None,Safe,66.16,None,False,0.0,13.58,28.46,1.06,6.26,3.61,2.06,0.1,5.26,15.78,True,Low,Terminal E,True,True,1.0,Resell
CON-105088,Pallet,Plastic,5.62,26,30,Medium,Minor Damage,86.64,None,True,11.96,12.5,35.81,1.1,6.41,1.17,2.21,0.11,5.85,17.55,True,Medium,Warehouse A,False,True,1.0,Resell
CON-105089,Box,Plastic,6.84,14,29,Low,Safe,66.8,None,False,0.66,10.13,10.85,1.23,6.71,3.82,2.51,0.14,7.12,21.35,True,Low,Terminal E,True,True,1.0,Resell
CON-105090,Crate,Wood,21.37,33,58,Medium,Moderate Damage,85.02,None,True,16.62,20.05,45.74,0.0,10.34,3.06,6.14,0.43,3.42,10.26,False,Medium,Facility D,True,True,1.0,Resell
CON-105091,Box,Cardboard,1.23,40,32,None,Safe,75.51,None,False,0.0,9.12,8.08,0.09,5.31,3.15,1.11,0.02,0.49,1.48,True,Low,Facility D,True,True,1.0,Resell
CON-105092,Tote,Plastic,5.91,13,30,Low,Safe,73.85,None,False,1.81,12.92,35.1,1.16,6.48,3.71,2.28,0.12,6.15,18.44,True,Low,Warehouse A,False,True,0.67,Manual_Review
CON-105093,Pallet,Wood,20.16,10,32,Medium,Minor Damage,73.1,Organic,True,10.52,14.74,39.37,0.0,10.04,2.92,5.84,0.4,3.23,9.68,False,Medium,Hub B,True,True,1.0,Resell
CON-105094,Crate,Metal,29.96,9,17,None,Safe,86.6,None,False,0.0,15.71,64.92,15.39,12.49,6.6,8.29,0.6,65.92,197.75,True,Low,Warehouse A,True,False,1.0,Resell
CON-105095,Tote,Plastic,5.16,27,63,Medium,Moderate Damage,61.44,None,True,7.81,18.08,25.74,1.01,6.29,1.12,2.09,0.1,5.37,16.11,True,Medium,Facility D,False,True,1.0,Refurbish
CON-105096,Tote,Plastic,6.25,9,4,None,Safe,87.45,Organic,False,0.0,8.28,35.54,1.16,6.56,3.75,2.36,0.12,6.5,19.49,True,Low,Depot C,False,False,1.0,Resell
CON-105097,Crate,Plastic,5.54,50,112,Medium,Minor Damage,65.58,Organic,True,16.89,28.36,23.65,1.09,6.39,1.17,2.19,0.11,5.77,17.3,True,Medium,Warehouse A,False,True,0.59,Manual_Review
CON-105098,Box,Plastic,6.36,17,18,Medium,Minor Damage,93.75,None,True,2.48,4.99,12.74,1.39,6.59,1.26,2.39,0.13,6.61,19.83,True,Medium,Warehouse A,True,True,1.0,Resell
CON-105099,Pallet,Plastic,6.45,21,51,Low,Minor Damage,66.22,None,False,2.4,17.67,33.23,1.23,6.61,3.77,2.41,0.13,6.71,20.12,True,Low,Warehouse A,False,False,1.0,Resell
CON-105100,Drum,Plastic,4.87,50,103,Medium,Minor Damage,73.79,None,True,25.72,32.23,34.28,0.98,6.22,1.08,2.02,0.1,5.06,15.19,True,Medium,Warehouse A,False,False,1.0,Resell
CON-105101,Pallet,Plastic,5.16,44,117,Medium,Minor Damage,53.9,None,True,9.04,26.12,16.06,1.08,6.29,1.12,2.09,0.1,5.37,16.1,True,Medium,Depot C,True,True,1.0,Resell
CON-105102,Box,Cardboard,1.57,16,52,Low,Minor Damage,67.8,None,False,0.75,12.28,11.17,0.13,5.39,3.19,1.19,0.03,0.63,1.88,True,Low,Terminal E,True,True,1.0,Resell
CON-105103,Crate,Plastic,5.99,20,59,High,Unsafe,68.72,None,True,33.91,22.59,0.0,1.1,6.5,2.22,2.3,0.12,6.23,18.69,True,High,Hub B,False,False,1.0,Recycle
CON-105104,Tote,Plastic,6.9,47,149,None,Safe,67.11,None,False,0.0,25.83,8.44,1.28,6.72,3.83,2.52,0.14,7.18,21.53,True,Low,Facility D,True,True,1.0,Resell
CON-105105,Drum,Metal,28.03,3,2,High,Moderate Damage,77.62,None,True,61.53,21.56,119.15,13.91,12.01,4.86,7.81,0.56,61.68,185.03,True,Medium,Depot C,True,True,1.0,Resell
CON-105106,Pallet,Plastic,6.61,51,175,Low,Safe,38.58,None,False,2.5,34.21,7.16,1.34,6.65,3.79,2.45,0.13,6.88,20.63,True,Low,Depot C,False,True,1.0,Resell
CON-105107,Drum,Plastic,5.2,26,13,High,Unsafe,86.75,None,True,57.54,21.29,0.0,0.97,6.3,2.12,2.1,0.1,5.41,16.24,True,High,Depot C,True,True,1.0,Recycle
CON-105108,Pallet,Plastic,5.32,37,109,High,Unsafe,65.98,None,True,22.18,23.5,0.0,0.99,6.33,2.14,2.13,0.11,5.54,16.61,True,High,Warehouse A,False,True,1.0,Recycle
CON-105109,Drum,Metal,29.69,25,29,Low,Safe,91.31,None,False,5.24,22.2,89.59,16.08,12.42,6.56,8.22,0.59,65.32,195.96,True,Low,Hub B,False,True,1.0,Resell
CON-105110,Box,Cardboard,1.52,18,38,Low,Safe,81.68,None,False,0.76,8.8,11.33,0.12,5.38,3.18,1.18,0.03,0.61,1.82,True,Low,Warehouse A,True,True,1.0,Resell
CON-105111,Crate,Metal,29.48,10,14,High,Unsafe,91.23,None,True,31.85,14.72,0.0,13.8,12.37,5.04,8.17,0.59,64.86,194.59,True,High,Warehouse A,True,True,1.0,Recycle
CON-105112,Pallet,Plastic,5.52,55,156,None,Safe,62.77,None,False,0.0,28.68,7.15,1.17,6.38,3.66,2.18,0.11,5.74,17.23,True,Low,Warehouse A,True,True,1.0,Resell
CON-105113,Drum,Plastic,6.39,53,139,High,Moderate Damage,53.47,None,True,47.48,38.88,24.06,1.17,6.6,2.27,2.4,0.13,6.65,19.95,True,Medium,Terminal E,False,True,1.0,Resell
CON-105114,Box,Cardboard,1.63,45,157,Low,Safe,44.2,None,False,0.7,26.32,3.39,0.13,5.41,3.2,1.21,0.03,0.65,1.95,True,Low,Warehouse A,True,True,1.0,Resell
CON-105115,Box,Plastic,7.04,5,7,Low,Minor Damage,72.8,None,False,0.84,7.03,12.86,1.39,6.76,3.85,2.56,0.14,7.32,21.97,True,Low,Terminal E,False,False,1.0,Resell
CON-105116,Crate,Plastic,6.34,3,1,Medium,Moderate Damage,94.3,None,True,18.17,12.96,74.69,1.15,6.58,1.26,2.38,0.13,6.59,19.77,True,Medium,Facility D,False,True,1.0,Resell
CON-105117,Crate,Metal,31.74,3,10,Medium,Minor Damage,92.02,None,True,18.05,14.2,76.96,15.58,12.93,4.31,8.73,0.63,69.83,209.48,True,Medium,Warehouse A,True,True,1.0,Resell
CON-105118,Box,Plastic,5.84,47,74,High,Unsafe,58.32,None,True,5.96,15.9,0.0,1.25,6.46,2.2,2.26,0.12,6.07,18.22,True,High,Terminal E,True,True,1.0,Recycle
CON-105119,Pallet,Plastic,6.22,56,54,High,Moderate Damage,73.74,None,True,22.04,16.84,16.92,1.12,6.56,2.25,2.36,0.12,6.47,19.41,True,Medium,Facility D,True,True,1.0,Resell
CON-105120,Box,Plastic,6.26,27,20,Low,Minor Damage,95.56,None,False,0.85,4.92,9.86,1.29,6.56,3.75,2.36,0.13,6.51,19.53,True,Low,Terminal E,False,False,1.0,Resell
CON-105121,Box,Cardboard,1.78,41,76,Medium,Moderate Damage,77.54,None,True,3.13,13.22,6.23,0.15,5.45,0.71,1.25,0.04,0.71,2.14,True,Medium,Terminal E,True,True,1.0,Resell
CON-105122,Crate,Metal,24.29,9,5,None,Safe,75.04,Chemical,False,0.0,16.24,75.42,12.13,27.68,5.91,6.87,0.49,53.43,160.28,True,Medium,Depot C,False,True,1.0,Resell
CON-105123,Tote,Plastic,5.26,43,113,Low,Safe,72.95,None,False,2.22,21.36,14.62,0.99,6.31,3.63,2.11,0.11,5.47,16.4,True,Low,Hub B,True,True,1.0,Resell
CON-105124,Tote,Plastic,5.61,11,23,Critical,Unsafe,87.89,None,True,31.51,10.12,0.0,1.19,6.4,3.67,2.2,0.11,5.83,17.5,True,High,Depot C,True,True,1.0,Recycle
CON-105125,Drum,Metal,35.72,14,30,Low,Safe,90.43,None,False,4.82,22.44,94.33,17.21,13.93,7.29,9.73,0.71,78.58,235.73,True,Low,Warehouse A,True,True,1.0,Resell
CON-105126,Pallet,Wood,23.04,49,117,None,Safe,51.97,None,False,0.0,26.4,14.1,0.0,10.76,5.76,6.56,0.46,3.69,11.06,False,Low,Hub B,False,True,1.0,Resell
CON-105127,Drum,Metal,29.7,14,19,High,Unsafe,90.96,None,True,50.34,21.26,0.0,14.81,12.42,5.06,8.22,0.59,65.34,196.01,True,High,Depot C,True,True,1.0,Recycle
CON-105128,Box,Plastic,6.62,23,67,Medium,Moderate Damage,83.16,None,True,2.42,11.48,9.67,1.28,6.66,1.29,2.46,0.13,6.89,20.66,True,Medium,Terminal E,True,True,1.0,Resell
CON-105129,Drum,Metal,31.31,20,13,Medium,Moderate Damage,73.42,None,True,28.11,23.29,91.08,16.15,12.83,4.26,8.63,0.63,68.88,206.63,True,Medium,Terminal E,False,True,1.0,Resell
CON-105130,Tote,Plastic,4.83,6,12,Low,Safe,71.4,None,False,1.69,11.49,39.67,0.94,6.21,3.58,2.01,0.1,5.03,15.08,True,Low,Facility D,False,True,1.0,Resell
CON-105131,Drum,Metal,28.41,52,170,High,Unsafe,43.97,Chemical,True,60.07,43.4,0.0,15.35,30.26,4.91,7.9,0.57,62.5,187.5,True,High,Warehouse A,False,True,1.0,Recycle
CON-105132,Crate,Plastic,6.07,58,118,High,Moderate Damage,52.48,None,True,37.78,30.93,15.58,1.24,6.52,2.23,2.32,0.12,6.31,18.93,True,Medium,Terminal E,False,True,1.0,Resell
CON-105133,Box,Plastic,5.12,60,159,Medium,Minor Damage,53.28,None,True,2.59,25.16,1.44,0.95,6.28,1.11,2.08,0.1,5.32,15.97,True,Medium,Hub B,False,True,1.0,Resell
CON-105134,Crate,Plastic,5.25,16,16,None,Safe,73.95,None,False,0.0,17.51,59.59,1.01,6.31,3.63,2.11,0.1,5.46,16.37,True,Low,Warehouse A,True,True,1.0,Resell
CON-105135,Tote,Plastic,5.33,19,20,None,Safe,93.88,None,False,0.0,8.92,30.87,1.05,6.33,3.64,2.13,0.11,5.54,16.62,True,Low,Warehouse A,True,True,1.0,Resell
CON-105136,Crate,Metal,24.61,14,16,,Moderate Damage,67.39,None,True,31.61,18.49,62.89,12.01,11.15,4.45,6.95,0.49,54.14,162.42,True,Medium,Warehouse A,True,True,1.0,Resell
CON-105137,Drum,Metal,25.06,24,72,High,Unsafe,70.91,None,True,57.97,29.56,0.0,13.62,11.27,4.51,7.07,0.5,55.14,165.43,True,High,Terminal E,False,True,1.0,Recycle
CON-105138,Drum,Metal,35.36,51,40,Low,Minor Damage,66.12,None,False,5.25,27.08,49.24,19.37,13.84,7.24,9.64,0.71,77.8,233.4,True,Low,Hub B,False,False,1.0,Resell
CON-105139,Drum,Metal,32.1,19,9,None,Safe,89.35,None,False,0.0,20.5,94.91,15.64,13.02,6.85,8.82,0.64,70.61,211.84,True,Low,Depot C,False,False,1.0,Resell
CON-105140,Pallet,Wood,20.87,38,27,Low,Safe,89.71,None,False,2.01,11.74,30.43,0.0,10.22,5.5,6.02,0.42,3.34,10.02,False,Low,Warehouse A,True,True,1.0,Resell
CON-105141,Tote,Plastic,6.81,30,73,High,Moderate Damage,71.7,None,True,17.97,17.54,21.43,1.32,6.7,2.32,2.5,0.14,7.08,21.25,True,Medium,Terminal E,False,True,1.0,Resell
CON-105142,Drum,Plastic,6.51,48,64,None,Safe,77.88,None,False,0.0,27.72,45.59,1.27,6.63,3.78,2.43,0.13,6.78,20.33,True,Low,Facility D,True,True,1.0,Resell
CON-105143,Drum,Plastic,7.19,56,128,Medium,Minor Damage,65.61,None,True,21.27,35.96,22.23,1.56,6.8,1.36,2.6,0.14,7.47,22.42,True,Medium,Warehouse A,True,True,1.0,Resell
CON-105144,Crate,Plastic,6.0,43,56,Medium,Moderate Damage,60.95,None,True,15.3,23.46,35.36,1.09,6.5,1.22,2.3,0.12,6.25,18.74,True,Medium,Facility D,True,True,1.0,Resell
CON-105145,Box,Cardboard,1.26,17,30,Low,Minor Damage,89.71,None,False,0.89,6.79,11.11,0.1,5.32,3.15,1.12,0.03,0.51,1.52,True,Low,Facility D,True,True,1.0,Resell
CON-105146,Pallet,Wood,17.9,53,54,Low,Minor Damage,86.22,None,False,2.26,14.97,19.03,0.0,9.48,5.15,5.28,0.36,2.86,8.59,False,Low,Hub B,True,True,1.0,Resell
CON-105147,Box,Cardboard,1.56,8,5,Low,Safe,78.63,Chemical,False,0.64,5.96,12.79,0.12,13.47,3.19,1.19,0.03,0.62,1.87,True,Medium,Facility D,True,True,1.0,Resell
CON-105148,Crate,Metal,25.01,59,194,Critical,Unsafe,40.41,None,True,58.68,40.34,0.0,11.56,11.25,6.0,7.05,0.5,55.03,165.08,True,High,Depot C,True,True,1.0,Recycle
CON-105149,Pallet,Wood,20.98,23,45,None,Safe,82.26,None,False,0.0,14.66,36.64,0.0,10.25,5.52,6.05,0.42,3.36,10.07,False,Low,Terminal E,False,True,1.0,Resell
CON-105150,Box,Plastic,6.78,24,34,High,Unsafe,88.85,None,True,7.98,7.32,0.0,1.29,6.7,2.31,2.5,0.14,7.06,21.17,True,High,Warehouse A,False,True,1.0,Recycle
CON-105151,Tote,Plastic,5.12,31,55,None,Safe,64.51,Hazardous,False,0.0,16.82,0.0,0.0,37.69,3.61,2.08,0.1,5.33,15.99,False,High,Facility D,True,True,1.0,Dispose
CON-105152,Drum,Metal,29.85,60,149,Medium,Moderate Damage,49.61,None,True,23.03,40.46,13.01,15.22,12.46,4.08,8.26,0.6,65.67,197.01,True,Medium,Facility D,True,True,1.0,Resell
CON-105153,Box,Cardboard,1.57,8,13,High,Moderate Damage,93.26,None,True,7.83,4.56,12.29,0.14,5.39,1.69,1.19,0.03,0.63,1.89,True,Medium,Facility D,True,True,0.78,Manual_Review
CON-105154,Drum,Plastic,5.35,20,40,High,Unsafe,87.93,None,True,53.2,23.81,0.0,0.96,6.34,2.14,2.14,0.11,5.57,16.7,True,High,Warehouse A,False,True,1.0,Recycle
CON-105155,Drum,Metal,31.54,27,68,Critical,Unsafe,73.71,None,True,102.59,28.74,0.0,14.4,12.89,6.78,8.69,0.63,69.39,208.17,True,High,Warehouse A,False,True,1.0,Recycle
CON-105156,Drum,Plastic,5.84,56,153,Critical,Unsafe,67.41,None,True,122.04,38.19,0.0,1.06,6.46,3.7,2.26,0.12,6.08,18.23,True,High,Depot C,True,False,1.0,Recycle
CON-105157,Tote,Plastic,6.69,52,74,,Minor Damage,76.59,None,True,7.27,16.91,12.11,1.37,6.67,1.3,2.47,0.13,6.95,20.86,True,Medium,Terminal E,False,True,1.0,Resell
CON-105158,Drum,Plastic,5.56,12,21,Low,Safe,81.0,None,False,7.08,22.95,98.86,1.1,6.39,3.67,2.19,0.11,5.78,17.34,True,Low,Hub B,True,True,1.0,Resell
CON-105159,Crate,Wood,21.56,54,114,High,Moderate Damage,49.91,None,True,30.98,30.91,17.03,0.0,10.39,4.09,6.19,0.43,3.45,10.35,False,Medium,Terminal E,True,False,1.0,Resell
CON-105160,Drum,Metal,27.58,34,85,Medium,Moderate Damage,60.6,None,True,28.02,32.41,59.86,12.59,11.89,3.81,7.69,0.55,60.67,182.02,True,Medium,Depot C,True,True,1.0,Resell
CON-105161,Tote,Plastic,5.84,45,54,Critical,Unsafe,64.7,None,True,32.09,16.7,0.0,1.09,6.46,3.7,2.26,0.12,6.08,18.23,True,High,Terminal E,False,True,1.0,Recycle
CON-105162,Crate,Wood,18.79,51,57,Low,Safe,74.32,None,False,3.48,21.55,32.86,0.0,9.7,5.26,5.5,0.38,3.01,9.02,False,Low,Terminal E,False,True,1.0,Resell
CON-105163,Crate,Wood,21.67,18,61,Medium,Moderate Damage,80.04,None,True,15.02,21.09,54.87,0.0,10.42,3.1,6.22,0.43,3.47,10.4,False,Medium,Depot C,False,True,1.0,Resell
CON-105164,Drum,Metal,29.67,30,71,Medium,Minor Damage,58.73,Organic,True,19.52,31.29,62.73,14.6,12.42,4.06,8.22,0.59,65.27,195.8,True,Medium,Warehouse A,True,True,1.0,Resell
CON-105165,Pallet,Plastic,6.67,52,147,High,Moderate Damage,65.54,None,True,20.08,27.37,9.71,1.42,6.67,2.3,2.47,0.13,6.93,20.8,True,Medium,Hub B,True,True,1.0,Resell
CON-105166,Crate,Metal,29.2,52,113,Low,Minor Damage,65.66,None,False,4.13,28.45,20.12,13.35,12.3,6.5,8.1,0.58,64.24,192.71,True,Low,Terminal E,True,True,1.0,Resell
CON-105167,Pallet,Plastic,6.61,4,11,None,Safe,83.63,None,False,0.0,11.06,45.24,1.39,6.65,3.79,2.45,0.13,6.87,20.61,True,Low,Warehouse A,True,True,1.0,Resell
CON-105168,Tote,Plastic,5.74,34,113,Medium,Minor Damage,71.39,None,True,7.48,21.59,18.37,1.06,6.44,1.19,2.24,0.11,5.97,17.92,True,Medium,Facility D,True,True,1.0,Resell
CON-105169,Crate,Metal,31.39,18,10,None,Safe,75.77,Organic,False,0.0,16.64,63.55,14.59,12.85,6.77,8.65,0.63,69.06,207.17,True,Low,Terminal E,False,True,1.0,Resell
CON-105170,Pallet,Plastic,7.14,48,163,Low,Minor Damage,67.39,None,False,2.86,28.69,8.78,1.37,6.79,3.86,2.59,0.14,7.43,22.29,True,Low,Facility D,True,True,1.0,Resell
CON-105171,Box,Plastic,5.37,8,16,None,Safe,83.3,None,False,0.0,6.36,12.9,1.02,6.34,3.64,2.14,0.11,5.58,16.74,True,Low,Depot C,True,True,1.0,Resell
CON-105172,Box,Cardboard,1.27,34,22,High,Moderate Damage,72.39,None,True,7.03,8.59,9.85,0.1,5.32,1.65,1.12,0.03,0.51,1.52,True,Medium,Terminal E,True,True,1.0,Resell
CON-105173,Box,Cardboard,1.27,52,134,Medium,Moderate Damage,49.6,Organic,True,2.7,23.21,3.02,0.09,5.32,0.65,1.12,0.03,0.51,1.52,True,Medium,Facility D,True,True,1.0,Resell
CON-105174,Tote,Plastic,5.04,30,17,Low,Minor Damage,77.95,None,False,2.24,11.01,24.25,1.1,6.26,3.61,2.06,0.1,5.24,15.73,True,Low,Hub B,False,True,1.0,Resell
CON-105175,Pallet,Plastic,5.35,50,135,High,Unsafe,50.96,None,True,26.03,28.36,0.0,1.1,6.34,2.14,2.14,0.11,5.56,16.68,True,High,Hub B,False,True,1.0,Recycle
CON-105176,Tote,Plastic,6.51,37,24,None,Safe,73.66,None,False,0.0,12.35,21.79,1.33,6.63,3.78,2.43,0.13,6.77,20.32,True,Low,Terminal E,True,True,1.0,Resell
CON-105177,Crate,Metal,33.4,58,76,Medium,Moderate Damage,60.81,None,True,13.17,25.48,21.07,18.28,13.35,4.51,9.15,0.67,73.49,220.46,True,Medium,Hub B,True,True,1.0,Resell
CON-105178,Drum,Metal,24.18,32,71,High,Unsafe,84.02,None,True,53.38,27.5,0.0,12.86,11.05,4.4,6.85,0.48,53.21,159.62,True,High,Terminal E,True,True,1.0,Recycle
CON-105179,Tote,Plastic,5.55,22,74,None,Safe,77.79,None,False,0.0,16.73,25.44,1.11,6.39,3.67,2.19,0.11,5.77,17.32,True,Low,Terminal E,True,True,1.0,Resell
CON-105180,Pallet,Wood,23.61,43,100,High,Unsafe,71.77,Organic,True,18.62,21.74,0.0,0.0,10.9,4.33,6.7,0.47,3.78,11.33,False,High,Facility D,True,False,1.0,Dispose
CON-105181,Drum,Metal,32.24,41,78,Critical,Unsafe,59.67,Organic,True,120.02,31.85,0.0,14.9,13.06,6.87,8.86,0.64,70.92,212.77,True,High,Hub B,True,True,1.0,Recycle
CON-105182,Pallet,Plastic,4.86,30,45,None,Safe,64.98,None,False,0.0,17.25,32.39,0.97,6.21,3.58,2.01,0.1,5.05,15.15,True,Low,Facility D,True,True,1.0,Resell
CON-105183,Tote,Plastic,5.25,17,27,Medium,Minor Damage,87.55,None,True,7.67,10.57,30.94,1.12,6.31,1.13,2.11,0.11,5.46,16.39,True,Medium,Facility D,True,False,1.0,Resell
CON-105184,Box,Plastic,5.16,50,47,Low,Safe,85.37,None,False,0.69,9.15,5.88,0.95,6.29,3.62,2.09,0.1,5.37,16.11,True,Low,Depot C,True,True,1.0,Resell
CON-105185,Drum,Metal,31.26,7,16,None,Safe,81.0,Organic,False,0.0,22.45,104.55,14.61,12.82,6.75,8.62,0.63,68.78,206.34,True,Low,Facility D,True,False,1.0,Resell
CON-105186,Tote,Plastic,4.93,46,90,Medium,Moderate Damage,64.7,None,True,7.48,20.3,15.15,1.08,6.23,1.09,2.03,0.1,5.12,15.37,True,Medium,Facility D,True,True,1.0,Resell
CON-105187,Tote,Plastic,4.88,23,16,Critical,Unsafe,87.8,None,True,31.82,9.43,0.0,0.97,6.22,3.59,2.02,0.1,5.07,15.21,True,High,Facility D,True,True,1.0,Recycle
CON-105188,Box,Cardboard,1.3,1,0,None,Safe,79.63,None,False,0.0,5.31,15.03,0.1,5.32,3.16,1.12,0.03,0.52,1.56,True,Low,Depot C,True,True,1.0,Resell
CON-105189,Drum,Plastic,5.4,45,23,Medium,Moderate Damage,95.21,None,True,23.51,21.02,58.07,0.99,6.35,1.15,2.15,0.11,5.62,16.85,True,Medium,Depot C,True,True,1.0,Resell
CON-105190,Pallet,Plastic,6.95,57,189,High,Moderate Damage,54.27,None,True,25.27,33.26,4.87,1.51,6.74,2.33,2.54,0.14,7.23,21.68,True,Medium,Hub B,True,True,1.0,Resell
CON-105191,Tote,Plastic,5.29,29,99,Low,Safe,64.97,Organic,False,2.26,21.15,19.36,1.04,6.32,3.64,2.12,0.11,5.51,16.52,True,Low,Warehouse A,False,True,1.0,Resell
CON-105192,Tote,Plastic,6.38,50,74,High,Moderate Damage,76.58,None,True,19.08,16.91,14.97,1.21,6.6,2.27,2.4,0.13,6.64,19.91,True,Medium,Depot C,True,True,1.0,Resell
CON-105193,Pallet,Wood,18.41,52,170,Low,Minor Damage,56.8,Chemical,False,2.92,30.98,6.85,0.0,24.0,5.21,5.4,0.37,2.95,8.84,False,Medium,Facility D,True,True,1.0,Resell
CON-105194,Box,Cardboard,1.48,14,36,Medium,Moderate Damage,66.17,Organic,True,3.44,10.92,12.06,0.12,5.37,0.68,1.17,0.03,0.59,1.78,True,Medium,Warehouse A,False,False,1.0,Resell
CON-105195,Drum,Plastic,7.19,31,72,High,Moderate Damage,67.12,None,True,52.6,30.13,70.68,1.36,6.8,2.36,2.6,0.14,7.48,22.43,True,Medium,Depot C,True,True,1.0,Resell
CON-105196,Pallet,Plastic,5.19,4,5,Low,Safe,95.44,None,False,2.93,8.68,50.53,1.04,6.3,3.62,2.1,0.1,5.4,16.2,True,Low,Warehouse A,True,False,1.0,Resell
CON-105197,Tote,Plastic,5.39,14,28,None,Safe,73.84,None,False,0.0,12.72,33.19,1.03,6.35,3.65,2.15,0.11,5.6,16.8,True,Low,Hub B,True,True,1.0,Resell
CON-105198,Pallet,Plastic,6.26,32,87,Medium,Minor Damage,81.27,None,True,9.86,19.01,24.18,1.17,6.56,1.25,2.36,0.13,6.51,19.52,True,Medium,Terminal E,True,True,1.0,Resell
CON-105199,Box,Cardboard,1.45,54,33,Low,Minor Damage,92.64,None,False,0.81,6.65,6.48,0.12,5.36,3.17,1.16,0.03,0.58,1.74,True,Low,Facility D,True,True,1.0,Resell
CON-105200,Box,Plastic,6.27,18,22,None,Safe,92.37,None,False,0.0,5.6,11.98,1.17,6.57,3.75,2.37,0.13,6.52,19.57,True,Low,Terminal E,True,True,0.56,Manual_Review
CON-105201,Crate,Plastic,4.95,21,57,Low,Safe,68.55,None,False,3.87,22.42,53.18,0.95,6.24,3.59,2.04,0.1,5.15,15.45,True,Low,Warehouse A,True,True,1.0,Resell
CON-105202,Drum,Plastic,5.73,53,40,High,Moderate Damage,84.42,None,True,48.01,24.34,42.84,1.07,6.43,2.19,2.23,0.11,5.96,17.87,True,Medium,Hub B,True,True,1.0,Resell
CON-105203,Tote,Plastic,6.67,14,22,None,Safe,88.33,None,False,0.0,9.95,35.19,1.33,6.67,3.8,2.47,0.13,6.94,20.81,True,Low,Hub B,False,True,1.0,Resell
CON-105204,Box,Cardboard,1.54,27,39,Low,Safe,78.89,None,False,0.89,9.32,10.55,0.13,5.39,3.19,1.19,0.03,0.62,1.85,True,Low,Hub B,True,False,1.0,Resell
CON-105205,Crate,Wood,17.87,19,39,Medium,Minor Damage,91.83,None,True,17.05,17.13,60.76,0.0,9.47,2.64,5.27,0.36,2.86,8.58,False,Medium,Depot C,True,True,1.0,Resell
CON-105206,Drum,Plastic,5.81,5,9,None,Safe,75.9,None,False,0.0,22.52,121.12,1.12,6.45,3.7,2.25,0.12,6.05,18.14,True,Low,Hub B,True,False,1.0,Resell
CON-105207,Drum,Plastic,6.57,28,38,High,Moderate Damage,84.59,None,True,43.87,24.11,72.58,1.38,6.64,2.29,2.44,0.13,6.83,20.49,True,Medium,Depot C,True,True,1.0,Resell
CON-105208,Box,Cardboard,1.23,11,10,Low,Safe,74.54,None,False,0.68,7.07,12.27,0.09,5.31,3.15,1.11,0.02,0.49,1.47,True,Low,Facility D,False,True,0.82,Resell
CON-105209,Box,Plastic,5.82,21,45,Low,Minor Damage,67.8,None,False,0.88,11.58,10.02,1.27,6.46,3.7,2.26,0.12,6.06,18.17,True,Low,Depot C,True,True,1.0,Resell
CON-105210,Drum,Metal,29.82,37,35,None,Safe,63.53,None,False,0.0,26.97,60.65,13.83,12.46,6.58,8.26,0.6,65.61,196.84,True,Low,Terminal E,True,True,1.0,Resell
CON-105211,Tote,Plastic,6.73,22,32,Low,Safe,79.34,None,False,2.25,12.3,30.59,1.43,6.68,3.81,2.48,0.13,7.0,21.01,True,Low,Terminal E,True,False,0.78,Manual_Review
CON-105212,Tote,Plastic,5.44,4,2,Medium,Minor Damage,73.08,None,True,8.1,10.24,36.93,1.18,6.36,1.15,2.16,0.11,5.66,16.98,True,Medium,Facility D,False,False,1.0,Resell
CON-105213,Drum,Plastic,6.97,39,63,Low,Minor Damage,83.37,None,False,6.8,26.79,60.05,1.29,6.74,3.84,2.54,0.14,7.25,21.74,True,Low,Facility D,False,False,1.0,Resell
CON-105214,Tote,Plastic,6.15,38,111,Low,Safe,52.57,None,False,2.35,24.21,15.92,1.26,6.54,3.74,2.34,0.12,6.4,19.2,True,Low,Hub B,True,True,1.0,Resell
CON-105215,Pallet,Wood,18.53,50,169,Low,Minor Damage,65.2,None,False,2.46,29.62,8.4,0.0,9.63,5.22,5.43,0.37,2.96,8.89,False,Low,Depot C,True,True,1.0,Resell
CON-105216,Box,Cardboard,1.25,24,34,Low,Minor Damage,82.41,None,False,0.9,8.29,9.71,0.1,5.31,3.15,1.11,0.02,0.5,1.5,True,Low,Facility D,True,False,1.0,Resell
CON-105217,Pallet,Wood,22.47,15,15,High,Unsafe,71.45,None,True,21.98,13.28,0.0,0.0,10.62,4.2,6.42,0.45,3.59,10.78,False,High,Terminal E,False,True,1.0,Dispose
CON-105218,Pallet,Wood,21.3,53,47,None,Safe,72.65,None,False,0.0,16.3,17.31,0.0,10.33,5.56,6.13,0.43,3.41,10.23,False,Low,Depot C,True,True,1.0,Resell
CON-105219,Pallet,Wood,17.94,9,15,Low,Safe,94.3,None,False,2.29,9.86,47.54,0.0,9.48,5.15,5.28,0.36,2.87,8.61,False,Low,Facility D,True,True,1.0,Resell
CON-105220,Tote,Plastic,5.13,10,11,Low,Safe,78.18,None,False,2.26,10.37,36.16,1.07,6.28,3.62,2.08,0.1,5.33,15.99,True,Low,Warehouse A,True,True,1.0,Resell
CON-105221,Pallet,Plastic,6.03,31,33,Medium,Minor Damage,72.18,Chemical,True,10.64,14.97,32.55,1.23,16.27,1.22,2.31,0.12,6.27,18.8,True,Medium,Depot C,True,True,1.0,Resell
CON-105222,Drum,Plastic,5.36,42,95,Low,Safe,62.32,None,False,6.59,33.15,43.26,0.97,6.34,3.64,2.14,0.11,5.58,16.73,True,Low,Terminal E,True,True,1.0,Repair
CON-105223,Box,Plastic,6.22,41,126,Medium,Moderate Damage,50.85,None,True,2.5,22.22,4.81,1.25,6.55,1.25,2.35,0.12,6.47,19.4,True,Medium,Depot C,False,True,1.0,Resell
CON-105224,Crate,Wood,18.99,4,3,Low,Minor Damage,71.03,Hazardous,False,4.17,16.65,0.0,0.0,58.49,5.28,5.55,0.38,3.04,9.12,False,High,Hub B,True,False,1.0,Dispose
CON-105225,Crate,Wood,19.8,49,166,High,Unsafe,64.15,Chemical,True,29.19,33.98,0.0,0.0,24.88,3.88,5.75,0.4,3.17,9.51,False,High,Depot C,True,True,1.0,Dispose
CON-105226,Pallet,Wood,17.56,23,26,Medium,Moderate Damage,84.9,Organic,True,9.44,12.37,36.64,0.0,9.39,2.61,5.19,0.35,2.81,8.43,False,Medium,Terminal E,False,True,0.85,Resell
CON-105227,Crate,Plastic,4.84,41,71,High,Unsafe,60.3,None,True,31.3,25.05,0.0,0.9,6.21,2.08,2.01,0.1,5.03,15.09,True,High,Depot C,False,True,1.0,Recycle
CON-105228,Drum,Plastic,6.73,29,84,Low,Safe,81.92,None,False,4.85,29.11,67.72,1.24,6.68,3.81,2.48,0.13,6.99,20.98,True,Low,Warehouse A,True,True,1.0,Resell
CON-105229,Pallet,Wood,18.84,20,23,None,Safe,73.78,None,False,0.0,13.73,35.89,0.0,9.71,5.26,5.51,0.38,3.01,9.04,False,Low,Hub B,False,True,1.0,Resell
CON-105230,Drum,Plastic,6.49,57,45,Low,Safe,88.58,None,False,7.12,24.21,39.95,1.21,6.62,3.78,2.42,0.13,6.75,20.25,True,Low,Depot C,False,True,1.0,Resell
CON-105231,Tote,Plastic,5.14,45,150,Critical,Unsafe,63.47,Organic,True,37.22,26.48,0.0,1.07,6.29,3.62,2.09,0.1,5.35,16.05,True,High,Terminal E,False,True,1.0,Recycle
CON-105232,Tote,Plastic,6.19,6,3,None,Safe,88.8,None,False,0.0,7.98,33.85,1.23,6.55,3.74,2.35,0.12,6.44,19.32,True,Low,Warehouse A,True,True,1.0,Resell
CON-105233,Pallet,Plastic,6.18,43,90,Medium,Minor Damage,58.79,None,True,8.8,22.68,20.06,1.32,6.55,1.24,2.35,0.12,6.43,19.28,True,Medium,Warehouse A,True,False,1.0,Resell
CON-105234,Crate,Wood,21.2,41,94,High,Moderate Damage,60.07,None,True,42.71,27.39,31.0,0.0,10.3,4.04,6.1,0.42,3.39,10.18,False,Medium,Terminal E,True,True,1.0,Resell
CON-105235,Tote,Plastic,5.09,41,59,Medium,Moderate Damage,64.38,Organic,True,9.3,17.24,19.19,1.05,6.27,1.11,2.07,0.1,5.3,15.89,True,Medium,Depot C,False,False,1.0,Resell
CON-105236,Tote,Plastic,7.08,59,133,High,Moderate Damage,50.37,None,True,18.45,26.74,5.9,1.39,6.77,2.35,2.57,0.14,7.36,22.08,True,Medium,Warehouse A,True,True,1.0,Resell
CON-105237,Tote,Plastic,6.8,3,4,Medium,Moderate Damage,87.12,None,True,8.93,8.33,42.09,1.42,6.7,1.32,2.5,0.14,7.07,21.2,True,Medium,Terminal E,True,True,1.0,Resell
CON-105238,Tote,Plastic,6.95,58,62,Low,Minor Damage,76.69,None,False,1.9,15.7,12.6,1.47,6.74,3.83,2.54,0.14,7.23,21.7,True,Low,Terminal E,True,True,1.0,Resell
CON-105239,Drum,Metal,31.27,56,59,Medium,Minor Damage,75.19,None,True,24.55,27.62,40.11,15.41,12.82,4.25,8.62,0.63,68.79,206.37,True,Medium,Hub B,True,False,1.0,Resell
CON-105240,Crate,Wood,16.94,12,15,None,,88.12,None,False,0.0,15.28,70.24,0.0,9.23,5.03,5.03,0.34,2.71,8.13,False,Low,Hub B,True,True,1.0,Resell
CON-105241,Tote,Plastic,5.07,59,117,High,Unsafe,51.32,None,True,17.13,25.0,0.0,0.92,6.27,2.11,2.07,0.1,5.28,15.83,True,High,Facility D,True,True,1.0,Recycle
CON-105242,Pallet,Wood,21.28,55,97,None,Safe,58.97,None,False,0.0,23.35,12.78,0.0,10.32,5.55,6.12,0.43,3.41,10.22,False,Low,Terminal E,False,True,1.0,Resell
CON-105243,Crate,Wood,16.11,45,32,None,Safe,89.72,Chemical,False,0.0,16.74,39.69,0.0,22.57,4.93,4.83,0.32,2.58,7.73,False,Medium,Warehouse A,True,True,1.0,Resell
CON-105244,Pallet,Wood,20.04,52,170,High,Unsafe,43.42,None,True,25.37,32.99,0.0,0.0,10.01,3.9,5.81,0.4,3.21,9.62,False,High,Hub B,True,True,1.0,Dispose
CON-105245,Crate,Metal,34.39,12,37,None,Safe,92.34,None,False,0.0,16.85,68.09,18.29,13.6,7.13,9.4,0.69,75.66,226.99,True,Low,Terminal E,True,True,1.0,Resell
CON-105246,Tote,Plastic,6.07,17,53,Low,Minor Damage,85.2,None,False,2.21,13.52,27.47,1.17,6.52,3.73,2.32,0.12,6.32,18.95,True,Low,Hub B,False,True,1.0,Resell
CON-105247,Pallet,Wood,23.59,14,12,Low,Minor Damage,84.91,None,False,2.21,10.96,37.79,0.0,10.9,5.83,6.7,0.47,3.77,11.32,False,Low,Hub B,True,False,1.0,Resell
CON-105248,Drum,Plastic,6.0,3,4,Low,Safe,72.02,None,False,6.7,22.6,115.72,1.26,6.5,3.72,2.3,0.12,6.24,18.72,True,Low,Hub B,False,True,1.0,Resell
CON-105249,Tote,Plastic,5.58,16,46,None,Safe,72.38,None,False,0.0,14.74,29.27,1.01,6.39,3.67,2.19,0.11,5.8,17.39,True,Low,Depot C,False,True,1.0,Resell
CON-105250,Drum,Metal,35.5,7,14,None,Safe,70.55,None,False,0.0,23.82,102.52,17.64,13.87,7.26,9.67,0.71,78.1,234.29,True,Low,Depot C,True,True,1.0,Resell
CON-105251,Crate,Metal,24.53,52,75,Medium,Minor Damage,55.08,None,True,18.62,26.24,28.08,12.62,11.13,3.44,6.93,0.49,53.98,161.93,True,Medium,Hub B,True,True,1.0,Resell
CON-105252,Tote,Plastic,6.87,16,18,Medium,Minor Damage,91.58,None,True,8.0,9.06,34.75,1.26,6.72,1.32,2.52,0.14,7.15,21.45,True,Medium,Hub B,False,False,0.81,Resell
CON-105253,Crate,Metal,28.38,42,142,Medium,Moderate Damage,47.84,None,True,15.21,34.02,24.58,14.47,12.09,3.91,7.89,0.57,62.43,187.3,True,Medium,Facility D,True,True,1.0,Resell
CON-105254,Box,Cardboard,1.26,46,51,Medium,Minor Damage,77.94,None,True,2.67,10.66,7.16,0.11,5.32,0.65,1.12,0.03,0.5,1.51,True,Medium,Facility D,True,True,1.0,Resell
CON-105255,Crate,Wood,18.67,41,31,None,Safe,88.52,None,False,0.0,16.82,39.88,0.0,9.67,5.24,5.47,0.37,2.99,8.96,False,Low,Terminal E,False,True,1.0,Resell
CON-105256,Tote,Plastic,5.1,41,100,Low,Safe,75.34,None,False,2.01,19.7,15.15,0.97,6.27,3.61,2.07,0.1,5.3,15.91,True,Low,Warehouse A,True,True,1.0,Resell
CON-105257,Tote,Plastic,5.63,43,60,Medium,Moderate Damage,66.0,None,True,6.73,17.1,18.61,1.08,6.41,1.18,2.21,0.11,5.85,17.55,True,Medium,Depot C,True,False,1.0,Resell
CON-105258,Drum,Metal,34.91,23,18,Low,Minor Damage,72.94,None,False,5.5,23.86,86.3,16.66,13.73,7.19,9.53,0.7,76.8,230.4,True,Low,Depot C,False,True,1.0,Resell
CON-105259,Drum,Plastic,6.14,45,119,High,Unsafe,48.15,None,True,50.91,37.68,0.0,1.23,6.53,2.24,2.33,0.12,6.38,19.15,True,High,Hub B,True,True,1.0,Recycle
CON-105260,Box,Plastic,4.85,9,16,Low,Minor Damage,76.56,None,False,0.74,7.37,13.0,0.97,6.21,3.58,2.01,0.1,5.05,15.14,True,Low,Warehouse A,True,True,1.0,Resell
CON-105261,Drum,Metal,29.27,22,33,Medium,Moderate Damage,73.5,None,True,27.41,25.28,84.7,15.29,12.32,4.01,8.12,0.59,64.4,193.21,True,Medium,Warehouse A,True,True,1.0,Resell
CON-105262,Box,Cardboard,1.44,52,81,Medium,Moderate Damage,78.43,None,True,3.39,13.59,5.23,0.13,5.36,0.67,1.16,0.03,0.58,1.73,True,Medium,Terminal E,False,True,1.0,Resell
CON-105263,Box,Plastic,6.33,13,40,Low,Minor Damage,81.8,None,False,0.9,8.98,12.49,1.25,6.58,3.76,2.38,0.13,6.58,19.75,True,Low,Hub B,False,True,1.0,Resell
CON-105264,Crate,Metal,32.89,10,30,Medium,Moderate Damage,91.83,None,True,16.16,16.23,63.24,17.8,13.22,4.45,9.02,0.66,72.36,217.07,True,Medium,Facility D,False,False,1.0,Resell
CON-105265,Box,Plastic,6.2,59,90,Medium,Minor Damage,73.79,None,True,3.54,15.18,3.18,1.34,6.55,1.24,2.35,0.12,6.45,19.36,True,Medium,Depot C,False,True,1.0,Resell
CON-105266,Box,Plastic,6.18,30,77,Critical,Unsafe,72.68,None,True,11.56,14.05,0.0,1.19,6.54,3.74,2.34,0.12,6.42,19.27,True,High,Depot C,True,True,1.0,Recycle
CON-105267,Crate,Wood,16.99,59,159,High,Moderate Damage,58.51,None,True,29.42,34.12,7.98,0.0,9.25,3.54,5.05,0.34,2.72,8.16,False,Medium,Facility D,False,True,1.0,Resell
CON-105268,Drum,Metal,30.67,46,55,Low,Minor Damage,76.99,None,False,5.66,26.95,55.41,14.58,12.67,6.68,8.47,0.61,67.48,202.43,True,Low,Terminal E,False,True,1.0,Resell
CON-105269,Tote,Plastic,6.29,19,36,Low,Minor Damage,72.12,None,False,2.3,13.78,31.3,1.16,6.57,3.75,2.37,0.13,6.54,19.62,True,Low,Terminal E,False,True,1.0,Resell
CON-105270,Tote,Plastic,5.09,60,197,Low,Safe,40.88,None,False,1.61,34.57,3.95,0.92,6.27,3.61,2.07,0.1,5.29,15.87,True,Low,Depot C,True,True,1.0,Resell
CON-105271,Crate,Metal,35.99,7,3,Medium,Moderate Damage,79.32,None,True,17.86,15.4,73.49,18.79,14.0,4.82,9.8,0.72,79.17,237.52,True,Medium,Facility D,True,True,1.0,Resell
CON-105272,Crate,Wood,16.16,42,122,Critical,Unsafe,56.5,None,True,64.18,30.73,0.0,0.0,9.04,4.94,4.84,0.32,2.58,7.75,False,High,Facility D,True,True,1.0,Dispose
CON-105273,Pallet,Wood,17.97,4,9,High,Unsafe,90.97,Organic,True,18.49,9.75,0.0,0.0,9.49,3.66,5.29,0.36,2.87,8.62,False,High,Terminal E,True,False,1.0,Dispose
CON-105274,Crate,Wood,19.63,20,16,None,Safe,75.05,None,False,0.0,17.34,55.51,0.0,9.91,5.36,5.71,0.39,3.14,9.42,False,Low,Hub B,False,True,1.0,Resell
CON-105275,Tote,Plastic,4.98,34,75,Medium,Moderate Damage,81.08,None,True,6.88,16.34,18.48,1.06,6.24,1.1,2.04,0.1,5.18,15.53,True,Medium,Terminal E,False,False,1.0,Resell
CON-105276,Box,Cardboard,1.65,10,15,Low,Safe,73.65,None,False,0.84,7.7,12.87,0.12,5.41,3.2,1.21,0.03,0.66,1.98,True,Low,Warehouse A,True,True,1.0,Resell
CON-105277,Tote,Plastic,5.36,12,40,Medium,Minor Damage,81.68,None,True,7.65,12.75,33.77,1.15,6.34,1.14,2.14,0.11,5.58,16.73,True,Medium,Warehouse A,True,True,1.0,Resell
CON-105278,Tote,Plastic,6.63,57,77,None,Safe,81.41,Organic,False,0.0,16.49,10.75,1.2,6.66,3.8,2.46,0.13,6.89,20.67,True,Low,Warehouse A,True,True,1.0,Resell
CON-105279,Crate,Wood,18.08,16,25,None,Safe,83.01,Chemical,False,0.0,17.05,63.65,0.0,23.8,5.17,5.32,0.36,2.89,8.68,False,Medium,Terminal E,True,True,1.0,Resell
CON-105280,Drum,Metal,24.02,37,110,Low,Minor Damage,54.61,Chemical,False,7.04,35.81,52.91,11.32,27.51,5.88,6.81,0.48,52.85,158.55,True,Medium,Warehouse A,True,True,1.0,Resell
CON-105281,Box,Plastic,6.79,13,11,None,Safe,88.7,None,False,0.0,5.05,13.78,1.35,6.7,3.81,2.5,0.14,7.06,21.17,True,Low,Hub B,True,True,1.0,Resell
CON-105282,Tote,Plastic,4.85,35,36,None,Safe,74.45,None,False,0.0,13.43,20.85,0.89,6.21,3.58,2.01,0.1,5.05,15.14,True,Low,Hub B,False,True,1.0,Resell
CON-105283,Box,Cardboard,1.6,55,44,Medium,Minor Damage,77.75,None,True,3.54,9.99,5.14,0.13,5.4,0.69,1.2,0.03,0.64,1.92,True,Medium,Terminal E,True,True,0.58,Manual_Review
CON-105284,Box,Plastic,6.42,29,71,High,Moderate Damage,58.66,None,True,6.65,15.55,9.26,1.36,6.61,2.27,2.41,0.13,6.68,20.04,True,Medium,Terminal E,False,True,1.0,Resell
CON-105285,Crate,Metal,35.35,49,117,High,Moderate Damage,56.64,None,True,32.43,30.2,20.63,17.32,13.84,5.74,9.64,0.71,77.77,233.32,True,Medium,Terminal E,True,True,1.0,Resell
CON-105286,Drum,Plastic,5.23,21,41,None,Safe,91.51,None,False,0.0,23.37,91.02,0.97,6.31,3.63,2.11,0.1,5.44,16.33,True,Low,Depot C,True,True,1.0,Resell
CON-105287,Pallet,Wood,17.35,14,37,High,Moderate Damage,90.54,Organic,True,22.94,12.62,40.04,0.0,9.34,3.58,5.14,0.35,2.78,8.33,False,Medium,Facility D,True,True,1.0,Resell
CON-105288,Pallet,Plastic,5.81,5,11,High,Unsafe,92.04,Organic,True,22.42,9.79,0.0,1.12,6.45,2.2,2.25,0.12,6.04,18.12,True,High,Hub B,False,False,1.0,Recycle
CON-105289,Pallet,Plastic,5.61,14,47,None,Safe,81.82,None,False,0.0,14.93,36.83,1.19,6.4,3.67,2.2,0.11,5.84,17.52,True,Low,Terminal E,True,True,1.0,Resell
CON-105290,Drum,Metal,35.38,32,25,Low,Minor Damage,78.4,Hazardous,False,5.06,23.74,0.0,0.0,83.07,7.25,9.65,0.71,77.84,233.52,False,High,Facility D,False,True,1.0,Dispose
CON-105291,Tote,Plastic,7.18,26,41,Low,Safe,79.93,None,False,1.64,13.11,28.57,1.35,6.79,3.86,2.59,0.14,7.46,22.39,True,Low,Facility D,True,True,1.0,Resell
CON-105292,Drum,Metal,34.08,55,51,Medium,Minor Damage,80.27,None,True,26.34,26.06,39.63,18.12,13.52,4.59,9.32,0.68,74.98,224.94,True,Medium,Hub B,False,True,1.0,Resell
CON-105293,Tote,Plastic,6.48,37,35,None,Safe,74.66,Organic,False,0.0,13.3,20.42,1.4,6.62,3.78,2.42,0.13,6.74,20.22,True,Low,Warehouse A,False,True,1.0,Resell
CON-105294,Tote,Plastic,6.26,41,94,High,Moderate Damage,65.77,None,True,15.47,20.53,16.64,1.32,6.57,2.25,2.37,0.13,6.51,19.54,True,Medium,Facility D,False,False,1.0,Resell
CON-105295,Pallet,Wood,18.09,54,112,High,Moderate Damage,65.32,None,True,18.76,23.9,11.62,0.0,9.52,3.67,5.32,0.36,2.89,8.68,False,Medium,Facility D,True,True,1.0,Resell
CON-105296,Tote,Plastic,4.85,1,1,Low,Safe,73.29,None,False,2.21,10.11,42.49,0.88,6.21,3.58,2.01,0.1,5.05,15.14,True,Low,Facility D,False,True,1.0,Resell
CON-105297,Crate,Wood,21.48,28,51,High,Moderate Damage,80.76,None,True,29.1,19.99,50.99,0.0,10.37,4.08,6.17,0.43,3.44,10.31,False,Medium,Terminal E,True,True,1.0,Resell
CON-105298,Crate,Metal,28.92,19,30,Low,Safe,74.12,None,False,4.23,18.88,58.17,13.77,12.23,6.47,8.03,0.58,63.62,190.86,True,Low,Facility D,True,True,1.0,Resell
CON-105299,Pallet,Wood,21.95,21,46,None,Safe,88.55,None,False,0.0,13.82,34.95,0.0,10.49,5.63,6.29,0.44,3.51,10.54,False,Low,Depot C,False,True,1.0,Resell
CON-105300,Pallet,Plastic,5.96,8,6,None,Safe,91.22,None,False,0.0,9.42,48.64,1.08,6.49,3.72,2.29,0.12,6.2,18.6,True,Low,Hub B,True,True,1.0,Resell
CON-105301,Drum,Plastic,5.28,45,37,Low,Safe,69.63,Organic,False,5.72,26.26,52.84,0.95,6.32,3.63,2.12,0.11,5.49,16.48,True,Low,Hub B,False,False,1.0,Resell
CON-105302,Drum,Metal,28.13,3,10,Low,Minor Damage,85.98,None,False,4.81,21.1,122.44,14.32,12.03,6.38,7.83,0.56,61.88,185.63,True,Low,Hub B,True,False,1.0,Resell
CON-105303,Pallet,Plastic,6.33,14,39,Low,Safe,88.88,Organic,False,2.72,13.07,38.91,1.18,6.58,3.76,2.38,0.13,6.59,19.76,True,Low,Facility D,True,False,1.0,Resell
CON-105304,Drum,Metal,35.26,25,75,Medium,Moderate Damage,65.02,Organic,True,24.95,30.75,72.32,16.74,13.82,4.73,9.62,0.71,77.58,232.73,True,Medium,Facility D,True,False,1.0,Resell
CON-105305,Tote,Plastic,6.41,9,11,Low,Safe,83.03,None,False,2.28,9.64,37.33,1.2,6.6,3.77,2.4,0.13,6.66,19.99,True,Low,Facility D,True,True,1.0,Resell
CON-105306,Tote,Plastic,5.59,35,48,,Safe,82.04,None,False,0.0,13.49,20.76,1.2,6.4,3.67,2.2,0.11,5.81,17.43,True,Low,Warehouse A,True,True,1.0,Resell
CON-105307,Pallet,Wood,20.7,17,26,None,Safe,93.49,None,False,0.0,11.08,40.15,0.0,10.17,5.48,5.97,0.41,3.31,9.93,False,Low,Depot C,True,True,1.0,Resell
CON-105308,Tote,Plastic,6.37,57,78,High,Moderate Damage,57.05,Organic,True,19.5,20.24,10.47,1.34,6.59,2.26,2.39,0.13,6.62,19.87,True,Medium,Hub B,True,True,1.0,Resell
CON-105309,Box,Cardboard,1.4,58,34,None,Safe,71.27,None,False,0.0,9.96,4.81,0.11,5.35,3.17,1.15,0.03,0.56,1.68,True,Low,Warehouse A,False,True,1.0,Resell
CON-105310,Pallet,Plastic,6.2,24,19,None,Safe,82.28,None,False,0.0,12.06,36.19,1.13,6.55,3.74,2.35,0.12,6.45,19.36,True,Low,Hub B,True,True,1.0,Resell
CON-105311,Tote,Plastic,4.97,19,60,Medium,Minor Damage,61.31,Organic,True,6.71,17.8,26.51,0.95,6.24,1.1,2.04,0.1,5.17,15.51,True,Medium,Depot C,False,True,1.0,Resell
CON-105312,Box,Cardboard,1.51,7,18,High,Moderate Damage,89.59,None,True,5.41,5.61,14.4,0.11,5.38,1.68,1.18,0.03,0.6,1.81,True,Medium,Warehouse A,False,True,1.0,Resell
CON-105313,Tote,Plastic,5.7,10,25,Medium,Minor Damage,72.08,None,True,8.14,12.69,33.23,1.05,6.43,1.18,2.23,0.11,5.93,17.8,True,Medium,Facility D,False,True,1.0,Resell
CON-105314,Pallet,Wood,19.74,46,92,Low,Safe,68.01,None,False,2.03,21.5,18.03,0.0,9.93,5.37,5.73,0.39,3.16,9.47,False,Low,Depot C,False,True,1.0,Resell
CON-105315,Box,Cardboard,1.7,45,116,High,Moderate Damage,73.64,None,True,6.94,17.8,4.51,0.14,5.43,1.7,1.23,0.03,0.68,2.04,True,Medium,Warehouse A,True,True,1.0,Resell
CON-105316,Crate,Wood,21.04,23,58,Low,Safe,84.23,None,False,4.58,20.17,56.15,0.0,10.26,5.52,6.06,0.42,3.37,10.1,False,Low,Depot C,True,True,1.0,Resell
CON-105317,Box,Plastic,7.02,25,43,None,Safe,73.37,Chemical,False,0.0,10.55,10.37,1.33,16.89,3.84,2.56,0.14,7.3,21.91,True,Medium,Facility D,True,True,1.0,Resell
CON-105318,Box,Plastic,6.42,9,28,Low,Minor Damage,94.06,None,False,0.65,5.94,12.9,1.18,6.61,3.77,2.41,0.13,6.68,20.03,True,Low,Depot C,True,True,1.0,Resell
CON-105319,Crate,Metal,32.02,22,22,Medium,Moderate Damage,77.38,None,True,17.03,17.59,60.28,16.48,13.0,4.34,8.8,0.64,70.44,211.33,True,Medium,Terminal E,False,True,1.0,Resell
CON-105320,Drum,Metal,24.57,26,57,,Minor Damage,67.81,Organic,True,24.56,28.53,72.5,11.12,11.14,3.45,6.94,0.49,54.05,162.15,True,Medium,Warehouse A,True,True,1.0,Resell
CON-105321,Drum,Metal,33.08,22,30,Low,Minor Damage,80.69,Chemical,False,5.6,23.9,94.79,14.97,33.18,6.97,9.07,0.66,72.78,218.35,True,Medium,Depot C,True,True,1.0,Resell
CON-105322,Crate,Metal,30.94,60,194,Medium,Minor Damage,44.55,None,True,15.38,39.72,8.2,16.53,12.74,4.21,8.54,0.62,68.08,204.23,True,Medium,Depot C,True,True,1.0,Resell
CON-105323,Crate,Wood,22.96,9,28,Medium,Moderate Damage,67.23,None,True,17.35,19.72,74.11,0.0,10.74,3.25,6.54,0.46,3.67,11.02,False,Medium,Facility D,True,True,1.0,Resell
CON-105324,Crate,Wood,23.3,2,3,Critical,Unsafe,99.19,None,True,69.74,12.42,0.0,0.0,10.83,5.8,6.63,0.47,3.73,11.19,False,High,Hub B,True,True,1.0,Dispose
CON-105325,Crate,Plastic,5.7,26,29,High,Moderate Damage,83.04,None,True,31.07,17.44,55.64,1.15,6.42,2.18,2.22,0.11,5.93,17.78,True,Medium,Facility D,True,False,1.0,Resell
CON-105326,Tote,Plastic,5.33,37,129,High,Moderate Damage,73.55,None,True,18.32,22.87,15.32,1.11,6.33,2.14,2.13,0.11,5.54,16.63,True,Medium,Warehouse A,True,False,1.0,Resell
CON-105327,Drum,Plastic,6.35,2,1,None,Safe,,Chemical,False,0.0,18.42,106.12,1.22,16.47,3.76,2.39,0.13,6.6,19.8,True,Medium,Terminal E,True,True,1.0,Resell
CON-105328,Pallet,Wood,20.1,41,66,Medium,Minor Damage,62.63,None,True,9.17,19.71,22.69,0.0,10.02,2.91,5.82,0.4,3.22,9.65,False,Medium,Terminal E,False,True,1.0,Resell
CON-105329,Pallet,Plastic,6.79,6,4,Low,Minor Damage,69.28,None,False,2.61,12.51,42.43,1.26,6.7,3.81,2.5,0.14,7.06,21.19,True,Low,Facility D,True,True,1.0,Resell
CON-105330,Drum,Plastic,6.22,31,40,Low,Minor Damage,69.61,None,False,5.67,26.56,65.89,1.31,6.55,3.75,2.35,0.12,6.46,19.39,True,Low,Hub B,False,True,1.0,Resell
CON-105331,Drum,Metal,28.9,53,158,Critical,Unsafe,58.23,None,True,88.1,40.06,0.0,15.05,12.23,6.47,8.03,0.58,63.59,190.76,True,High,Terminal E,False,True,1.0,Recycle
CON-105332,Pallet,Plastic,5.05,47,121,High,Unsafe,60.76,None,True,22.56,25.49,0.0,0.92,6.26,2.11,2.06,0.1,5.25,15.76,True,High,Hub B,False,False,1.0,Recycle
CON-105333,Pallet,Plastic,6.73,34,57,None,Safe,67.87,None,False,0.0,18.02,28.36,1.24,6.68,3.81,2.48,0.13,7.0,21.0,True,Low,Terminal E,True,True,1.0,Resell
CON-105334,Drum,Metal,29.7,11,18,Medium,Moderate Damage,82.52,None,True,24.33,22.42,95.83,15.05,12.43,4.06,8.23,0.59,65.34,196.03,True,Medium,Depot C,False,True,1.0,Resell
CON-105335,Crate,Wood,18.11,59,93,High,Moderate Damage,79.44,None,True,29.62,24.38,16.84,0.0,9.53,3.67,5.33,0.36,2.9,8.69,False,Medium,Terminal E,True,True,1.0,Resell
CON-105336,Pallet,Wood,22.98,24,83,Low,Safe,82.0,None,False,2.72,18.5,30.68,0.0,10.74,5.76,6.54,0.46,3.68,11.03,False,Low,Facility D,True,True,1.0,Resell
CON-105337,Tote,Plastic,5.82,7,16,None,Safe,88.26,None,False,0.0,9.36,34.94,1.07,6.46,3.7,2.26,0.12,6.05,18.16,True,Low,Facility D,False,True,1.0,Resell
CON-105338,Drum,Metal,33.99,50,92,High,Unsafe,55.6,None,True,61.68,33.86,0.0,17.59,13.5,5.58,9.3,0.68,74.79,224.36,True,High,Terminal E,False,True,1.0,Recycle
CON-105339,Box,Cardboard,1.59,50,157,Low,Safe,60.39,None,False,0.8,23.89,2.77,0.13,5.4,3.19,1.2,0.03,0.64,1.91,True,Low,Warehouse A,True,True,1.0,Resell
CON-105340,Crate,Metal,24.67,48,132,Medium,Minor Damage,,Chemical,True,18.84,30.03,22.38,12.72,27.92,3.46,6.97,0.49,54.28,162.84,True,Medium,Terminal E,True,True,1.0,Resell
CON-105341,Crate,Metal,28.79,21,55,Low,Minor Damage,72.64,None,False,4.16,21.6,59.43,15.29,12.2,6.46,8.0,0.58,63.35,190.04,True,Low,Depot C,True,True,1.0,Resell
CON-105342,Pallet,Plastic,4.97,31,17,Low,Minor Damage,95.74,None,False,2.19,9.84,35.19,0.91,6.24,3.6,2.04,0.1,5.17,15.51,True,Low,Warehouse A,True,True,1.0,Resell
CON-105343,Drum,Metal,29.18,3,8,Low,Safe,70.53,None,False,5.94,23.22,119.68,14.42,12.29,6.5,8.09,0.58,64.19,192.57,True,Low,Facility D,True,True,1.0,Resell
CON-105344,Crate,Plastic,6.71,58,58,High,Unsafe,87.41,None,True,29.34,19.69,0.0,1.21,6.68,2.31,2.48,0.13,6.98,20.95,True,High,Warehouse A,True,False,1.0,Recycle
CON-105345,Drum,Metal,32.27,12,8,Medium,Minor Damage,94.75,None,True,26.8,19.59,105.82,17.21,13.07,4.37,8.87,0.65,70.99,212.97,True,Medium,Terminal E,False,True,1.0,Resell
CON-105346,Tote,Plastic,6.71,11,13,High,Unsafe,75.33,None,True,16.01,11.0,0.0,1.28,6.68,2.31,2.48,0.13,6.98,20.94,True,High,Facility D,True,True,1.0,Recycle
CON-105347,Crate,Wood,21.63,38,96,High,Moderate Damage,61.47,None,True,30.84,27.38,36.62,0.0,10.41,4.1,6.21,0.43,3.46,10.38,False,Medium,Warehouse A,True,True,1.0,Resell
CON-105348,Crate,Wood,16.21,53,92,Critical,Unsafe,53.05,None,True,63.75,28.24,0.0,0.0,9.05,4.94,4.85,0.32,2.59,7.78,False,High,Hub B,True,True,1.0,Dispose
CON-105349,Box,Cardboard,1.61,31,19,Medium,Moderate Damage,82.58,None,True,2.77,6.76,10.39,0.12,5.4,0.69,1.2,0.03,0.65,1.94,True,Medium,Facility D,False,True,1.0,Resell
CON-105350,Tote,Plastic,6.43,34,100,Low,Minor Damage,65.6,None,False,2.11,21.16,16.85,1.32,6.61,3.77,2.41,0.13,6.69,20.06,True,Low,Hub B,False,True,1.0,Resell
CON-105351,Tote,Plastic,6.41,41,69,Low,Safe,59.84,Hazardous,False,1.69,18.92,0.0,0.0,39.62,3.77,2.4,0.13,6.67,20.01,False,High,Depot C,True,True,1.0,Dispose
CON-105352,Crate,Plastic,6.9,1,0,None,Safe,,None,False,0.0,15.87,78.96,1.29,6.72,3.83,2.52,0.14,7.18,21.53,True,Low,Hub B,False,True,1.0,Resell
CON-105353,Pallet,Plastic,6.48,15,12,Low,Safe,79.28,None,False,2.04,11.81,39.89,1.27,6.62,3.78,2.42,0.13,6.74,20.21,True,Low,Warehouse A,False,True,1.0,Resell
CON-105354,Crate,Metal,27.57,11,16,Low,Safe,87.05,None,False,3.78,15.54,63.66,13.64,11.89,6.31,7.69,0.55,60.64,181.93,True,Low,Terminal E,True,True,0.78,Manual_Review
CON-105355,Crate,Metal,33.94,38,121,High,Unsafe,47.01,None,True,43.09,32.05,0.0,17.76,13.49,5.57,9.29,0.68,74.67,224.02,True,High,Terminal E,True,False,1.0,Recycle
CON-105356,Tote,Plastic,6.76,42,63,High,Unsafe,61.68,None,True,21.5,18.05,0.0,1.4,6.69,2.31,2.49,0.14,7.03,21.1,True,High,Facility D,True,True,1.0,Recycle
CON-105357,Tote,Plastic,7.2,9,22,High,Unsafe,92.2,None,True,18.01,9.37,0.0,1.35,6.8,2.36,2.6,0.14,7.48,22.45,True,High,Terminal E,True,True,1.0,Recycle
CON-105358,Tote,Plastic,7.18,12,34,None,Safe,75.28,None,False,0.0,13.11,34.02,1.37,6.79,3.86,2.59,0.14,7.46,22.39,True,Low,Hub B,True,True,1.0,Resell
CON-105359,Drum,Metal,29.37,56,81,None,Safe,78.08,None,False,0.0,29.39,33.67,13.72,12.34,6.52,8.14,0.59,64.61,193.84,True,Low,Hub B,True,True,1.0,Resell
CON-105360,Tote,Plastic,6.97,32,110,High,Unsafe,50.95,None,True,15.44,24.36,0.0,1.39,6.74,2.34,2.54,0.14,7.25,21.74,True,High,Hub B,True,True,1.0,Recycle
CON-105361,Tote,Plastic,5.7,57,36,Low,Safe,91.44,Organic,False,2.15,10.88,13.91,1.05,6.43,3.68,2.23,0.11,5.93,17.79,True,Low,Facility D,True,False,1.0,Resell
CON-105362,Tote,Plastic,6.58,14,18,Low,Minor Damage,91.31,None,False,1.8,9.1,32.2,1.28,6.65,3.79,2.45,0.13,6.85,20.54,True,Low,Terminal E,True,False,1.0,Resell
CON-105363,Tote,Plastic,5.05,41,52,Low,Minor Damage,74.99,None,False,1.97,14.95,19.55,1.09,6.26,3.61,2.06,0.1,5.26,15.77,True,Low,Facility D,True,True,1.0,Resell
CON-105364,Crate,Wood,16.99,12,16,None,Safe,67.65,None,False,0.0,18.45,71.11,0.0,9.25,5.04,5.05,0.34,2.72,8.15,False,Low,Warehouse A,True,True,0.58,Manual_Review
CON-105365,Box,Cardboard,1.4,9,27,None,Safe,84.86,Organic,False,0.0,7.22,11.81,0.12,5.35,3.17,1.15,0.03,0.56,1.69,True,Low,Terminal E,False,True,1.0,Resell
CON-105366,Tote,Plastic,6.91,45,90,High,Moderate Damage,69.28,None,True,14.67,19.61,15.56,1.43,6.73,2.33,2.53,0.14,7.18,21.55,True,Medium,Hub B,True,True,1.0,Resell
CON-105367,Pallet,Wood,18.37,26,62,Low,Minor Damage,61.38,None,False,2.84,19.49,32.25,0.0,9.59,5.2,5.39,0.37,2.94,8.82,False,Low,Facility D,True,True,1.0,Resell
CON-105368,Tote,Plastic,6.67,9,7,Medium,Minor Damage,78.04,None,True,6.41,9.99,34.01,1.36,6.67,1.3,2.47,0.13,6.94,20.82,True,Medium,Facility D,True,True,1.0,Resell
CON-105369,Tote,Plastic,5.01,13,14,None,Safe,93.3,None,False,0.0,8.4,33.06,0.94,6.25,3.6,2.05,0.1,5.21,15.63,True,Low,Terminal E,True,True,1.0,Resell
CON-105370,Crate,Wood,18.69,33,83,Low,Minor Damage,66.28,None,False,4.45,25.36,43.19,0.0,9.67,5.24,5.47,0.37,2.99,8.97,False,Low,Terminal E,False,True,1.0,Resell
CON-105371,Crate,Wood,22.96,4,13,None,Safe,96.9,None,False,0.0,13.77,71.52,0.0,10.74,5.76,6.54,0.46,3.67,11.02,False,Low,Terminal E,True,True,1.0,Resell
CON-105372,Crate,Plastic,4.94,55,165,Medium,Minor Damage,55.81,None,True,18.46,35.13,9.81,1.02,6.23,1.09,2.03,0.1,5.13,15.4,True,Medium,Terminal E,True,True,1.0,Resell
CON-105373,Pallet,Plastic,4.96,24,18,Medium,Moderate Damage,93.79,Organic,True,10.6,10.23,39.29,1.07,6.24,1.1,2.04,0.1,5.16,15.48,True,Medium,Hub B,False,True,1.0,Resell
CON-105374,Pallet,Plastic,6.6,6,6,Low,Safe,92.55,None,False,2.59,9.22,50.4,1.32,6.65,3.79,2.45,0.13,6.86,20.59,True,Low,Facility D,True,True,1.0,Resell
CON-105375,Pallet,Wood,19.74,42,107,Medium,Minor Damage,49.65,None,True,11.25,25.75,19.54,0.0,9.93,2.87,5.73,0.39,3.16,9.47,False,Medium,Facility D,False,True,1.0,Resell
CON-105376,Drum,Plastic,5.49,43,37,Low,Safe,65.21,None,False,5.97,26.92,54.02,1.04,6.37,3.66,2.17,0.11,5.71,17.14,True,Low,Depot C,True,True,1.0,Resell
CON-105377,Tote,Plastic,5.08,33,89,Low,Safe,71.78,None,False,2.4,19.13,18.21,1.09,6.27,3.61,2.07,0.1,5.28,15.85,True,Low,Hub B,False,True,1.0,Resell
CON-105378,Tote,Plastic,5.75,46,91,Low,Minor Damage,60.32,None,False,1.89,21.05,13.87,1.11,6.44,3.69,2.24,0.11,5.98,17.94,True,Low,Warehouse A,True,True,1.0,Resell
CON-105379,Tote,Plastic,6.32,43,22,None,Safe,73.34,None,False,0.0,12.2,23.14,1.16,6.58,3.76,2.38,0.13,6.57,19.72,True,Low,Depot C,True,True,1.0,Resell
CON-105380,Box,Plastic,5.82,55,88,None,Safe,57.1,None,False,0.0,17.49,3.98,1.2,6.45,3.7,2.25,0.12,6.05,18.14,True,Low,Hub B,True,True,1.0,Resell
CON-105381,Pallet,Plastic,6.35,45,123,High,Unsafe,52.16,None,True,20.9,26.98,0.0,1.29,6.59,2.26,2.39,0.13,6.61,19.82,True,High,Terminal E,False,True,1.0,Recycle
CON-105382,Crate,Wood,16.29,34,73,High,Unsafe,73.56,None,True,29.55,23.27,0.0,0.0,9.07,3.45,4.87,0.33,2.61,7.82,False,High,Terminal E,False,True,1.0,Dispose
CON-105383,Box,Cardboard,1.69,58,193,High,Unsafe,35.26,None,True,7.14,31.26,0.0,0.15,5.42,1.7,1.22,0.03,0.68,2.03,True,High,Depot C,True,True,1.0,Recycle
CON-105384,Tote,Plastic,6.12,55,123,Medium,Moderate Damage,50.82,None,True,8.38,25.68,8.83,1.13,6.53,1.23,2.33,0.12,6.37,19.1,True,Medium,Facility D,True,True,1.0,Resell
CON-105385,Tote,Plastic,6.33,36,94,Medium,Moderate Damage,70.85,None,True,6.73,19.77,18.69,1.34,6.58,1.26,2.38,0.13,6.58,19.74,True,Medium,Terminal E,True,True,1.0,Resell
CON-105386,Box,Cardboard,1.36,43,22,Low,Safe,90.42,None,False,0.89,5.89,7.87,0.12,5.34,3.16,1.14,0.03,0.54,1.63,True,Low,Depot C,False,True,1.0,Resell
CON-105387,Box,Plastic,5.84,59,178,Medium,Minor Damage,36.19,None,True,3.28,29.62,1.39,1.07,6.46,1.2,2.26,0.12,6.08,18.23,True,Medium,Terminal E,True,False,1.0,Resell
CON-105388,Tote,Plastic,6.87,44,125,Medium,Minor Damage,50.0,None,True,9.22,26.0,12.44,1.3,6.72,1.32,2.52,0.14,7.14,21.43,True,Medium,Warehouse A,True,True,1.0,Resell
CON-105389,Drum,Plastic,6.12,28,21,Medium,Moderate Damage,77.35,None,True,22.08,23.5,73.67,1.14,6.53,1.23,2.33,0.12,6.36,19.08,True,Medium,Terminal E,False,True,1.0,Resell
CON-105390,Box,Plastic,5.25,59,46,High,Moderate Damage,85.1,None,True,7.77,9.08,5.11,0.95,6.31,2.13,2.11,0.11,5.46,16.38,True,Medium,Terminal E,True,True,1.0,Resell
CON-105391,Box,Plastic,5.34,45,69,High,Unsafe,82.52,None,True,6.59,11.77,0.0,1.15,6.34,2.14,2.14,0.11,5.56,16.67,True,High,Facility D,False,True,1.0,Recycle
CON-105392,Box,Plastic,7.13,21,46,Medium,Minor Damage,62.03,None,True,2.95,12.55,10.18,1.5,6.78,1.36,2.58,0.14,7.42,22.25,True,Medium,Hub B,True,False,1.0,Resell
CON-105393,Pallet,Plastic,5.17,37,57,Low,Minor Damage,85.4,None,False,2.6,15.39,26.94,1.1,6.29,3.62,2.09,0.1,5.38,16.14,True,Low,Hub B,False,True,0.62,Manual_Review
CON-105394,Box,Cardboard,1.75,11,21,Medium,Minor Damage,83.89,None,True,2.89,6.77,12.15,0.15,5.44,0.71,1.24,0.03,0.7,2.1,True,Medium,Facility D,False,True,1.0,Resell
CON-105395,Crate,Wood,22.51,12,12,Medium,Moderate Damage,73.13,None,True,14.06,17.23,65.88,0.0,10.63,3.2,6.43,0.45,3.6,10.81,False,Medium,Depot C,True,True,1.0,Resell
CON-105396,Box,Cardboard,1.39,28,82,High,Moderate Damage,68.89,None,True,6.93,15.12,8.4,0.11,5.35,1.67,1.15,0.03,0.56,1.67,True,Medium,Depot C,True,False,1.0,Resell
CON-105397,Crate,Plastic,6.24,46,117,Low,Minor Damage,47.88,None,False,3.33,31.52,24.83,1.2,6.56,3.75,2.36,0.12,6.49,19.46,True,Low,Depot C,True,True,1.0,Resell
CON-105398,Pallet,Plastic,6.32,42,133,Medium,Minor Damage,50.52,None,True,9.95,28.22,16.71,1.17,6.58,1.26,2.38,0.13,6.58,19.73,True,Medium,Depot C,True,True,1.0,Resell
CON-105399,Crate,Plastic,6.94,35,33,Medium,Moderate Damage,65.09,None,True,13.98,20.54,46.33,1.32,6.73,1.33,2.53,0.14,7.22,21.65,True,Medium,Facility D,True,False,1.0,Resell
CON-105400,Box,Plastic,7.04,19,39,None,Safe,91.86,None,False,0.0,7.37,9.93,1.41,6.76,3.84,2.56,0.14,7.32,21.96,True,Low,Terminal E,False,True,1.0,Resell
CON-105401,Tote,Plastic,6.14,54,61,None,Safe,86.87,Chemical,False,0.0,14.07,13.73,1.22,16.34,3.74,2.34,0.12,6.39,19.17,True,Medium,Hub B,True,True,1.0,Resell
CON-105402,Pallet,Plastic,5.99,53,49,Critical,Unsafe,69.87,None,True,43.21,16.92,0.0,1.16,6.5,3.72,2.3,0.12,6.22,18.67,True,High,Warehouse A,True,True,1.0,Recycle
CON-105403,Box,Plastic,5.59,51,87,Low,Minor Damage,66.43,None,False,0.78,15.99,4.63,1.06,6.4,3.67,2.2,0.11,5.81,17.44,True,Low,Warehouse A,True,True,1.0,Resell
CON-105404,Pallet,Wood,22.43,33,81,High,Moderate Damage,71.45,None,True,21.02,19.88,23.24,0.0,10.61,4.19,6.41,0.45,3.59,10.77,False,Medium,Warehouse A,False,False,1.0,Resell
CON-105405,Box,Cardboard,1.22,24,39,Low,Minor Damage,89.75,None,False,0.72,7.69,10.34,0.1,5.3,3.15,1.1,0.02,0.49,1.46,True,Low,Facility D,True,False,1.0,Resell
CON-105406,Drum,Plastic,6.97,35,94,None,Safe,51.3,None,False,0.0,34.71,50.97,1.41,6.74,3.84,2.54,0.14,7.25,21.75,True,Low,Hub B,True,True,1.0,Resell
CON-105407,Drum,Metal,33.76,60,57,Medium,Minor Damage,72.57,None,True,23.14,27.81,32.32,15.53,13.44,4.55,9.24,0.68,74.27,222.81,True,Medium,Facility D,True,True,1.0,Resell
CON-105408,Drum,Metal,35.73,5,15,Medium,Minor Damage,95.24,None,True,27.17,20.21,105.86,17.53,13.93,4.79,9.73,0.71,78.6,235.79,True,Medium,Warehouse A,True,True,1.0,Resell
CON-105409,Tote,Plastic,5.95,42,28,None,Safe,78.09,None,False,0.0,12.09,22.56,1.31,6.49,3.71,2.29,0.12,6.19,18.56,True,Low,Facility D,False,True,1.0,Resell
CON-105410,Drum,Metal,34.23,1,0,Low,Minor Damage,73.01,None,False,6.06,22.05,116.92,18.11,13.56,7.11,9.36,0.68,75.3,225.9,True,Low,Hub B,False,True,1.0,Resell
CON-105411,Tote,Plastic,5.84,12,26,High,Moderate Damage,88.7,None,True,14.88,10.3,36.02,1.09,6.46,2.2,2.26,0.12,6.08,18.23,True,Medium,Hub B,True,True,1.0,Resell
CON-105412,Drum,Metal,33.02,22,14,Low,Safe,93.29,None,False,6.82,20.41,96.83,15.77,13.26,6.96,9.06,0.66,72.65,217.95,True,Low,Hub B,True,True,1.0,Resell
CON-105413,Box,Plastic,5.47,33,113,None,Safe,69.05,Organic,False,0.0,18.19,7.15,1.2,6.37,3.66,2.17,0.11,5.69,17.07,True,Low,Hub B,True,True,1.0,Resell
CON-105414,Box,Cardboard,1.27,46,89,High,Unsafe,59.95,None,True,5.87,17.16,0.0,0.11,5.32,1.65,1.12,0.03,0.51,1.52,True,High,Warehouse A,True,False,1.0,Recycle
CON-105415,Tote,Plastic,6.38,24,69,Low,Safe,72.29,None,False,2.03,17.06,23.8,1.35,6.59,3.77,2.39,0.13,6.63,19.89,True,Low,Terminal E,False,True,1.0,Resell
CON-105416,Tote,Plastic,5.95,27,94,Low,Safe,62.4,None,False,1.65,21.04,22.1,1.16,6.49,3.71,2.29,0.12,6.19,18.57,True,Low,Hub B,True,False,1.0,Resell
CON-105417,Box,Cardboard,1.79,37,88,Medium,Minor Damage,52.65,Chemical,True,2.88,18.15,7.1,0.15,13.62,0.72,1.25,0.04,0.72,2.15,True,Medium,Depot C,True,True,1.0,Resell
CON-105418,Pallet,Wood,21.37,14,48,Low,Minor Damage,78.61,Organic,False,2.44,15.51,37.58,0.0,10.34,5.56,6.14,0.43,3.42,10.26,False,Low,Terminal E,True,True,1.0,Resell
CON-105419,Box,Cardboard,1.34,2,2,Low,Safe,78.51,None,False,0.7,5.67,15.62,0.1,5.34,3.16,1.14,0.03,0.54,1.61,True,Low,Facility D,True,True,1.0,Resell
CON-105420,Pallet,Wood,19.64,54,85,High,Unsafe,70.75,None,True,26.97,20.39,0.0,0.0,9.91,3.86,5.71,0.39,3.14,9.43,False,High,Terminal E,False,True,1.0,Dispose
CON-105421,Pallet,Wood,20.71,8,18,Medium,Moderate Damage,75.64,None,True,8.94,12.95,47.74,0.0,10.18,2.98,5.98,0.41,3.31,9.94,False,Medium,Depot C,True,True,1.0,Resell
CON-105422,Box,Cardboard,1.35,15,52,None,Safe,86.07,Organic,False,0.0,9.54,10.57,0.11,5.34,3.16,1.14,0.03,0.54,1.62,True,Low,Facility D,True,True,1.0,Resell
CON-105423,Drum,Metal,35.24,42,31,Low,Minor Damage,69.72,Organic,False,6.91,25.64,56.77,18.16,13.81,7.23,9.61,0.7,77.53,232.59,True,Low,Terminal E,True,True,1.0,Resell
CON-105424,Crate,Plastic,5.97,44,43,High,Moderate Damage,62.26,None,True,30.7,21.96,40.28,1.3,6.49,2.22,2.29,0.12,6.21,18.63,True,Medium,Facility D,True,True,1.0,Resell
CON-105425,Drum,Metal,26.31,55,84,Medium,Moderate Damage,58.85,None,True,23.22,32.57,34.23,13.0,11.58,3.66,7.38,0.53,57.87,173.62,True,Medium,Warehouse A,True,True,1.0,Resell
CON-105426,Tote,Plastic,6.82,6,20,Low,Minor Damage,69.1,None,False,1.61,12.63,36.7,1.37,6.71,3.82,2.51,0.14,7.1,21.29,True,Low,Facility D,True,True,1.0,Resell
CON-105427,Tote,Plastic,6.14,56,179,Medium,Minor Damage,59.18,None,True,7.2,30.02,3.86,1.17,6.53,1.24,2.33,0.12,6.38,19.15,True,Medium,Warehouse A,True,True,1.0,Resell
CON-105428,Pallet,Wood,16.57,2,4,Medium,Minor Damage,94.74,None,True,11.81,8.69,48.87,0.0,9.14,2.49,4.94,0.33,2.65,7.95,False,Medium,Hub B,False,True,1.0,Resell
CON-105429,Tote,Plastic,7.02,60,105,High,Moderate Damage,74.54,None,True,21.4,20.32,7.14,1.45,6.76,2.34,2.56,0.14,7.3,21.91,True,Medium,Warehouse A,True,True,1.0,Resell
CON-105430,Crate,Wood,16.96,18,9,High,Unsafe,73.02,None,True,30.15,16.95,0.0,0.0,9.24,3.54,5.04,0.34,2.71,8.14,False,High,Depot C,False,True,0.61,Manual_Review
CON-105431,Tote,Plastic,5.4,45,81,None,Safe,64.72,None,False,0.0,19.39,16.96,1.1,6.35,3.65,2.15,0.11,5.62,16.85,True,Low,Hub B,False,True,1.0,Resell
CON-105432,Box,Plastic,6.95,3,7,,Safe,98.11,Chemical,False,0.0,3.23,14.73,1.3,16.85,3.83,2.54,0.14,7.23,21.7,True,Medium,Facility D,True,True,1.0,Resell
CON-105433,Tote,Plastic,5.19,48,153,None,Safe,52.1,None,False,0.0,28.49,8.03,1.12,6.3,3.62,2.1,0.1,5.39,16.18,True,Low,Depot C,True,True,1.0,Resell
CON-105434,Pallet,Plastic,6.1,49,114,Medium,Moderate Damage,64.71,None,True,10.59,24.19,13.25,1.2,6.53,1.23,2.33,0.12,6.35,19.04,True,Medium,Depot C,True,True,1.0,Resell
CON-105435,Pallet,Wood,23.77,39,25,None,Safe,65.86,None,False,0.0,15.12,29.91,0.0,10.94,5.85,6.74,0.48,3.8,11.41,False,Low,Depot C,True,True,1.0,Resell
CON-105436,Crate,Plastic,5.08,54,169,High,Moderate Damage,53.12,None,True,29.84,35.93,10.61,0.95,6.27,2.11,2.07,0.1,5.29,15.86,True,Medium,Depot C,True,True,1.0,Resell
CON-105437,Tote,Plastic,6.23,30,34,High,Moderate Damage,63.99,None,True,18.83,14.8,25.97,1.21,6.56,2.25,2.36,0.12,6.48,19.45,True,Medium,Warehouse A,True,True,1.0,Resell
CON-105438,Box,Plastic,5.2,44,86,Medium,Minor Damage,63.45,None,True,3.27,16.33,6.13,0.99,6.3,1.12,2.1,0.1,5.41,16.22,True,Medium,Terminal E,False,True,1.0,Resell
CON-105439,Tote,Plastic,5.5,3,1,None,Safe,75.3,Chemical,False,0.0,9.81,34.92,1.02,15.94,3.66,2.17,0.11,5.72,17.15,True,Medium,Facility D,False,False,1.0,Resell
CON-105440,Tote,Plastic,5.05,31,84,Low,Safe,57.88,None,False,2.17,20.72,20.83,1.01,6.26,3.61,2.06,0.1,5.25,15.74,True,Low,Warehouse A,True,False,1.0,Resell
CON-105441,Box,Cardboard,1.21,3,3,None,Safe,74.16,None,False,0.0,6.43,13.33,0.1,5.3,3.14,1.1,0.02,0.48,1.45,True,Low,Warehouse A,True,False,1.0,Resell
CON-105442,Box,Cardboard,1.71,35,106,Medium,Moderate Damage,63.45,None,True,3.47,18.33,6.35,0.13,5.43,0.71,1.23,0.03,0.68,2.05,True,Medium,Terminal E,True,True,1.0,Resell
CON-105443,Box,Plastic,5.22,19,58,None,Safe,60.73,None,False,0.0,13.94,11.24,1.02,6.31,3.63,2.11,0.1,5.43,16.3,True,Low,Hub B,False,True,1.0,Resell
CON-105444,Box,Plastic,6.39,11,37,Medium,Minor Damage,65.0,None,True,2.46,11.2,12.84,1.29,6.6,1.27,2.4,0.13,6.65,19.94,True,Medium,Hub B,True,False,1.0,Resell
CON-105445,Crate,Metal,34.98,22,31,,Moderate Damage,87.37,None,True,13.76,16.99,54.75,16.76,13.75,4.7,9.55,0.7,76.96,230.87,True,Medium,Facility D,False,True,1.0,Resell
CON-105446,Crate,Metal,27.2,12,38,Medium,Minor Damage,91.96,None,True,14.23,17.01,67.48,14.92,11.8,3.76,7.6,0.54,59.85,179.54,True,Medium,Warehouse A,True,True,1.0,Resell
CON-105447,Box,Plastic,5.9,3,3,Low,Safe,99.07,None,False,0.88,2.69,13.8,1.28,6.48,3.71,2.28,0.12,6.14,18.41,True,Low,Terminal E,True,True,1.0,Resell
CON-105448,Box,Plastic,5.44,12,13,None,,82.4,None,False,0.0,6.19,11.72,1.01,6.36,3.65,2.16,0.11,5.66,16.97,True,Low,Terminal E,True,True,1.0,Resell
CON-105449,Pallet,Wood,18.9,43,57,None,Safe,71.59,None,False,0.0,17.46,24.52,0.0,9.72,5.27,5.52,0.38,3.02,9.07,False,Low,Warehouse A,True,True,1.0,Resell
CON-105450,Tote,Plastic,6.52,43,137,Medium,Moderate Damage,68.11,None,True,7.64,24.48,12.35,1.25,6.63,1.28,2.43,0.13,6.78,20.35,True,Medium,Warehouse A,True,True,1.0,Resell
CON-105451,Drum,Metal,33.7,13,39,Medium,Minor Damage,84.39,None,True,25.57,24.24,97.57,17.1,13.43,4.54,9.23,0.67,74.14,222.43,True,Medium,Facility D,True,False,1.0,Resell
CON-105452,Tote,Plastic,6.91,18,48,Low,Safe,80.35,None,False,2.22,13.75,27.92,1.35,6.73,3.83,2.53,0.14,7.18,21.54,True,Low,Hub B,True,False,1.0,Resell
CON-105453,Drum,Metal,29.15,54,95,Medium,Minor Damage,64.25,None,True,22.07,32.86,34.21,15.64,12.29,4.0,8.09,0.58,64.13,192.4,True,Medium,Facility D,True,True,1.0,Resell
CON-105454,Tote,Plastic,6.44,11,22,Medium,Moderate Damage,67.41,None,True,7.03,13.09,31.93,1.34,6.61,1.27,2.41,0.13,6.7,20.1,True,Medium,Terminal E,True,True,1.0,Resell
CON-105455,Tote,Plastic,5.54,42,71,None,Safe,75.11,None,False,0.0,16.83,17.01,1.16,6.38,3.66,2.18,0.11,5.76,17.27,True,Low,Terminal E,True,True,1.0,Resell
CON-105456,Pallet,Plastic,6.73,5,17,None,Safe,94.39,Organic,False,0.0,10.04,44.48,1.25,6.68,3.81,2.48,0.13,7.0,20.99,True,Low,Depot C,True,True,1.0,Resell
CON-105457,Crate,Wood,22.16,5,11,Medium,Minor Damage,69.91,None,True,13.62,17.61,76.17,0.0,10.54,3.16,6.34,0.44,3.55,10.64,False,Medium,Terminal E,False,True,1.0,Resell
CON-105458,Pallet,Plastic,6.36,20,21,None,Safe,73.68,None,False,0.0,13.55,34.13,1.17,6.59,3.76,2.39,0.13,6.62,19.85,True,Low,Depot C,False,True,1.0,Resell
CON-105459,Box,Plastic,5.51,22,70,Medium,Moderate Damage,76.87,None,True,3.53,12.72,10.25,1.08,6.38,1.16,2.18,0.11,5.74,17.21,True,Medium,Depot C,True,False,1.0,Resell
CON-105460,Box,Cardboard,1.72,13,7,Medium,Minor Damage,88.2,None,True,2.47,4.72,12.78,0.13,5.43,0.71,1.23,0.03,0.69,2.06,True,Medium,Terminal E,False,True,1.0,Resell
CON-105461,Pallet,Wood,16.71,49,110,Medium,Minor Damage,50.74,None,True,9.82,25.89,15.79,0.0,9.18,2.5,4.98,0.33,2.67,8.02,False,Medium,Warehouse A,True,True,1.0,Resell
CON-105462,Drum,Metal,29.21,10,21,Medium,Moderate Damage,77.22,None,True,26.51,23.52,104.14,14.85,12.3,4.01,8.1,0.58,64.26,192.78,True,Medium,Depot C,False,True,1.0,Resell
CON-105463,Crate,Plastic,6.36,46,104,High,Moderate Damage,69.29,None,True,32.63,27.01,27.9,1.27,6.59,2.26,2.39,0.13,6.61,19.84,True,Medium,Depot C,True,False,1.0,Resell
CON-105464,Box,Plastic,5.27,41,104,High,Unsafe,71.51,Organic,True,7.46,16.92,0.0,1.03,6.32,2.13,2.12,0.11,5.48,16.45,True,High,Hub B,True,True,1.0,Recycle
CON-105465,Box,Cardboard,1.38,23,65,High,Moderate Damage,60.99,None,True,7.44,14.6,8.72,0.1,5.35,1.67,1.15,0.03,0.55,1.66,True,Medium,Warehouse A,False,False,1.0,Resell
CON-105466,Tote,Plastic,4.96,19,43,None,Safe,70.73,None,False,0.0,14.69,28.45,0.97,6.24,3.6,2.04,0.1,5.16,15.48,True,Low,Depot C,True,True,1.0,Resell
CON-105467,Pallet,Wood,22.98,51,35,Low,Safe,81.54,None,False,2.63,13.77,22.56,0.0,10.74,5.76,6.54,0.46,3.68,11.03,False,Low,Facility D,True,True,1.0,Resell
CON-105468,Box,Cardboard,1.29,1,2,High,Moderate Damage,79.73,None,True,7.08,5.49,13.37,0.1,5.32,1.65,1.12,0.03,0.52,1.55,True,Medium,Depot C,True,True,1.0,Resell
CON-105469,Tote,Plastic,6.66,45,97,None,Safe,76.33,None,False,0.0,19.25,12.91,1.36,6.67,3.8,2.47,0.13,6.93,20.78,True,Low,Warehouse A,True,True,1.0,Resell
CON-105470,Pallet,Wood,19.17,45,41,Low,Minor Damage,77.1,None,False,2.18,15.03,25.67,0.0,9.79,5.3,5.59,0.38,3.07,9.2,False,Low,Hub B,True,True,1.0,Resell
CON-105471,Pallet,Wood,23.04,39,135,Medium,Moderate Damage,48.17,None,True,8.01,28.77,18.31,0.0,10.76,3.26,6.56,0.46,3.69,11.06,False,Medium,Hub B,True,True,1.0,Resell
CON-105472,Tote,Plastic,6.17,18,38,None,Safe,91.57,None,False,0.0,11.06,31.51,1.2,6.54,3.74,2.34,0.12,6.42,19.27,True,Low,Facility D,True,True,1.0,Resell
CON-105473,Tote,Plastic,5.39,44,85,None,Safe,70.54,Organic,False,0.0,18.92,16.79,1.07,6.35,3.65,2.15,0.11,5.61,16.83,True,Low,Warehouse A,True,True,1.0,Resell
CON-105474,Pallet,Plastic,6.83,18,21,None,,74.97,Hazardous,False,0.0,13.35,0.0,0.0,40.24,3.82,2.51,0.14,7.1,21.31,False,High,Depot C,True,True,1.0,Dispose
CON-105475,Box,Plastic,4.99,53,57,Low,Minor Damage,80.05,None,False,0.77,10.94,4.91,0.92,6.25,3.6,2.05,0.1,5.19,15.58,True,Low,Facility D,True,True,1.0,Resell
CON-105476,Pallet,Plastic,7.01,52,90,Low,Safe,53.09,None,False,2.17,23.54,14.68,1.33,6.75,3.84,2.55,0.14,7.29,21.87,True,Low,Hub B,False,False,1.0,Resell
CON-105477,Pallet,Plastic,5.94,31,52,High,Moderate Damage,78.94,Organic,True,18.1,15.86,28.46,1.19,6.49,2.21,2.29,0.12,6.18,18.55,True,Medium,Terminal E,True,True,0.84,Resell
CON-105478,Tote,Plastic,5.32,59,109,Medium,Minor Damage,76.78,None,True,7.92,20.38,8.22,1.16,6.33,1.14,2.13,0.11,5.53,16.59,True,Medium,Facility D,True,True,1.0,Resell
CON-105479,Tote,Plastic,6.94,5,12,Low,Safe,85.43,Organic,False,1.88,9.38,37.94,1.51,6.74,3.83,2.54,0.14,7.22,21.66,True,Low,Terminal E,True,True,1.0,Resell
CON-105480,Crate,Wood,16.21,12,38,None,Safe,91.28,None,False,0.0,17.11,67.35,0.0,9.05,4.95,4.85,0.32,2.59,7.78,False,Low,Facility D,True,True,1.0,Resell
CON-105481,Pallet,Wood,23.85,57,77,Medium,Minor Damage,65.09,None,True,11.09,20.44,14.56,0.0,10.96,3.36,6.76,0.48,3.82,11.45,False,Medium,Warehouse A,True,True,1.0,Resell
CON-105482,Crate,Metal,27.54,17,44,Medium,Minor Damage,87.6,None,True,14.48,18.26,55.52,14.3,11.88,3.8,7.68,0.55,60.58,181.74,True,Medium,Terminal E,True,True,1.0,Resell
CON-105483,Tote,Plastic,5.51,30,85,None,Safe,77.91,None,False,0.0,17.81,20.89,1.07,6.38,3.66,2.18,0.11,5.73,17.18,True,Low,Terminal E,True,True,1.0,Resell
CON-105484,Drum,Metal,25.39,56,99,Medium,Moderate Damage,61.47,None,True,19.64,33.68,28.18,12.11,11.35,3.55,7.15,0.51,55.85,167.56,True,Medium,Hub B,True,False,1.0,Resell
CON-105485,Drum,Metal,35.28,51,124,Medium,Moderate Damage,56.57,Chemical,True,28.8,36.91,26.43,18.97,34.55,4.73,9.62,0.71,77.61,232.83,True,Medium,Terminal E,False,True,1.0,Resell
CON-105486,Pallet,Plastic,5.32,8,22,None,Safe,68.54,None,False,0.0,14.42,44.5,1.1,6.33,3.64,2.13,0.11,5.53,16.6,True,Low,Warehouse A,False,False,1.0,Resell
CON-105487,Tote,Plastic,6.18,56,70,Medium,Moderate Damage,67.43,None,True,7.6,17.89,12.88,1.29,6.55,1.24,2.35,0.12,6.43,19.28,True,Medium,Facility D,True,False,1.0,Resell
CON-105488,Box,Cardboard,1.55,33,85,High,Unsafe,75.97,None,True,5.66,14.35,0.0,0.13,5.39,1.69,1.19,0.03,0.62,1.86,True,High,Depot C,True,True,1.0,Recycle
CON-105489,Box,Plastic,6.46,18,57,Medium,Moderate Damage,87.64,None,True,2.51,9.8,10.98,1.36,6.62,1.28,2.42,0.13,6.72,20.16,True,Medium,Facility D,True,True,1.0,Resell
CON-105490,Drum,Plastic,7.04,26,52,Medium,Moderate Damage,73.14,None,True,23.9,27.23,73.19,1.53,6.76,1.34,2.56,0.14,7.32,21.95,True,Medium,Terminal E,True,True,1.0,Resell
CON-105491,Pallet,Plastic,6.18,44,93,High,Moderate Damage,64.04,None,True,18.81,22.19,20.03,1.27,6.55,2.24,2.35,0.12,6.43,19.29,True,Medium,Warehouse A,True,True,1.0,Resell
CON-105492,Crate,Plastic,5.7,25,20,None,Safe,67.48,None,False,0.0,18.88,56.51,1.21,6.43,3.68,2.23,0.11,5.93,17.79,True,Low,Terminal E,True,False,1.0,Resell
CON-105493,Crate,Metal,25.11,43,53,None,Safe,60.77,None,False,0.0,23.19,37.79,12.19,11.28,6.01,7.08,0.5,55.24,165.72,True,Low,Depot C,True,True,1.0,Resell
CON-105494,Pallet,Wood,18.47,57,47,Medium,Minor Damage,66.0,None,True,9.67,17.3,17.43,0.0,9.62,2.72,5.42,0.37,2.96,8.87,False,Medium,Facility D,True,True,1.0,Resell
CON-105495,Tote,Plastic,4.86,26,64,Medium,Moderate Damage,85.85,None,True,9.05,14.52,24.86,0.96,6.21,1.08,2.01,0.1,5.05,15.16,True,Medium,Facility D,True,True,1.0,Resell
CON-105496,Box,Cardboard,1.34,55,116,High,Unsafe,62.53,None,True,7.66,19.47,0.0,0.1,5.33,1.66,1.13,0.03,0.53,1.6,True,High,Depot C,True,True,1.0,Recycle
CON-105497,Pallet,Plastic,6.48,14,45,Medium,Minor Damage,74.93,None,True,9.85,15.76,40.56,1.35,6.62,1.28,2.42,0.13,6.74,20.21,True,Medium,Warehouse A,False,True,1.0,Resell
CON-105498,Box,Plastic,5.42,22,37,High,Moderate Damage,67.23,None,True,5.56,10.87,10.9,1.08,6.35,2.15,2.15,0.11,5.64,16.91,True,Medium,Facility D,True,False,1.0,Resell
CON-105499,Box,Cardboard,1.63,40,118,Medium,Minor Damage,64.85,None,True,3.5,19.32,5.11,0.14,5.41,0.7,1.21,0.03,0.65,1.95,True,Medium,Terminal E,True,True,1.0,Resell
